Lower layer Super Output Areas Code,Resident Population Count
E01000027 ,"2,082"
E01000028 ,"1,817"
E01000029 ,"1,819"
E01000030 ,"2,563"
E01000031 ,"1,770"
E01000032 ,"2,078"
E01000110 ,"1,573"
E01000111 ,"2,155"
E01000112 ,"1,971"
E01000113 ,"1,993"
E01000034 ,"1,575"
E01000037 ,"1,696"
E01000038 ,"1,616"
E01000039 ,"1,752"
E01000063 ,"1,778"
E01000100 ,"1,942"
E01000101 ,"1,699"
E01000114 ,"2,419"
E01034469 ,"1,745"
E01034470 ,"1,499"
E01000033 ,"1,543"
E01000060 ,"2,180"
E01000061 ,"1,925"
E01000062 ,"2,218"
E01000064 ,"2,296"
E01000065 ,"1,982"
E01000078 ,"1,899"
E01000080 ,"1,777"
E01000081 ,"1,976"
E01000082 ,"1,913"
E01000083 ,"1,919"
E01000102 ,"1,784"
E01000021 ,"1,693"
E01000022 ,"1,477"
E01000024 ,"1,485"
E01000025 ,"1,920"
E01000077 ,"1,719"
E01034471 ,"2,686"
E01034472 ,"1,884"
E01000015 ,"2,418"
E01000016 ,"1,851"
E01000017 ,"1,722"
E01000018 ,"1,776"
E01000079 ,"1,716"
E01000035 ,"1,859"
E01000036 ,"1,470"
E01000107 ,"1,786"
E01000108 ,"1,915"
E01000066 ,"2,499"
E01000067 ,"2,237"
E01000069 ,"2,096"
E01000070 ,"2,073"
E01000071 ,"2,607"
E01000057 ,"1,550"
E01000073 ,"1,848"
E01000074 ,"1,759"
E01000075 ,"2,080"
E01000076 ,"2,161"
E01000013 ,"1,871"
E01000014 ,"1,751"
E01000059 ,"1,710"
E01000084 ,"1,438"
E01000085 ,"1,646"
E01000086 ,"1,449"
E01000103 ,"1,773"
E01000104 ,"1,915"
E01000105 ,"2,332"
E01000106 ,"2,207"
E01000007 ,"2,908"
E01000008 ,"1,795"
E01000012 ,"2,347"
E01034473 ,"1,266"
E01034474 ,"2,252"
E01000006 ,"1,845"
E01000009 ,"1,804"
E01000011 ,"1,701"
E01000044 ,"1,988"
E01000068 ,"1,795"
E01000041 ,"1,842"
E01000042 ,"1,882"
E01000045 ,"1,723"
E01000046 ,"1,956"
E01000072 ,"2,150"
E01000054 ,"1,871"
E01000055 ,"1,705"
E01000056 ,"1,702"
E01000058 ,"2,135"
E01000095 ,"2,250"
E01000040 ,"1,879"
E01000043 ,"1,537"
E01000050 ,"1,839"
E01000052 ,"2,368"
E01034475 ,"1,829"
E01034476 ,"1,821"
E01034477 ,"1,584"
E01034478 ,"1,198"
E01000053 ,"1,617"
E01000087 ,"1,636"
E01000088 ,"1,975"
E01000089 ,"1,824"
E01000090 ,"1,707"
E01000049 ,"1,973"
E01000051 ,"1,107"
E01033587 ,"2,456"
E01034479 ,"2,205"
E01000091 ,"2,091"
E01000093 ,"1,809"
E01000094 ,"2,461"
E01000096 ,"1,658"
E01000019 ,"1,657"
E01000020 ,"2,191"
E01000097 ,"1,933"
E01000098 ,"1,936"
E01000099 ,"2,778"
E01032580 ,"1,546"
E01000248 ,"1,703"
E01000249 ,"1,613"
E01000250 ,"2,610"
E01000254 ,"1,600"
E01000292 ,"1,545"
E01000293 ,"1,772"
E01000167 ,"1,389"
E01000246 ,"1,520"
E01000247 ,"1,696"
E01000251 ,"2,262"
E01000252 ,"1,715"
E01000166 ,"1,620"
E01000168 ,"1,516"
E01000169 ,"1,631"
E01000172 ,"1,690"
E01000285 ,"1,513"
E01000287 ,"1,631"
E01000288 ,"1,548"
E01000289 ,"1,583"
E01000291 ,"1,561"
E01000294 ,"1,811"
E01000267 ,"1,527"
E01000268 ,"2,075"
E01000269 ,"1,386"
E01000270 ,"1,545"
E01000170 ,"1,906"
E01000171 ,"2,289"
E01000173 ,"1,690"
E01000174 ,"1,759"
E01000175 ,"2,031"
E01000228 ,"1,436"
E01000253 ,"1,984"
E01000279 ,"1,365"
E01000280 ,"1,337"
E01000286 ,"1,715"
E01000290 ,"1,621"
E01000271 ,"1,638"
E01000272 ,"1,426"
E01000273 ,"1,670"
E01000281 ,"1,789"
E01000282 ,"1,808"
E01000115 ,"1,395"
E01000116 ,"1,745"
E01000119 ,"1,793"
E01000120 ,"1,495"
E01000122 ,"1,511"
E01000117 ,"1,736"
E01000118 ,"2,049"
E01000121 ,"1,477"
E01000123 ,"1,762"
E01000124 ,"1,867"
E01000265 ,"1,922"
E01000266 ,"1,436"
E01000274 ,"1,936"
E01000320 ,"1,934"
E01000322 ,"1,859"
E01000275 ,"1,740"
E01000277 ,"1,652"
E01000283 ,"1,371"
E01000284 ,"1,806"
E01000321 ,"1,961"
E01000195 ,"2,019"
E01000229 ,"1,670"
E01000230 ,"1,960"
E01000231 ,"1,787"
E01000232 ,"1,871"
E01000233 ,"1,938"
E01000186 ,"1,771"
E01000187 ,"1,737"
E01000188 ,"1,578"
E01000189 ,"2,469"
E01000190 ,"1,731"
E01000191 ,"1,549"
E01000158 ,"1,464"
E01000159 ,"1,786"
E01000160 ,"1,955"
E01000161 ,"2,034"
E01000162 ,"1,651"
E01000324 ,"1,831"
E01000256 ,"1,928"
E01000258 ,"1,891"
E01000263 ,"1,525"
E01000264 ,"1,823"
E01000255 ,"1,700"
E01000257 ,"2,090"
E01000261 ,"1,768"
E01033911 ,"1,878"
E01033912 ,"1,703"
E01000192 ,"1,997"
E01000193 ,"1,948"
E01000194 ,"1,906"
E01000226 ,"1,735"
E01000227 ,"1,869"
E01000299 ,"2,219"
E01000300 ,"1,667"
E01000302 ,"1,800"
E01000317 ,"1,584"
E01000318 ,"1,926"
E01000323 ,"2,367"
E01000276 ,"1,538"
E01000278 ,"1,476"
E01000301 ,"1,495"
E01000303 ,"1,502"
E01000304 ,"1,557"
E01000130 ,"1,939"
E01000132 ,"1,617"
E01000133 ,"1,645"
E01000234 ,"1,781"
E01000235 ,"1,862"
E01000156 ,"2,026"
E01000157 ,"1,582"
E01000163 ,"1,691"
E01000164 ,"1,712"
E01000165 ,"1,812"
E01000315 ,"1,699"
E01000197 ,"1,851"
E01000295 ,"1,615"
E01000296 ,"1,785"
E01000298 ,"1,711"
E01000127 ,"1,557"
E01000128 ,"2,049"
E01000129 ,"1,604"
E01000131 ,"2,021"
E01000134 ,"1,824"
E01033913 ,"1,529"
E01033914 ,"1,813"
E01000198 ,"2,193"
E01000199 ,"1,580"
E01000204 ,"1,701"
E01000259 ,"2,643"
E01000260 ,"2,166"
E01000126 ,"2,274"
E01000151 ,"1,721"
E01000152 ,"2,693"
E01000153 ,"1,929"
E01000154 ,"1,915"
E01000176 ,"1,722"
E01000178 ,"1,673"
E01000184 ,"1,873"
E01000297 ,"1,421"
E01000316 ,"2,287"
E01000319 ,"1,402"
E01000196 ,"2,124"
E01000200 ,"1,978"
E01000201 ,"1,541"
E01000202 ,"1,673"
E01000203 ,"1,843"
E01000177 ,"1,663"
E01000179 ,"1,789"
E01000180 ,"1,616"
E01000181 ,"1,688"
E01000182 ,"1,619"
E01000185 ,"1,474"
E01000239 ,"2,058"
E01000240 ,"1,734"
E01000241 ,"1,788"
E01000309 ,"2,051"
E01000237 ,"2,100"
E01000242 ,"1,601"
E01000243 ,"2,165"
E01000244 ,"1,638"
E01000245 ,"2,057"
E01000314 ,"2,166"
E01000183 ,"1,522"
E01000206 ,"1,501"
E01000207 ,"1,579"
E01000208 ,"1,629"
E01000210 ,"1,548"
E01000213 ,"1,351"
E01000236 ,"1,952"
E01000238 ,"2,096"
E01000310 ,"2,193"
E01000311 ,"1,771"
E01000205 ,"1,506"
E01000209 ,"1,483"
E01000211 ,"2,128"
E01000212 ,"1,347"
E01000216 ,"1,978"
E01000217 ,"1,785"
E01000150 ,"2,255"
E01000305 ,"1,621"
E01000306 ,"1,971"
E01000308 ,"2,110"
E01000312 ,"1,768"
E01000313 ,"1,901"
E01000145 ,"1,614"
E01000215 ,"2,146"
E01000218 ,"1,844"
E01000219 ,"2,196"
E01000220 ,"1,888"
E01000225 ,"1,870"
E01000135 ,"1,699"
E01000136 ,"1,486"
E01000144 ,"1,660"
E01000146 ,"1,872"
E01000214 ,"1,627"
E01000141 ,"1,864"
E01000221 ,"1,412"
E01000223 ,"2,032"
E01000307 ,"1,653"
E01000138 ,"1,617"
E01000142 ,"2,237"
E01000222 ,"2,038"
E01000224 ,"1,692"
E01000137 ,"1,658"
E01000139 ,"1,388"
E01000140 ,"1,957"
E01000143 ,"1,671"
E01033915 ,"1,486"
E01033916 ,"1,786"
E01033917 ,"1,509"
E01033918 ,"1,554"
E01033919 ,"1,311"
E01033920 ,"1,523"
E01000147 ,"1,913"
E01033921 ,"1,655"
E01033922 ,"1,708"
E01033923 ,"1,561"
E01033924 ,"1,544"
E01033925 ,"1,732"
E01000466 ,"1,713"
E01000467 ,"1,677"
E01000468 ,"2,932"
E01000469 ,"1,738"
E01000416 ,"1,631"
E01000418 ,"1,946"
E01000422 ,"1,338"
E01000464 ,"1,518"
E01000465 ,"1,690"
E01000470 ,"1,307"
E01000333 ,"1,917"
E01000335 ,"2,726"
E01000336 ,"1,998"
E01000337 ,"1,736"
E01000338 ,"1,854"
E01000403 ,"2,403"
E01000404 ,"2,423"
E01000405 ,"1,576"
E01000408 ,"1,774"
E01000332 ,"1,593"
E01000402 ,"1,605"
E01000406 ,"2,144"
E01000407 ,"1,870"
E01000334 ,"1,675"
E01000417 ,"1,739"
E01000419 ,"1,495"
E01000420 ,"1,522"
E01000442 ,"1,679"
E01000437 ,"1,373"
E01000438 ,"1,688"
E01000439 ,"1,424"
E01000440 ,"1,385"
E01000441 ,"1,802"
E01000373 ,"1,325"
E01000429 ,"1,693"
E01000430 ,"2,050"
E01000431 ,"1,199"
E01000433 ,"1,957"
E01000434 ,"1,593"
E01033789 ,"1,768"
E01033790 ,"1,338"
E01000356 ,"1,568"
E01000357 ,"1,403"
E01000359 ,"1,263"
E01000421 ,"1,521"
E01000450 ,"1,801"
E01000451 ,"1,750"
E01000452 ,"1,420"
E01000367 ,"2,266"
E01000368 ,"1,680"
E01000372 ,"1,689"
E01000380 ,"1,736"
E01000435 ,"1,490"
E01000353 ,"1,637"
E01000354 ,"1,492"
E01000355 ,"1,441"
E01000358 ,"1,658"
E01000436 ,"1,757"
E01000401 ,"1,816"
E01000453 ,"1,477"
E01000454 ,"1,631"
E01000455 ,"1,792"
E01000456 ,"1,422"
E01000325 ,"1,647"
E01000326 ,"1,381"
E01000369 ,"1,727"
E01000370 ,"1,558"
E01000371 ,"1,620"
E01000360 ,"1,910"
E01000362 ,"1,864"
E01000365 ,"1,728"
E01000366 ,"1,640"
E01000394 ,"1,628"
E01000388 ,"1,513"
E01000392 ,"1,957"
E01000409 ,"1,742"
E01000411 ,"1,494"
E01000414 ,"1,894"
E01000415 ,"1,465"
E01000327 ,"1,628"
E01000328 ,"1,635"
E01000329 ,"1,695"
E01000330 ,"1,656"
E01000331 ,"1,689"
E01000340 ,"1,584"
E01000395 ,"1,529"
E01000396 ,"1,452"
E01000410 ,"1,658"
E01000412 ,"1,766"
E01000413 ,"1,347"
E01000374 ,"1,579"
E01000375 ,"2,128"
E01000376 ,"1,614"
E01000377 ,"1,474"
E01000379 ,"1,712"
E01033791 ,"1,381"
E01033792 ,"1,382"
E01000348 ,"1,515"
E01000349 ,"1,723"
E01000361 ,"1,591"
E01000363 ,"1,559"
E01000389 ,"1,700"
E01000390 ,"1,332"
E01000393 ,"1,695"
E01000346 ,"1,588"
E01000347 ,"1,521"
E01000350 ,"1,486"
E01000352 ,"1,618"
E01000391 ,"1,748"
E01000341 ,"1,542"
E01000342 ,"1,524"
E01000343 ,"1,509"
E01000345 ,"1,342"
E01000460 ,"1,261"
E01000364 ,"1,698"
E01000444 ,"1,642"
E01000447 ,"1,959"
E01000448 ,"1,346"
E01000449 ,"1,562"
E01000351 ,"1,612"
E01000443 ,"1,330"
E01000445 ,"1,666"
E01000446 ,"1,505"
E01000461 ,"1,637"
E01000339 ,"1,619"
E01000344 ,"1,592"
E01000423 ,"1,607"
E01000425 ,"1,800"
E01000463 ,"1,251"
E01000424 ,"1,727"
E01000426 ,"1,672"
E01000427 ,"2,011"
E01000457 ,"2,175"
E01000462 ,"2,054"
E01000382 ,"1,572"
E01000384 ,"1,719"
E01000387 ,"1,558"
E01000428 ,"1,902"
E01000458 ,"1,542"
E01000459 ,"1,871"
E01000381 ,"1,617"
E01000383 ,"1,593"
E01000385 ,"2,006"
E01000386 ,"1,537"
E01000398 ,"1,593"
E01000399 ,"1,571"
E01000400 ,"1,573"
E01032566 ,"1,886"
E01000587 ,"1,625"
E01000589 ,"2,551"
E01000590 ,"1,936"
E01000592 ,"1,831"
E01000593 ,"2,121"
E01000594 ,"1,815"
E01000513 ,"1,678"
E01000514 ,"1,570"
E01000516 ,"2,345"
E01000520 ,"1,677"
E01033929 ,"1,344"
E01033930 ,"1,846"
E01000515 ,"1,875"
E01000517 ,"1,623"
E01000543 ,"1,625"
E01000591 ,"2,183"
E01033463 ,"3,155"
E01000536 ,"1,562"
E01000538 ,"1,622"
E01000539 ,"1,581"
E01000540 ,"1,456"
E01000541 ,"1,411"
E01000518 ,"1,915"
E01000519 ,"2,013"
E01000623 ,"1,882"
E01000624 ,"1,745"
E01000629 ,"1,977"
E01000480 ,"1,688"
E01000484 ,"1,765"
E01000485 ,"1,604"
E01000486 ,"1,698"
E01000487 ,"1,987"
E01000572 ,"1,495"
E01000573 ,"1,671"
E01000574 ,"1,655"
E01000575 ,"2,154"
E01000577 ,"2,585"
E01000562 ,"1,507"
E01000563 ,"1,588"
E01000566 ,"1,550"
E01000568 ,"2,218"
E01000569 ,"1,456"
E01000479 ,"1,759"
E01000481 ,"1,635"
E01000483 ,"1,852"
E01000625 ,"1,672"
E01033931 ,"1,359"
E01033932 ,"1,660"
E01000498 ,"1,683"
E01000622 ,"1,980"
E01000626 ,"1,547"
E01033933 ,"1,481"
E01033934 ,"1,637"
E01000497 ,"2,070"
E01000499 ,"1,896"
E01000501 ,"2,031"
E01000502 ,"1,882"
E01000503 ,"2,093"
E01000570 ,"1,546"
E01000571 ,"1,761"
E01000576 ,"1,874"
E01000578 ,"2,323"
E01000564 ,"1,624"
E01000565 ,"1,535"
E01000607 ,"2,591"
E01000608 ,"2,338"
E01000613 ,"1,755"
E01000506 ,"1,657"
E01000509 ,"1,438"
E01000510 ,"1,672"
E01000511 ,"1,770"
E01000627 ,"2,048"
E01000628 ,"1,768"
E01000553 ,"2,040"
E01000554 ,"1,970"
E01000555 ,"1,586"
E01000556 ,"2,089"
E01000557 ,"1,865"
E01000558 ,"1,389"
E01000567 ,"1,400"
E01000606 ,"1,872"
E01000609 ,"2,059"
E01000611 ,"1,928"
E01000504 ,"1,799"
E01000505 ,"1,677"
E01000507 ,"1,617"
E01000512 ,"1,703"
E01000559 ,"1,379"
E01000610 ,"2,186"
E01000612 ,"1,766"
E01000631 ,"2,073"
E01000633 ,"2,616"
E01000634 ,"2,642"
E01000616 ,"1,939"
E01000620 ,"1,750"
E01000621 ,"1,811"
E01000636 ,"2,599"
E01033935 ,"2,008"
E01033936 ,"1,642"
E01000596 ,"1,848"
E01000601 ,"1,385"
E01000602 ,"1,453"
E01000603 ,"1,446"
E01000604 ,"1,736"
E01000605 ,"1,762"
E01000488 ,"1,647"
E01000637 ,"1,508"
E01000639 ,"1,715"
E01000642 ,"2,214"
E01000644 ,"1,912"
E01000490 ,"1,771"
E01000494 ,"1,761"
E01000495 ,"1,591"
E01000560 ,"1,561"
E01000561 ,"1,937"
E01000638 ,"2,141"
E01000640 ,"2,215"
E01000641 ,"1,951"
E01000643 ,"2,243"
E01000508 ,"2,613"
E01000521 ,"2,275"
E01000522 ,"2,048"
E01000526 ,"2,197"
E01000527 ,"1,875"
E01000528 ,"1,725"
E01000471 ,"1,721"
E01000474 ,"2,272"
E01000476 ,"2,196"
E01000477 ,"2,376"
E01000630 ,"2,728"
E01000595 ,"1,785"
E01000599 ,"1,889"
E01033456 ,"2,624"
E01033937 ,"1,165"
E01033938 ,"1,230"
E01033939 ,"1,931"
E01000545 ,"1,921"
E01000546 ,"1,640"
E01000547 ,"1,656"
E01000548 ,"1,984"
E01000549 ,"1,813"
E01000472 ,"2,404"
E01000473 ,"2,704"
E01000475 ,"2,124"
E01000478 ,"2,528"
E01000632 ,"2,480"
E01000489 ,"1,728"
E01000491 ,"2,066"
E01000492 ,"1,273"
E01000493 ,"1,597"
E01000581 ,"1,513"
E01000523 ,"2,297"
E01000524 ,"2,423"
E01000525 ,"1,851"
E01000533 ,"2,172"
E01000535 ,"2,053"
E01033455 ,"1,144"
E01033485 ,"1,638"
E01000579 ,"1,587"
E01000580 ,"2,086"
E01000582 ,"1,851"
E01000583 ,"2,049"
E01000586 ,"2,380"
E01000530 ,"1,819"
E01000531 ,"1,799"
E01000532 ,"1,509"
E01000534 ,"1,748"
E01000584 ,"1,560"
E01000585 ,"1,504"
E01000544 ,"1,768"
E01000550 ,"2,021"
E01000551 ,"2,894"
E01000552 ,"1,512"
E01033457 ,"1,982"
E01033940 ,"2,352"
E01033941 ,"1,567"
E01033942 ,"1,607"
E01000615 ,"3,191"
E01000617 ,"2,266"
E01000618 ,"1,677"
E01000619 ,"1,696"
E01000779 ,"1,400"
E01000780 ,"1,612"
E01000781 ,"1,572"
E01000782 ,"1,545"
E01000783 ,"1,624"
E01000785 ,"1,577"
E01000689 ,"1,636"
E01000690 ,"1,391"
E01000691 ,"1,535"
E01000692 ,"1,670"
E01000784 ,"1,557"
E01000799 ,"1,803"
E01000802 ,"1,848"
E01000803 ,"1,609"
E01000804 ,"1,470"
E01000805 ,"1,696"
E01000741 ,"1,819"
E01000742 ,"2,119"
E01000745 ,"1,883"
E01000746 ,"2,021"
E01034383 ,"1,308"
E01034384 ,"1,335"
E01000709 ,"1,372"
E01000710 ,"2,359"
E01000711 ,"1,880"
E01000714 ,"2,167"
E01000718 ,"2,057"
E01000645 ,"1,450"
E01000649 ,"2,068"
E01000694 ,"2,298"
E01000695 ,"1,518"
E01000696 ,"1,635"
E01000697 ,"1,784"
E01000674 ,"1,716"
E01000676 ,"2,033"
E01000820 ,"1,611"
E01000822 ,"1,632"
E01000823 ,"1,693"
E01000824 ,"1,402"
E01000825 ,"1,663"
E01000743 ,"1,867"
E01000744 ,"1,559"
E01000796 ,"1,537"
E01000798 ,"1,527"
E01000800 ,"1,665"
E01000806 ,"1,715"
E01000693 ,"1,511"
E01000698 ,"1,193"
E01000736 ,"1,636"
E01000737 ,"1,404"
E01000672 ,"1,674"
E01000673 ,"1,670"
E01000716 ,"1,651"
E01000717 ,"1,704"
E01000828 ,"1,701"
E01000712 ,"1,794"
E01000713 ,"1,849"
E01000715 ,"1,759"
E01000770 ,"1,522"
E01000772 ,"1,580"
E01000700 ,"1,519"
E01000702 ,"1,434"
E01000703 ,"1,731"
E01000706 ,"1,375"
E01000797 ,"1,654"
E01000729 ,"1,959"
E01000730 ,"1,808"
E01000735 ,"1,548"
E01000738 ,"1,688"
E01000739 ,"1,677"
E01000699 ,"1,452"
E01000701 ,"1,440"
E01000704 ,"1,470"
E01000705 ,"1,356"
E01000801 ,"1,514"
E01000646 ,"1,828"
E01000647 ,"1,707"
E01000648 ,"1,888"
E01000653 ,"1,541"
E01000678 ,"1,850"
E01000670 ,"1,941"
E01000677 ,"1,902"
E01000762 ,"1,748"
E01000829 ,"1,769"
E01034385 ,"1,451"
E01034386 ,"1,252"
E01000719 ,"2,116"
E01000720 ,"1,802"
E01000721 ,"1,604"
E01000724 ,"1,675"
E01000728 ,"1,627"
E01000651 ,"1,681"
E01000668 ,"2,222"
E01000669 ,"1,736"
E01000671 ,"2,271"
E01000679 ,"1,792"
E01000826 ,"1,636"
E01000827 ,"1,780"
E01000830 ,"1,625"
E01000831 ,"1,702"
E01000833 ,"1,447"
E01000650 ,"1,805"
E01000652 ,"1,711"
E01000807 ,"1,665"
E01000809 ,"1,542"
E01000722 ,"1,848"
E01000725 ,"1,752"
E01000731 ,"1,381"
E01000732 ,"1,515"
E01000733 ,"1,670"
E01000769 ,"1,389"
E01000773 ,"1,586"
E01000775 ,"2,284"
E01000777 ,"1,631"
E01000778 ,"1,626"
E01000808 ,"1,561"
E01000810 ,"1,542"
E01000811 ,"1,367"
E01000813 ,"1,563"
E01000815 ,"1,510"
E01000661 ,"2,817"
E01000662 ,"1,803"
E01000663 ,"1,681"
E01000664 ,"1,663"
E01000763 ,"1,475"
E01000764 ,"1,817"
E01000766 ,"1,815"
E01000767 ,"1,631"
E01000834 ,"1,369"
E01000727 ,"1,691"
E01000734 ,"1,388"
E01000790 ,"2,297"
E01000812 ,"1,632"
E01000814 ,"1,521"
E01000723 ,"1,241"
E01000726 ,"1,304"
E01000787 ,"1,482"
E01000788 ,"1,617"
E01000791 ,"1,512"
E01000832 ,"1,571"
E01000835 ,"1,757"
E01000836 ,"1,388"
E01000837 ,"1,566"
E01000838 ,"1,431"
E01000839 ,"1,390"
E01000840 ,"1,491"
E01000841 ,"1,698"
E01000753 ,"1,935"
E01000754 ,"1,770"
E01000755 ,"1,640"
E01000757 ,"1,571"
E01000758 ,"1,451"
E01000786 ,"1,461"
E01000789 ,"1,873"
E01000792 ,"1,509"
E01000793 ,"1,560"
E01000795 ,"1,385"
E01000665 ,"1,859"
E01000666 ,"1,891"
E01000667 ,"1,659"
E01000756 ,"1,708"
E01000759 ,"1,646"
E01000760 ,"1,629"
E01000761 ,"1,545"
E01000765 ,"1,786"
E01000768 ,"1,502"
E01000681 ,"1,755"
E01000682 ,"1,605"
E01000683 ,"1,705"
E01000684 ,"2,092"
E01000794 ,"1,545"
E01000749 ,"1,652"
E01000750 ,"1,456"
E01000751 ,"2,264"
E01000752 ,"1,747"
E01000680 ,"1,642"
E01000685 ,"1,627"
E01000686 ,"1,494"
E01000687 ,"1,565"
E01000688 ,"1,388"
E01000654 ,"1,299"
E01000655 ,"1,328"
E01000656 ,"1,508"
E01000657 ,"1,573"
E01000659 ,"1,464"
E01000816 ,"1,525"
E01000818 ,"1,685"
E01000819 ,"1,850"
E01032562 ,"1,616"
E01032563 ,"1,450"
E01000707 ,"1,509"
E01000708 ,"1,690"
E01000771 ,"1,666"
E01000774 ,"1,504"
E01032568 ,"1,525"
E01000658 ,"1,330"
E01000747 ,"2,029"
E01000748 ,"1,687"
E01032570 ,"1,736"
E01000907 ,"1,483"
E01000908 ,"1,523"
E01000909 ,"1,549"
E01000912 ,"1,587"
E01000913 ,"1,603"
E01000893 ,"1,377"
E01000894 ,"1,271"
E01000895 ,"1,552"
E01000896 ,"1,438"
E01000899 ,"1,560"
E01000910 ,"1,340"
E01000911 ,"1,438"
E01000921 ,"1,875"
E01000923 ,"1,447"
E01000928 ,"1,711"
E01000878 ,"1,714"
E01000879 ,"1,303"
E01000880 ,"1,412"
E01000884 ,"1,471"
E01000885 ,"1,280"
E01000871 ,"1,657"
E01000872 ,"1,740"
E01000873 ,"1,582"
E01000874 ,"1,480"
E01000877 ,"1,458"
E01000886 ,"1,330"
E01000887 ,"1,387"
E01000888 ,"1,470"
E01000892 ,"1,791"
E01000903 ,"1,411"
E01000889 ,"1,770"
E01000890 ,"1,317"
E01000891 ,"1,485"
E01000901 ,"1,971"
E01000922 ,"1,920"
E01000927 ,"1,535"
E01000881 ,"1,386"
E01000882 ,"1,452"
E01000883 ,"1,508"
E01000897 ,"1,560"
E01000898 ,"1,586"
E01000866 ,"1,950"
E01000870 ,"1,601"
E01000924 ,"1,569"
E01000925 ,"1,495"
E01000926 ,"1,472"
E01000969 ,"1,830"
E01000970 ,"1,408"
E01000971 ,"1,323"
E01000972 ,"1,959"
E01000973 ,"2,562"
E01000842 ,"1,432"
E01000844 ,"1,635"
E01000848 ,"1,485"
E01000849 ,"1,362"
E01000900 ,"1,692"
E01000902 ,"1,414"
E01000904 ,"2,066"
E01000905 ,"1,874"
E01000906 ,"1,445"
E01000875 ,"1,570"
E01000876 ,"1,924"
E01000931 ,"2,059"
E01000932 ,"1,760"
E01000974 ,"1,590"
E01000843 ,"1,196"
E01000845 ,"1,500"
E01000846 ,"1,453"
E01000847 ,"1,599"
E01000867 ,"1,736"
E01000868 ,"1,746"
E01000869 ,"1,946"
E01035707 ,"2,451"
E01000962 ,"1,543"
E01000964 ,"1,730"
E01000965 ,"1,719"
E01000966 ,"1,615"
E01000968 ,"1,469"
E01000960 ,"1,867"
E01000961 ,"1,791"
E01000963 ,"1,920"
E01000967 ,"1,539"
E01000857 ,"1,391"
E01000858 ,"1,932"
E01000859 ,"1,462"
E01000860 ,"1,120"
E01000862 ,"1,685"
E01000856 ,"1,591"
E01000861 ,"1,366"
E01000957 ,"1,320"
E01000958 ,"2,940"
E01000959 ,"1,691"
E01000929 ,"1,915"
E01000930 ,"2,085"
E01000933 ,"1,772"
E01000934 ,"1,513"
E01000935 ,"1,598"
E01000863 ,"1,476"
E01000946 ,"1,551"
E01000947 ,"1,665"
E01000948 ,"1,531"
E01000952 ,"1,691"
E01000954 ,"1,751"
E01000955 ,"1,348"
E01000956 ,"1,505"
E01035708 ,"1,951"
E01035709 ,"1,539"
E01000944 ,"1,464"
E01000949 ,"1,600"
E01000951 ,"1,539"
E01035710 ,"2,576"
E01000850 ,"1,424"
E01000851 ,"1,479"
E01035711 ,"2,433"
E01000915 ,"1,530"
E01000916 ,"1,853"
E01000917 ,"1,653"
E01000920 ,"1,623"
E01000855 ,"1,310"
E01000914 ,"1,419"
E01000918 ,"1,792"
E01000919 ,"1,440"
E01000853 ,"1,405"
E01000937 ,"1,119"
E01000938 ,"1,365"
E01000939 ,"1,447"
E01000941 ,"1,195"
E01000942 ,"1,013"
E01000943 ,"1,585"
E01035712 ,"2,457"
E01000001 ,"1,475"
E01000002 ,"1,384"
E01000003 ,"1,613"
E01000005 ,"1,100"
E01032739 ,"1,619"
E01032740 ,"1,392"
E01001137 ,"2,131"
E01001138 ,"1,514"
E01001156 ,"1,772"
E01001162 ,"1,813"
E01001164 ,"1,981"
E01001084 ,"1,931"
E01001157 ,"1,852"
E01001159 ,"1,944"
E01001160 ,"1,947"
E01001163 ,"1,975"
E01001083 ,"1,615"
E01001086 ,"1,731"
E01001087 ,"2,829"
E01001161 ,"1,739"
E01001085 ,"1,709"
E01001088 ,"1,679"
E01001089 ,"1,786"
E01001090 ,"2,276"
E01001091 ,"1,575"
E01001147 ,"1,782"
E01001148 ,"1,762"
E01001151 ,"1,750"
E01001152 ,"2,062"
E01001158 ,"1,534"
E01001146 ,"1,530"
E01001149 ,"1,587"
E01001150 ,"1,704"
E01001153 ,"1,632"
E01001154 ,"1,961"
E01001136 ,"2,039"
E01001139 ,"1,699"
E01001140 ,"1,630"
E01001142 ,"1,923"
E01001144 ,"1,758"
E01001141 ,"1,274"
E01001143 ,"1,934"
E01001145 ,"1,827"
E01001191 ,"2,072"
E01001192 ,"1,585"
E01000994 ,"1,591"
E01000995 ,"1,714"
E01000996 ,"1,329"
E01000997 ,"1,499"
E01000999 ,"1,324"
E01001002 ,"1,472"
E01000998 ,"1,493"
E01001000 ,"1,338"
E01001003 ,"1,588"
E01001111 ,"1,752"
E01001155 ,"1,794"
E01001174 ,"1,691"
E01001175 ,"1,639"
E01001176 ,"1,847"
E01001182 ,"1,358"
E01001183 ,"1,821"
E01001184 ,"1,299"
E01001001 ,"1,410"
E01001109 ,"2,350"
E01001112 ,"2,017"
E01001113 ,"2,006"
E01001114 ,"1,510"
E01001116 ,"1,525"
E01000992 ,"1,876"
E01001185 ,"1,702"
E01001186 ,"1,683"
E01001188 ,"1,959"
E01001193 ,"1,682"
E01001004 ,"2,180"
E01001115 ,"1,820"
E01001178 ,"1,626"
E01001181 ,"2,190"
E01034139 ,"1,804"
E01034140 ,"1,244"
E01001006 ,"1,790"
E01001007 ,"1,984"
E01001177 ,"1,649"
E01001179 ,"1,664"
E01001180 ,"1,980"
E01000980 ,"1,495"
E01000981 ,"1,730"
E01000982 ,"1,684"
E01000983 ,"1,819"
E01001187 ,"1,985"
E01000989 ,"1,734"
E01000991 ,"1,737"
E01001131 ,"1,571"
E01001132 ,"1,619"
E01001134 ,"1,612"
E01001005 ,"1,733"
E01001008 ,"1,668"
E01001009 ,"2,049"
E01001010 ,"1,700"
E01001011 ,"2,311"
E01001012 ,"2,097"
E01001013 ,"2,194"
E01001110 ,"2,148"
E01001118 ,"2,153"
E01034141 ,"1,419"
E01034142 ,"1,480"
E01034143 ,"1,307"
E01000985 ,"1,454"
E01000986 ,"1,772"
E01000987 ,"1,358"
E01000993 ,"1,652"
E01000975 ,"2,345"
E01000976 ,"2,140"
E01000977 ,"1,943"
E01000978 ,"1,731"
E01000979 ,"1,758"
E01000984 ,"1,902"
E01001044 ,"2,081"
E01001046 ,"1,926"
E01001049 ,"1,440"
E01001050 ,"1,715"
E01001042 ,"2,172"
E01001165 ,"1,847"
E01001166 ,"1,968"
E01001168 ,"1,817"
E01034144 ,"1,349"
E01034145 ,"1,330"
E01034146 ,"1,442"
E01001127 ,"1,627"
E01001128 ,"1,602"
E01001130 ,"1,764"
E01001135 ,"1,679"
E01001062 ,"1,511"
E01001063 ,"1,535"
E01001064 ,"1,603"
E01001129 ,"1,392"
E01001133 ,"1,586"
E01001167 ,"2,325"
E01001169 ,"1,831"
E01001171 ,"1,758"
E01001172 ,"2,202"
E01001173 ,"2,740"
E01001036 ,"1,621"
E01001037 ,"1,536"
E01001038 ,"1,903"
E01001039 ,"1,569"
E01001040 ,"1,721"
E01001051 ,"1,604"
E01001052 ,"1,466"
E01001054 ,"1,861"
E01001056 ,"1,808"
E01001057 ,"1,791"
E01001033 ,"1,669"
E01001034 ,"1,612"
E01001041 ,"1,730"
E01001095 ,"1,530"
E01001100 ,"1,512"
E01001053 ,"1,600"
E01001055 ,"1,568"
E01001077 ,"1,332"
E01001078 ,"1,448"
E01001082 ,"1,551"
E01001120 ,"1,347"
E01001122 ,"1,440"
E01001123 ,"1,617"
E01001124 ,"1,566"
E01001125 ,"1,645"
E01001058 ,"1,355"
E01001059 ,"1,452"
E01001060 ,"1,618"
E01001061 ,"1,621"
E01001065 ,"1,325"
E01001066 ,"1,453"
E01001119 ,"1,439"
E01001126 ,"1,417"
E01001032 ,"1,556"
E01001101 ,"1,431"
E01001102 ,"1,516"
E01001107 ,"1,667"
E01001108 ,"1,786"
E01001076 ,"1,667"
E01001079 ,"1,614"
E01001080 ,"1,481"
E01001081 ,"1,473"
E01001073 ,"1,439"
E01001092 ,"1,933"
E01001093 ,"1,793"
E01001096 ,"1,478"
E01001097 ,"2,389"
E01001098 ,"1,470"
E01001028 ,"1,656"
E01001029 ,"1,719"
E01001030 ,"1,454"
E01001031 ,"1,456"
E01001094 ,"1,644"
E01001103 ,"1,633"
E01001105 ,"1,737"
E01001106 ,"1,503"
E01001121 ,"1,324"
E01001069 ,"1,369"
E01001070 ,"1,785"
E01001075 ,"1,629"
E01001099 ,"1,581"
E01001015 ,"1,493"
E01001016 ,"1,758"
E01001023 ,"2,597"
E01001067 ,"1,654"
E01001074 ,"1,948"
E01001068 ,"1,836"
E01001071 ,"1,897"
E01001072 ,"1,482"
E01001104 ,"1,674"
E01001017 ,"1,649"
E01001024 ,"1,340"
E01001025 ,"1,349"
E01001026 ,"1,881"
E01001027 ,"2,910"
E01001018 ,"1,649"
E01001019 ,"1,460"
E01001020 ,"1,653"
E01001021 ,"1,357"
E01001022 ,"1,482"
E01000990 ,"1,436"
E01001189 ,"1,218"
E01001190 ,"1,552"
E01001194 ,"1,615"
E01032569 ,"1,790"
E01034147 ,"1,121"
E01034148 ,"1,628"
E01034149 ,"2,114"
E01034150 ,"1,347"
E01034151 ,"1,163"
E01001035 ,"1,860"
E01001047 ,"1,734"
E01001170 ,"1,940"
E01034152 ,"1,625"
E01001269 ,"2,272"
E01001271 ,"1,920"
E01001309 ,"1,857"
E01001310 ,"2,142"
E01001311 ,"2,518"
E01001307 ,"1,883"
E01001308 ,"1,941"
E01001312 ,"1,968"
E01001313 ,"1,725"
E01001314 ,"1,525"
E01001315 ,"1,467"
E01001316 ,"1,726"
E01001317 ,"2,181"
E01001318 ,"1,949"
E01001320 ,"1,623"
E01001321 ,"2,263"
E01001270 ,"1,760"
E01001319 ,"1,549"
E01001322 ,"2,071"
E01001323 ,"2,015"
E01001341 ,"1,792"
E01001342 ,"1,896"
E01001343 ,"1,439"
E01001345 ,"1,758"
E01001265 ,"1,723"
E01001266 ,"1,833"
E01001267 ,"2,034"
E01001272 ,"1,720"
E01001349 ,"1,411"
E01001344 ,"2,289"
E01001346 ,"1,958"
E01001347 ,"1,972"
E01001348 ,"1,672"
E01001257 ,"2,233"
E01001324 ,"1,663"
E01001326 ,"1,960"
E01001330 ,"1,858"
E01001332 ,"1,594"
E01001325 ,"1,983"
E01001327 ,"1,896"
E01001328 ,"1,823"
E01001329 ,"1,963"
E01001331 ,"1,796"
E01001258 ,"1,874"
E01001262 ,"1,620"
E01001263 ,"1,947"
E01001264 ,"1,821"
E01032743 ,"2,281"
E01032744 ,"1,612"
E01001276 ,"1,778"
E01001277 ,"2,041"
E01001278 ,"2,081"
E01001280 ,"1,816"
E01001218 ,"2,057"
E01001260 ,"2,039"
E01001261 ,"2,319"
E01001268 ,"1,963"
E01001209 ,"1,683"
E01001211 ,"1,737"
E01001279 ,"1,492"
E01001281 ,"1,573"
E01001217 ,"1,450"
E01001259 ,"1,599"
E01001291 ,"1,762"
E01001292 ,"1,675"
E01001293 ,"1,827"
E01001196 ,"1,617"
E01001239 ,"1,481"
E01001246 ,"1,827"
E01001247 ,"2,269"
E01034026 ,"2,511"
E01034027 ,"2,533"
E01001210 ,"1,888"
E01001282 ,"1,619"
E01001283 ,"1,781"
E01001285 ,"1,769"
E01001286 ,"1,669"
E01001287 ,"1,618"
E01001294 ,"2,029"
E01001295 ,"1,795"
E01001296 ,"1,439"
E01001297 ,"1,836"
E01001298 ,"2,110"
E01001204 ,"1,614"
E01001205 ,"1,781"
E01001206 ,"1,578"
E01001207 ,"1,762"
E01001208 ,"1,360"
E01001212 ,"1,767"
E01001224 ,"1,560"
E01001226 ,"1,513"
E01001227 ,"1,521"
E01001228 ,"1,834"
E01034028 ,"1,230"
E01034029 ,"1,525"
E01001195 ,"1,824"
E01001197 ,"1,854"
E01001198 ,"1,561"
E01001199 ,"1,663"
E01001284 ,"1,720"
E01001288 ,"1,476"
E01001289 ,"1,337"
E01001290 ,"2,050"
E01001213 ,"2,010"
E01001214 ,"1,745"
E01001215 ,"2,057"
E01001216 ,"1,751"
E01001361 ,"2,276"
E01001240 ,"1,825"
E01001241 ,"1,855"
E01001242 ,"1,624"
E01001243 ,"2,388"
E01001244 ,"2,792"
E01001245 ,"2,170"
E01001200 ,"1,594"
E01001201 ,"1,595"
E01001202 ,"2,502"
E01001203 ,"1,688"
E01001351 ,"1,972"
E01001359 ,"2,464"
E01001360 ,"2,213"
E01001362 ,"2,624"
E01001363 ,"1,994"
E01001364 ,"1,834"
E01001365 ,"2,577"
E01001231 ,"2,045"
E01001234 ,"1,370"
E01001350 ,"1,439"
E01001352 ,"1,584"
E01001354 ,"2,056"
E01001249 ,"2,436"
E01001250 ,"2,181"
E01001255 ,"1,589"
E01001383 ,"1,755"
E01001388 ,"1,445"
E01001389 ,"1,827"
E01001219 ,"2,195"
E01001220 ,"1,514"
E01001334 ,"1,667"
E01001337 ,"2,123"
E01001338 ,"1,867"
E01001339 ,"2,184"
E01001340 ,"1,564"
E01001251 ,"1,809"
E01001252 ,"2,466"
E01001253 ,"2,128"
E01001254 ,"1,747"
E01001229 ,"1,518"
E01001230 ,"1,370"
E01001232 ,"1,558"
E01001233 ,"1,444"
E01001237 ,"1,563"
E01001386 ,"1,798"
E01001303 ,"1,725"
E01001382 ,"1,481"
E01001384 ,"1,748"
E01001385 ,"1,678"
E01001387 ,"1,535"
E01001353 ,"1,415"
E01001355 ,"1,957"
E01001356 ,"1,495"
E01001357 ,"2,750"
E01001358 ,"1,990"
E01001375 ,"1,698"
E01001377 ,"1,637"
E01001379 ,"1,736"
E01001381 ,"1,877"
E01001248 ,"1,593"
E01001299 ,"1,755"
E01001305 ,"1,728"
E01001306 ,"1,637"
E01001333 ,"2,465"
E01001335 ,"1,800"
E01001336 ,"1,841"
E01001369 ,"2,064"
E01001300 ,"1,615"
E01001301 ,"1,886"
E01001302 ,"1,602"
E01001304 ,"1,658"
E01001374 ,"1,945"
E01001376 ,"1,707"
E01001380 ,"2,306"
E01032572 ,"1,608"
E01001223 ,"1,454"
E01001225 ,"1,811"
E01001273 ,"1,675"
E01001274 ,"1,611"
E01001275 ,"1,800"
E01001235 ,"1,775"
E01001236 ,"1,476"
E01034030 ,"1,860"
E01034031 ,"1,312"
E01001367 ,"2,710"
E01001372 ,"2,555"
E01001373 ,"2,078"
E01001366 ,"2,050"
E01001368 ,"1,764"
E01001370 ,"2,172"
E01001371 ,"2,309"
E01001444 ,"1,908"
E01001446 ,"1,858"
E01001546 ,"1,813"
E01001552 ,"1,945"
E01001442 ,"1,732"
E01001545 ,"1,885"
E01001547 ,"2,092"
E01001548 ,"1,927"
E01001551 ,"1,794"
E01001445 ,"2,799"
E01001447 ,"1,991"
E01001448 ,"1,982"
E01001449 ,"1,643"
E01033148 ,"2,215"
E01033150 ,"1,690"
E01001408 ,"1,670"
E01001411 ,"1,903"
E01001412 ,"1,756"
E01001413 ,"1,635"
E01001414 ,"1,673"
E01001407 ,"1,593"
E01001409 ,"2,034"
E01001410 ,"2,188"
E01001516 ,"2,123"
E01001537 ,"1,714"
E01001439 ,"2,131"
E01001441 ,"1,646"
E01001517 ,"2,045"
E01001549 ,"2,359"
E01001550 ,"1,770"
E01001433 ,"1,822"
E01001434 ,"1,591"
E01001435 ,"1,517"
E01001436 ,"1,933"
E01001438 ,"1,676"
E01001469 ,"1,767"
E01001536 ,"1,970"
E01001540 ,"1,906"
E01001541 ,"1,532"
E01001542 ,"1,566"
E01001538 ,"1,677"
E01001539 ,"1,654"
E01001543 ,"1,617"
E01001544 ,"1,695"
E01001457 ,"1,813"
E01001468 ,"1,416"
E01001471 ,"1,908"
E01001472 ,"1,653"
E01001474 ,"1,898"
E01001415 ,"2,051"
E01001417 ,"1,887"
E01001418 ,"1,740"
E01001422 ,"1,677"
E01001440 ,"1,677"
E01001504 ,"2,139"
E01001505 ,"1,959"
E01001507 ,"2,583"
E01001508 ,"2,445"
E01001513 ,"1,982"
E01001416 ,"1,726"
E01001470 ,"1,649"
E01001473 ,"1,596"
E01001475 ,"1,803"
E01001437 ,"2,275"
E01001509 ,"1,773"
E01033926 ,"2,634"
E01001405 ,"1,802"
E01001406 ,"1,658"
E01001450 ,"2,378"
E01001512 ,"2,277"
E01001515 ,"2,047"
E01001401 ,"1,389"
E01001478 ,"1,658"
E01001484 ,"1,414"
E01001511 ,"1,923"
E01001514 ,"1,765"
E01001518 ,"1,688"
E01001451 ,"1,664"
E01001452 ,"1,373"
E01001453 ,"1,660"
E01001454 ,"1,701"
E01001476 ,"1,751"
E01001477 ,"1,979"
E01001481 ,"1,796"
E01001502 ,"1,954"
E01001503 ,"1,888"
E01001520 ,"1,857"
E01001522 ,"1,817"
E01001523 ,"1,847"
E01001524 ,"1,562"
E01001526 ,"1,608"
E01001419 ,"1,973"
E01001420 ,"1,783"
E01001421 ,"1,672"
E01001525 ,"1,964"
E01033927 ,"1,654"
E01033928 ,"1,298"
E01001398 ,"1,341"
E01001399 ,"1,482"
E01001400 ,"1,562"
E01001402 ,"1,852"
E01001403 ,"1,705"
E01001455 ,"1,456"
E01001456 ,"1,396"
E01001564 ,"1,659"
E01001567 ,"1,541"
E01001568 ,"1,884"
E01001569 ,"1,770"
E01001479 ,"1,793"
E01001482 ,"1,923"
E01001487 ,"1,941"
E01001489 ,"1,888"
E01001491 ,"1,950"
E01001459 ,"1,720"
E01001460 ,"2,113"
E01001462 ,"1,455"
E01001480 ,"1,588"
E01001488 ,"1,979"
E01001483 ,"1,187"
E01001485 ,"1,858"
E01001486 ,"2,148"
E01001492 ,"2,038"
E01033146 ,"1,538"
E01033151 ,"1,451"
E01001404 ,"1,480"
E01001493 ,"1,911"
E01001494 ,"1,477"
E01001496 ,"1,901"
E01001570 ,"1,899"
E01001423 ,"1,731"
E01001425 ,"2,023"
E01001428 ,"1,723"
E01001461 ,"1,576"
E01001464 ,"1,315"
E01001521 ,"1,875"
E01001531 ,"1,435"
E01001532 ,"1,663"
E01001533 ,"1,662"
E01001535 ,"1,405"
E01001495 ,"1,846"
E01001498 ,"1,837"
E01001563 ,"1,733"
E01001565 ,"1,678"
E01001566 ,"1,781"
E01001424 ,"1,227"
E01001426 ,"1,822"
E01001427 ,"1,744"
E01001429 ,"2,328"
E01001430 ,"2,013"
E01001463 ,"1,560"
E01001465 ,"1,561"
E01001466 ,"1,996"
E01001467 ,"1,999"
E01001497 ,"1,457"
E01001499 ,"1,540"
E01001392 ,"1,866"
E01001528 ,"1,688"
E01001529 ,"1,791"
E01001530 ,"1,727"
E01001534 ,"1,691"
E01001431 ,"1,786"
E01001432 ,"1,867"
E01001555 ,"2,234"
E01001557 ,"1,715"
E01001558 ,"2,063"
E01001559 ,"2,129"
E01001394 ,"1,997"
E01001395 ,"1,633"
E01001397 ,"2,164"
E01001500 ,"1,589"
E01001556 ,"1,590"
E01001560 ,"1,571"
E01001390 ,"1,817"
E01001391 ,"1,781"
E01001393 ,"1,970"
E01001396 ,"1,461"
E01001501 ,"2,220"
E01001527 ,"2,054"
E01001458 ,"1,786"
E01001553 ,"1,753"
E01001554 ,"1,798"
E01001562 ,"2,235"
E01032574 ,"2,072"
E01001690 ,"1,714"
E01001692 ,"1,470"
E01001693 ,"1,560"
E01001694 ,"1,743"
E01001687 ,"1,654"
E01001688 ,"2,670"
E01033739 ,"1,726"
E01033740 ,"1,634"
E01033741 ,"2,698"
E01033743 ,"1,941"
E01033745 ,"1,783"
E01001575 ,"1,816"
E01001576 ,"1,998"
E01001577 ,"2,017"
E01001578 ,"2,306"
E01001579 ,"1,734"
E01001705 ,"2,248"
E01001708 ,"1,697"
E01001710 ,"1,759"
E01034173 ,"1,855"
E01001672 ,"1,933"
E01001673 ,"2,403"
E01001674 ,"2,195"
E01001675 ,"2,370"
E01001677 ,"2,163"
E01001631 ,"2,108"
E01001632 ,"2,038"
E01001635 ,"1,644"
E01001636 ,"1,684"
E01033742 ,"1,341"
E01033744 ,"1,803"
E01001571 ,"1,809"
E01001572 ,"1,733"
E01001573 ,"1,575"
E01001574 ,"1,921"
E01001629 ,"2,141"
E01001633 ,"2,043"
E01001634 ,"1,737"
E01001637 ,"1,799"
E01001695 ,"1,549"
E01001696 ,"2,572"
E01001697 ,"2,643"
E01001700 ,"2,366"
E01001703 ,"2,079"
E01001704 ,"1,649"
E01001588 ,"1,692"
E01001589 ,"1,853"
E01001591 ,"2,100"
E01001595 ,"2,222"
E01001590 ,"1,704"
E01001592 ,"1,933"
E01001593 ,"1,793"
E01001594 ,"2,368"
E01001698 ,"1,912"
E01001699 ,"1,465"
E01001701 ,"1,763"
E01001702 ,"1,485"
E01001581 ,"1,578"
E01001585 ,"1,529"
E01001586 ,"1,426"
E01001587 ,"1,981"
E01001678 ,"1,774"
E01001683 ,"1,551"
E01001684 ,"1,446"
E01001685 ,"1,562"
E01001646 ,"2,820"
E01001650 ,"1,834"
E01001651 ,"1,875"
E01001652 ,"1,706"
E01001679 ,"1,353"
E01001680 ,"1,518"
E01001681 ,"1,403"
E01001682 ,"1,377"
E01001686 ,"1,799"
E01001580 ,"1,639"
E01001582 ,"1,533"
E01001583 ,"1,568"
E01001584 ,"1,502"
E01001645 ,"1,852"
E01001647 ,"1,486"
E01001648 ,"1,721"
E01001649 ,"1,576"
E01001605 ,"1,520"
E01001606 ,"1,627"
E01001610 ,"1,761"
E01001611 ,"1,766"
E01001620 ,"1,582"
E01001621 ,"1,673"
E01001623 ,"1,806"
E01001624 ,"1,628"
E01001625 ,"1,780"
E01001604 ,"1,549"
E01001607 ,"1,610"
E01001608 ,"1,444"
E01001609 ,"1,688"
E01001613 ,"1,753"
E01001614 ,"1,493"
E01001615 ,"1,991"
E01001617 ,"1,628"
E01001653 ,"1,591"
E01001654 ,"1,606"
E01001655 ,"1,575"
E01001660 ,"1,559"
E01001661 ,"1,664"
E01001618 ,"1,906"
E01001619 ,"1,964"
E01033729 ,"2,478"
E01001597 ,"1,556"
E01001598 ,"1,609"
E01001602 ,"2,126"
E01001603 ,"1,756"
E01001596 ,"1,737"
E01001599 ,"1,677"
E01001600 ,"1,509"
E01001601 ,"1,507"
E01001669 ,"2,495"
E01001671 ,"1,670"
E01001676 ,"1,802"
E01032567 ,"1,588"
E01001656 ,"1,341"
E01001657 ,"1,569"
E01001658 ,"1,654"
E01001659 ,"1,618"
E01034174 ,"1,253"
E01034175 ,"1,301"
E01034176 ,"2,027"
E01034177 ,"1,602"
E01033727 ,"2,711"
E01033728 ,"1,763"
E01034178 ,"1,692"
E01034179 ,"1,423"
E01034180 ,"1,293"
E01034181 ,"1,813"
E01034182 ,"1,399"
E01001664 ,"2,076"
E01001665 ,"1,890"
E01033738 ,"1,861"
E01034183 ,"1,525"
E01034184 ,"1,289"
E01034185 ,"1,206"
E01001638 ,"1,763"
E01001641 ,"1,866"
E01001642 ,"1,732"
E01001644 ,"2,629"
E01033746 ,"1,471"
E01033734 ,"1,465"
E01033736 ,"2,244"
E01034186 ,"1,356"
E01034187 ,"1,255"
E01034188 ,"1,397"
E01034189 ,"1,268"
E01034190 ,"1,686"
E01034191 ,"1,643"
E01034192 ,"2,235"
E01001666 ,"1,984"
E01033732 ,"1,067"
E01034193 ,"1,479"
E01034194 ,"1,300"
E01034195 ,"1,291"
E01034196 ,"1,280"
E01001712 ,"2,121"
E01033735 ,"1,262"
E01033737 ,"1,934"
E01034198 ,"2,324"
E01001808 ,"1,634"
E01001809 ,"1,884"
E01001814 ,"1,699"
E01001823 ,"1,632"
E01001825 ,"1,350"
E01001714 ,"2,051"
E01001811 ,"1,792"
E01001813 ,"1,955"
E01035638 ,"1,891"
E01035639 ,"1,710"
E01001799 ,"1,506"
E01001802 ,"1,377"
E01001804 ,"1,671"
E01001807 ,"1,807"
E01001812 ,"1,792"
E01001725 ,"1,830"
E01001726 ,"1,325"
E01001800 ,"1,750"
E01001824 ,"1,626"
E01001826 ,"1,573"
E01001723 ,"1,970"
E01001724 ,"2,894"
E01001727 ,"1,988"
E01001768 ,"1,868"
E01001769 ,"1,521"
E01001715 ,"1,286"
E01001716 ,"1,788"
E01001717 ,"1,126"
E01001718 ,"1,740"
E01001719 ,"1,640"
E01001720 ,"1,707"
E01001742 ,"1,753"
E01001801 ,"1,722"
E01001803 ,"1,804"
E01001806 ,"1,469"
E01001741 ,"1,441"
E01001805 ,"1,227"
E01001829 ,"1,756"
E01001831 ,"1,679"
E01001832 ,"1,660"
E01001764 ,"1,752"
E01001765 ,"1,801"
E01001767 ,"1,608"
E01001770 ,"1,714"
E01033703 ,"1,411"
E01033713 ,"1,323"
E01001792 ,"1,933"
E01001793 ,"1,582"
E01001794 ,"1,898"
E01001795 ,"1,308"
E01001796 ,"1,476"
E01001736 ,"1,549"
E01001737 ,"1,768"
E01001738 ,"1,740"
E01001739 ,"1,977"
E01001786 ,"2,224"
E01001787 ,"1,611"
E01001788 ,"1,497"
E01001790 ,"1,513"
E01001740 ,"1,545"
E01001747 ,"2,329"
E01001830 ,"1,878"
E01001833 ,"2,117"
E01001834 ,"1,988"
E01001835 ,"1,233"
E01001733 ,"1,872"
E01001785 ,"1,593"
E01001789 ,"1,773"
E01001791 ,"1,459"
E01001745 ,"2,162"
E01001746 ,"1,686"
E01001757 ,"1,585"
E01001758 ,"2,614"
E01001759 ,"1,647"
E01001761 ,"1,818"
E01001731 ,"2,666"
E01001734 ,"1,835"
E01001760 ,"1,885"
E01001762 ,"1,675"
E01001846 ,"1,210"
E01001847 ,"1,332"
E01001848 ,"1,970"
E01001849 ,"2,450"
E01001729 ,"1,985"
E01001730 ,"2,767"
E01001732 ,"1,900"
E01001735 ,"1,570"
E01001838 ,"1,815"
E01001850 ,"1,845"
E01001749 ,"1,488"
E01001763 ,"1,769"
E01001816 ,"1,550"
E01001819 ,"1,587"
E01035640 ,"1,394"
E01035641 ,"1,429"
E01001836 ,"1,855"
E01001840 ,"1,602"
E01001841 ,"1,368"
E01001844 ,"1,917"
E01001845 ,"1,585"
E01001837 ,"1,446"
E01001839 ,"2,354"
E01001842 ,"1,528"
E01001843 ,"1,205"
E01033704 ,"2,344"
E01033712 ,"1,543"
E01001772 ,"1,789"
E01001774 ,"1,987"
E01001775 ,"1,634"
E01001815 ,"1,772"
E01001820 ,"1,390"
E01001821 ,"1,350"
E01001753 ,"1,538"
E01001755 ,"1,678"
E01001773 ,"2,483"
E01001776 ,"1,709"
E01035642 ,"1,843"
E01035643 ,"1,722"
E01035644 ,"1,178"
E01035645 ,"1,307"
E01001781 ,"1,602"
E01001783 ,"1,606"
E01035646 ,"1,539"
E01035647 ,"1,116"
E01035648 ,"1,539"
E01035649 ,"1,465"
E01001798 ,"2,329"
E01001828 ,"2,053"
E01033702 ,"1,451"
E01033705 ,"1,434"
E01033710 ,"1,131"
E01001722 ,"2,303"
E01001728 ,"1,979"
E01001822 ,"1,997"
E01001827 ,"1,647"
E01001756 ,"2,037"
E01033699 ,"1,413"
E01033700 ,"2,491"
E01001744 ,"2,004"
E01001750 ,"2,122"
E01001751 ,"1,478"
E01035650 ,"2,010"
E01001780 ,"1,816"
E01001784 ,"1,772"
E01033709 ,"1,831"
E01033711 ,"1,912"
E01001777 ,"2,633"
E01033706 ,"1,447"
E01033708 ,"1,869"
E01001875 ,"1,835"
E01001876 ,"2,372"
E01001877 ,"1,360"
E01001878 ,"1,618"
E01035484 ,"1,697"
E01035485 ,"1,102"
E01001955 ,"2,108"
E01001957 ,"1,626"
E01001958 ,"1,725"
E01001961 ,"1,575"
E01001954 ,"1,526"
E01001956 ,"1,575"
E01001959 ,"2,019"
E01001960 ,"1,794"
E01001943 ,"2,263"
E01001944 ,"1,680"
E01001945 ,"1,665"
E01001946 ,"1,877"
E01001862 ,"1,759"
E01001940 ,"1,538"
E01001941 ,"1,566"
E01001942 ,"1,838"
E01001858 ,"1,755"
E01001860 ,"1,710"
E01001861 ,"1,405"
E01001863 ,"1,411"
E01001864 ,"1,514"
E01001852 ,"1,629"
E01001853 ,"1,497"
E01001854 ,"1,760"
E01001857 ,"1,547"
E01001859 ,"2,703"
E01001865 ,"1,585"
E01001927 ,"1,364"
E01001930 ,"1,736"
E01001895 ,"1,458"
E01001896 ,"1,398"
E01001897 ,"1,303"
E01001929 ,"1,348"
E01001851 ,"1,465"
E01001855 ,"1,663"
E01001856 ,"1,645"
E01001869 ,"1,353"
E01001873 ,"1,502"
E01001928 ,"1,806"
E01001931 ,"1,296"
E01001932 ,"1,592"
E01001933 ,"1,496"
E01001866 ,"1,505"
E01001867 ,"1,136"
E01001868 ,"1,261"
E01001870 ,"1,687"
E01001871 ,"1,515"
E01001872 ,"1,361"
E01001893 ,"1,491"
E01001894 ,"1,374"
E01001898 ,"2,090"
E01001899 ,"1,599"
E01001900 ,"1,713"
E01001889 ,"1,389"
E01001910 ,"1,335"
E01001913 ,"1,386"
E01001914 ,"1,504"
E01001885 ,"1,276"
E01001908 ,"1,379"
E01001909 ,"1,763"
E01001911 ,"1,710"
E01001912 ,"1,454"
E01001886 ,"1,523"
E01001887 ,"1,458"
E01001890 ,"1,714"
E01001892 ,"1,330"
E01001880 ,"1,468"
E01001881 ,"1,876"
E01001882 ,"1,644"
E01001883 ,"1,869"
E01001884 ,"1,800"
E01001888 ,"1,551"
E01001891 ,"2,544"
E01001917 ,"1,495"
E01001918 ,"1,510"
E01001919 ,"1,546"
E01001879 ,"1,451"
E01001901 ,"1,651"
E01001902 ,"1,657"
E01001903 ,"1,436"
E01001920 ,"1,449"
E01001921 ,"1,451"
E01001922 ,"1,625"
E01001923 ,"1,517"
E01001924 ,"1,545"
E01001947 ,"1,417"
E01001948 ,"1,873"
E01001949 ,"1,473"
E01001950 ,"1,486"
E01001951 ,"1,515"
E01001953 ,"1,463"
E01001904 ,"1,617"
E01001905 ,"1,658"
E01001906 ,"1,453"
E01001907 ,"1,247"
E01001935 ,"2,038"
E01032788 ,"1,585"
E01032789 ,"1,202"
E01032790 ,"1,130"
E01035486 ,"1,769"
E01035487 ,"1,557"
E01001915 ,"1,453"
E01001916 ,"1,224"
E01001926 ,"1,356"
E01001952 ,"1,647"
E01001925 ,"1,572"
E01001934 ,"1,961"
E01001937 ,"1,789"
E01001938 ,"1,575"
E01001969 ,"1,966"
E01001971 ,"1,906"
E01001974 ,"2,213"
E01001975 ,"1,822"
E01002036 ,"1,864"
E01002037 ,"1,717"
E01002039 ,"1,672"
E01002040 ,"2,267"
E01001962 ,"1,823"
E01001970 ,"1,904"
E01001972 ,"1,713"
E01001973 ,"2,548"
E01002090 ,"1,736"
E01002093 ,"1,839"
E01002096 ,"1,692"
E01002097 ,"1,598"
E01002091 ,"1,843"
E01002092 ,"1,597"
E01002094 ,"1,443"
E01002095 ,"1,589"
E01002098 ,"1,530"
E01002101 ,"1,980"
E01002102 ,"1,927"
E01002105 ,"2,076"
E01002099 ,"2,020"
E01002100 ,"1,785"
E01002103 ,"1,852"
E01002104 ,"1,454"
E01001963 ,"1,800"
E01001964 ,"1,628"
E01001965 ,"1,636"
E01001966 ,"1,410"
E01002027 ,"1,430"
E01002028 ,"1,660"
E01002032 ,"1,844"
E01002033 ,"1,802"
E01001976 ,"1,868"
E01001977 ,"1,519"
E01001978 ,"1,927"
E01001979 ,"2,292"
E01002074 ,"2,246"
E01002077 ,"2,269"
E01002079 ,"1,809"
E01002081 ,"1,930"
E01002082 ,"1,418"
E01002086 ,"1,497"
E01002088 ,"1,800"
E01002089 ,"1,346"
E01001967 ,"1,495"
E01001968 ,"1,648"
E01001996 ,"1,493"
E01001997 ,"1,782"
E01002075 ,"1,972"
E01002076 ,"1,855"
E01002078 ,"2,552"
E01033943 ,"2,513"
E01033944 ,"2,535"
E01002026 ,"1,781"
E01002029 ,"2,109"
E01002030 ,"1,564"
E01002031 ,"1,869"
E01001991 ,"1,660"
E01001992 ,"1,751"
E01001993 ,"1,669"
E01001995 ,"2,683"
E01001980 ,"1,816"
E01001981 ,"1,803"
E01001982 ,"1,801"
E01001983 ,"1,661"
E01002083 ,"1,393"
E01002084 ,"1,763"
E01002085 ,"2,173"
E01002087 ,"1,913"
E01002014 ,"1,734"
E01002015 ,"1,425"
E01002018 ,"1,375"
E01033086 ,"1,190"
E01033945 ,"1,369"
E01033946 ,"1,360"
E01002020 ,"1,546"
E01002022 ,"2,168"
E01002023 ,"1,369"
E01002025 ,"1,476"
E01002013 ,"1,361"
E01002019 ,"1,370"
E01002021 ,"1,429"
E01002024 ,"1,271"
E01001998 ,"1,933"
E01001999 ,"2,436"
E01002003 ,"2,557"
E01002004 ,"1,810"
E01002067 ,"1,741"
E01002069 ,"2,048"
E01002070 ,"2,550"
E01002073 ,"1,647"
E01002066 ,"2,611"
E01002068 ,"2,245"
E01002071 ,"1,780"
E01002072 ,"1,875"
E01002043 ,"1,810"
E01002045 ,"2,131"
E01002046 ,"1,618"
E01002049 ,"1,899"
E01002042 ,"1,567"
E01002044 ,"1,780"
E01002047 ,"1,655"
E01002048 ,"1,905"
E01002016 ,"1,913"
E01002017 ,"1,571"
E01002059 ,"1,562"
E01002060 ,"1,708"
E01002050 ,"1,990"
E01002051 ,"1,871"
E01002052 ,"2,205"
E01002055 ,"2,103"
E01001994 ,"1,809"
E01002008 ,"1,341"
E01002010 ,"1,597"
E01002011 ,"1,748"
E01002000 ,"1,761"
E01002001 ,"1,596"
E01002002 ,"1,691"
E01002058 ,"1,574"
E01002053 ,"2,025"
E01002054 ,"1,694"
E01002056 ,"2,921"
E01002057 ,"1,794"
E01001984 ,"1,749"
E01001985 ,"1,622"
E01001987 ,"1,705"
E01001989 ,"1,719"
E01001986 ,"1,565"
E01001988 ,"1,667"
E01001990 ,"1,950"
E01002062 ,"1,740"
E01002005 ,"1,458"
E01002006 ,"1,537"
E01002007 ,"1,439"
E01002009 ,"1,414"
E01002061 ,"1,544"
E01002063 ,"1,502"
E01002064 ,"1,478"
E01002065 ,"1,596"
E01002034 ,"2,489"
E01002038 ,"1,795"
E01002041 ,"1,867"
E01032575 ,"2,135"
E01002112 ,"1,994"
E01002114 ,"2,230"
E01002225 ,"1,751"
E01002226 ,"2,623"
E01002113 ,"1,560"
E01002115 ,"1,464"
E01002116 ,"1,590"
E01002118 ,"1,878"
E01034589 ,"2,000"
E01034590 ,"1,355"
E01002227 ,"2,275"
E01002228 ,"2,251"
E01002229 ,"1,828"
E01002230 ,"1,838"
E01002144 ,"1,620"
E01002146 ,"1,462"
E01002147 ,"1,356"
E01002149 ,"1,321"
E01002140 ,"1,796"
E01002141 ,"1,792"
E01002142 ,"1,858"
E01002143 ,"1,631"
E01002145 ,"1,685"
E01002139 ,"1,503"
E01002148 ,"1,464"
E01002150 ,"2,400"
E01002151 ,"1,566"
E01002152 ,"1,615"
E01002119 ,"2,508"
E01002120 ,"1,362"
E01002121 ,"1,822"
E01002122 ,"1,859"
E01002123 ,"1,713"
E01002106 ,"2,029"
E01002108 ,"1,840"
E01002109 ,"1,871"
E01002110 ,"1,664"
E01002111 ,"2,200"
E01002185 ,"1,855"
E01002186 ,"1,935"
E01002187 ,"1,983"
E01002190 ,"1,708"
E01002124 ,"1,793"
E01002125 ,"1,970"
E01002198 ,"1,812"
E01002200 ,"2,199"
E01002203 ,"1,811"
E01002232 ,"2,153"
E01002233 ,"2,422"
E01002234 ,"1,962"
E01002235 ,"1,881"
E01002236 ,"2,327"
E01002107 ,"1,819"
E01002197 ,"1,416"
E01002199 ,"1,570"
E01002201 ,"1,713"
E01002202 ,"2,196"
E01002179 ,"2,632"
E01002183 ,"2,107"
E01002184 ,"1,928"
E01002231 ,"2,056"
E01034591 ,"1,807"
E01034592 ,"1,245"
E01002156 ,"1,568"
E01002162 ,"1,927"
E01002163 ,"1,651"
E01034593 ,"1,485"
E01034594 ,"1,561"
E01002188 ,"1,608"
E01002189 ,"1,734"
E01002192 ,"1,683"
E01002193 ,"2,045"
E01002165 ,"1,763"
E01002166 ,"1,708"
E01002167 ,"1,610"
E01002168 ,"1,548"
E01002169 ,"1,667"
E01002153 ,"1,880"
E01002155 ,"1,726"
E01002157 ,"1,698"
E01002158 ,"1,407"
E01002128 ,"2,116"
E01002130 ,"2,908"
E01002181 ,"2,336"
E01002182 ,"2,142"
E01002159 ,"1,929"
E01002160 ,"2,475"
E01002161 ,"2,058"
E01002164 ,"1,924"
E01002191 ,"2,021"
E01002194 ,"1,838"
E01002195 ,"1,658"
E01002196 ,"1,822"
E01002127 ,"1,840"
E01002129 ,"2,731"
E01002131 ,"1,711"
E01034595 ,"1,407"
E01034596 ,"1,280"
E01034597 ,"1,435"
E01034598 ,"1,266"
E01002237 ,"2,114"
E01002238 ,"1,886"
E01002240 ,"1,957"
E01002242 ,"1,866"
E01002208 ,"1,360"
E01002209 ,"1,861"
E01002239 ,"1,936"
E01002241 ,"1,902"
E01002133 ,"2,042"
E01002136 ,"2,031"
E01002138 ,"1,610"
E01034599 ,"1,671"
E01034600 ,"1,971"
E01002211 ,"1,486"
E01002212 ,"1,888"
E01002216 ,"1,732"
E01002217 ,"2,206"
E01002132 ,"2,037"
E01002134 ,"1,491"
E01002135 ,"2,015"
E01002137 ,"1,747"
E01002218 ,"1,817"
E01002219 ,"1,930"
E01002221 ,"1,630"
E01002222 ,"1,605"
E01002214 ,"1,909"
E01002215 ,"1,736"
E01002220 ,"1,643"
E01002223 ,"1,794"
E01002224 ,"1,624"
E01002204 ,"1,881"
E01002206 ,"1,388"
E01002207 ,"1,773"
E01002210 ,"1,548"
E01032576 ,"1,679"
E01002170 ,"1,369"
E01002171 ,"1,703"
E01002172 ,"1,613"
E01002173 ,"1,909"
E01002174 ,"1,568"
E01002175 ,"1,420"
E01002176 ,"1,695"
E01002177 ,"1,478"
E01002178 ,"1,638"
E01002276 ,"2,074"
E01002278 ,"1,726"
E01002312 ,"1,697"
E01002313 ,"2,260"
E01002277 ,"1,621"
E01002279 ,"1,746"
E01002281 ,"2,463"
E01002283 ,"1,699"
E01002299 ,"1,817"
E01002301 ,"1,637"
E01002303 ,"2,154"
E01002304 ,"1,541"
E01002306 ,"1,839"
E01002307 ,"1,898"
E01002280 ,"1,860"
E01002282 ,"1,958"
E01002284 ,"2,068"
E01002297 ,"1,642"
E01002314 ,"1,855"
E01002316 ,"2,074"
E01002302 ,"1,723"
E01002305 ,"1,714"
E01002308 ,"1,855"
E01002326 ,"1,696"
E01002331 ,"1,663"
E01002309 ,"1,787"
E01002310 ,"1,875"
E01002311 ,"1,894"
E01002315 ,"1,727"
E01002294 ,"1,540"
E01002296 ,"1,696"
E01002298 ,"1,605"
E01002300 ,"2,001"
E01033784 ,"1,559"
E01033785 ,"1,381"
E01002333 ,"1,328"
E01002334 ,"1,732"
E01002336 ,"1,634"
E01002339 ,"1,648"
E01002341 ,"1,478"
E01002327 ,"1,556"
E01002328 ,"1,794"
E01002332 ,"1,754"
E01002335 ,"1,480"
E01002338 ,"1,410"
E01002340 ,"1,478"
E01002268 ,"1,488"
E01002269 ,"1,857"
E01002295 ,"2,002"
E01002377 ,"1,774"
E01002378 ,"1,706"
E01002383 ,"1,666"
E01002244 ,"1,814"
E01002245 ,"1,647"
E01002325 ,"2,144"
E01002329 ,"1,737"
E01002330 ,"1,843"
E01002337 ,"1,322"
E01002354 ,"1,388"
E01002376 ,"1,455"
E01002379 ,"1,600"
E01002380 ,"2,286"
E01002381 ,"1,561"
E01002243 ,"1,972"
E01002353 ,"2,045"
E01002356 ,"2,110"
E01032741 ,"1,468"
E01032742 ,"1,767"
E01002272 ,"1,361"
E01002274 ,"1,665"
E01002317 ,"1,546"
E01002318 ,"1,656"
E01002355 ,"1,492"
E01002382 ,"1,815"
E01002270 ,"1,739"
E01002271 ,"1,591"
E01002273 ,"1,341"
E01002275 ,"1,318"
E01002319 ,"1,861"
E01002350 ,"1,723"
E01002351 ,"1,768"
E01002352 ,"1,987"
E01002358 ,"2,109"
E01002246 ,"1,841"
E01002247 ,"2,486"
E01002248 ,"1,754"
E01002250 ,"1,833"
E01002251 ,"1,596"
E01033786 ,"1,313"
E01033787 ,"1,461"
E01033788 ,"1,558"
E01002252 ,"1,591"
E01002256 ,"1,518"
E01002258 ,"1,839"
E01002259 ,"1,548"
E01002391 ,"1,739"
E01002253 ,"1,583"
E01002254 ,"1,630"
E01002257 ,"1,736"
E01002384 ,"1,639"
E01002359 ,"1,313"
E01002360 ,"1,484"
E01002361 ,"1,981"
E01002363 ,"1,480"
E01002367 ,"1,743"
E01002320 ,"1,499"
E01002321 ,"1,796"
E01002322 ,"1,931"
E01002323 ,"1,725"
E01002324 ,"1,541"
E01002255 ,"1,543"
E01002289 ,"1,664"
E01002292 ,"1,705"
E01002362 ,"1,507"
E01002386 ,"2,057"
E01002287 ,"1,597"
E01002291 ,"1,512"
E01002364 ,"1,355"
E01002365 ,"1,343"
E01002366 ,"1,548"
E01002385 ,"1,575"
E01002387 ,"1,607"
E01002388 ,"1,649"
E01002389 ,"1,593"
E01002390 ,"1,488"
E01002265 ,"1,508"
E01002285 ,"1,365"
E01002286 ,"1,618"
E01002288 ,"1,598"
E01002290 ,"1,492"
E01002260 ,"1,810"
E01002261 ,"1,786"
E01002262 ,"1,758"
E01002263 ,"1,608"
E01002264 ,"1,673"
E01002266 ,"1,543"
E01002267 ,"1,798"
E01002372 ,"1,695"
E01002373 ,"1,701"
E01002374 ,"1,732"
E01002368 ,"2,487"
E01002369 ,"2,045"
E01002370 ,"2,469"
E01002371 ,"1,707"
E01002375 ,"1,932"
E01002343 ,"1,755"
E01002344 ,"1,968"
E01002348 ,"1,560"
E01002349 ,"1,545"
E01002342 ,"1,723"
E01002345 ,"1,957"
E01002346 ,"1,553"
E01002347 ,"1,504"
E01002473 ,"1,682"
E01002475 ,"1,633"
E01002476 ,"1,630"
E01002477 ,"1,354"
E01002482 ,"1,661"
E01002472 ,"1,673"
E01002474 ,"1,741"
E01002478 ,"1,599"
E01002483 ,"1,945"
E01002484 ,"1,428"
E01002485 ,"2,031"
E01002438 ,"1,441"
E01002439 ,"1,549"
E01002440 ,"1,584"
E01002441 ,"1,601"
E01002442 ,"1,625"
E01002433 ,"2,497"
E01002436 ,"1,679"
E01002479 ,"1,843"
E01002480 ,"1,859"
E01002481 ,"1,642"
E01002533 ,"1,457"
E01002534 ,"1,523"
E01002538 ,"1,688"
E01002539 ,"1,709"
E01002418 ,"1,777"
E01002419 ,"1,690"
E01002431 ,"1,339"
E01002432 ,"1,503"
E01002437 ,"1,418"
E01002430 ,"1,391"
E01002434 ,"1,329"
E01002435 ,"1,536"
E01002470 ,"1,834"
E01002535 ,"2,188"
E01002416 ,"1,744"
E01002417 ,"1,780"
E01002420 ,"1,616"
E01002421 ,"1,703"
E01002471 ,"1,632"
E01002465 ,"1,714"
E01002467 ,"1,604"
E01002494 ,"1,800"
E01002536 ,"1,330"
E01002537 ,"2,483"
E01002415 ,"1,714"
E01002466 ,"1,724"
E01002468 ,"1,714"
E01002469 ,"1,656"
E01002495 ,"1,880"
E01002458 ,"1,437"
E01002459 ,"1,669"
E01002460 ,"1,422"
E01002462 ,"1,498"
E01002464 ,"1,617"
E01002461 ,"1,512"
E01002463 ,"1,489"
E01002512 ,"2,057"
E01002513 ,"1,438"
E01002516 ,"1,467"
E01002450 ,"1,500"
E01002451 ,"1,504"
E01002452 ,"1,538"
E01002453 ,"1,784"
E01002454 ,"1,920"
E01002414 ,"2,696"
E01002514 ,"1,960"
E01034601 ,"1,452"
E01034602 ,"1,399"
E01034603 ,"1,380"
E01034604 ,"1,424"
E01034605 ,"1,637"
E01002520 ,"2,036"
E01002521 ,"2,056"
E01002523 ,"1,557"
E01034606 ,"2,606"
E01034607 ,"2,300"
E01002410 ,"1,939"
E01002412 ,"2,323"
E01002456 ,"1,736"
E01002509 ,"1,492"
E01002511 ,"1,625"
E01002422 ,"1,564"
E01002423 ,"1,819"
E01002424 ,"1,695"
E01002425 ,"1,693"
E01002427 ,"1,597"
E01002428 ,"1,565"
E01002408 ,"1,651"
E01002409 ,"2,009"
E01002429 ,"1,573"
E01002455 ,"1,982"
E01002457 ,"1,608"
E01002392 ,"1,760"
E01002393 ,"2,130"
E01002540 ,"1,825"
E01002542 ,"2,120"
E01002543 ,"1,923"
E01002394 ,"1,746"
E01002395 ,"1,386"
E01002397 ,"1,958"
E01002398 ,"1,855"
E01002399 ,"1,677"
E01002426 ,"2,053"
E01002411 ,"2,129"
E01002413 ,"1,634"
E01002518 ,"1,319"
E01002519 ,"1,981"
E01002550 ,"1,845"
E01034608 ,"2,410"
E01034609 ,"1,976"
E01002541 ,"2,005"
E01002544 ,"1,694"
E01002545 ,"1,494"
E01002546 ,"1,736"
E01002547 ,"1,716"
E01002400 ,"1,996"
E01002401 ,"2,337"
E01002402 ,"1,638"
E01002403 ,"2,474"
E01002404 ,"2,025"
E01002548 ,"2,120"
E01002549 ,"1,870"
E01002551 ,"2,136"
E01002552 ,"1,747"
E01002553 ,"1,759"
E01002396 ,"1,834"
E01002501 ,"1,742"
E01002502 ,"2,007"
E01002505 ,"1,783"
E01002508 ,"2,188"
E01002405 ,"1,959"
E01002503 ,"1,931"
E01002506 ,"2,076"
E01002507 ,"1,971"
E01034610 ,"1,770"
E01034611 ,"1,277"
E01034612 ,"2,075"
E01034613 ,"1,005"
E01002486 ,"2,245"
E01002487 ,"1,922"
E01002526 ,"2,963"
E01002528 ,"1,888"
E01034614 ,"2,006"
E01034615 ,"2,167"
E01002445 ,"1,769"
E01002525 ,"1,802"
E01002529 ,"2,534"
E01002530 ,"1,788"
E01002531 ,"1,682"
E01002488 ,"1,767"
E01002489 ,"1,934"
E01002490 ,"2,138"
E01002492 ,"1,702"
E01034616 ,"1,496"
E01034617 ,"2,331"
E01002444 ,"1,894"
E01002446 ,"1,965"
E01002447 ,"2,073"
E01002527 ,"1,603"
E01002443 ,"2,041"
E01002448 ,"2,153"
E01002449 ,"2,146"
E01002491 ,"1,722"
E01002493 ,"2,000"
E01002496 ,"1,960"
E01002497 ,"2,481"
E01002498 ,"1,414"
E01002499 ,"2,056"
E01032577 ,"1,784"
E01002569 ,"2,120"
E01002570 ,"1,620"
E01002573 ,"1,548"
E01002574 ,"1,733"
E01002575 ,"1,619"
E01002620 ,"2,753"
E01002625 ,"1,712"
E01002626 ,"1,623"
E01002627 ,"1,791"
E01002631 ,"1,837"
E01002633 ,"2,229"
E01002634 ,"1,767"
E01002637 ,"1,909"
E01002638 ,"2,212"
E01002563 ,"1,910"
E01002565 ,"2,506"
E01002567 ,"1,826"
E01002686 ,"1,775"
E01034032 ,"1,814"
E01034033 ,"1,752"
E01002571 ,"1,283"
E01002572 ,"1,545"
E01002577 ,"1,662"
E01002578 ,"1,548"
E01002689 ,"1,559"
E01002690 ,"1,379"
E01002576 ,"1,682"
E01002579 ,"1,726"
E01002580 ,"1,451"
E01002581 ,"1,881"
E01002582 ,"1,662"
E01002675 ,"2,572"
E01002678 ,"2,052"
E01002679 ,"1,856"
E01002680 ,"2,078"
E01002619 ,"2,091"
E01002622 ,"1,920"
E01002632 ,"1,918"
E01002635 ,"2,001"
E01002636 ,"2,122"
E01002618 ,"2,060"
E01002621 ,"2,007"
E01002623 ,"1,925"
E01002628 ,"2,169"
E01002629 ,"2,680"
E01002630 ,"2,070"
E01002639 ,"1,782"
E01002640 ,"2,255"
E01002674 ,"2,088"
E01002676 ,"1,649"
E01002583 ,"1,809"
E01002584 ,"2,125"
E01002585 ,"1,831"
E01002586 ,"1,837"
E01002589 ,"2,507"
E01002668 ,"2,284"
E01002669 ,"1,910"
E01002681 ,"2,435"
E01002682 ,"2,337"
E01034034 ,"1,673"
E01034035 ,"1,582"
E01002643 ,"2,733"
E01002645 ,"2,258"
E01002658 ,"1,348"
E01002677 ,"2,074"
E01034036 ,"1,854"
E01034037 ,"1,854"
E01002587 ,"2,386"
E01002588 ,"2,026"
E01002660 ,"2,088"
E01002661 ,"2,375"
E01002665 ,"1,743"
E01002624 ,"1,776"
E01002646 ,"2,324"
E01002662 ,"2,508"
E01002663 ,"2,160"
E01034038 ,"1,800"
E01034039 ,"1,732"
E01002641 ,"2,691"
E01002649 ,"2,053"
E01002657 ,"1,931"
E01033083 ,"2,217"
E01033084 ,"1,976"
E01034040 ,"1,657"
E01034041 ,"1,477"
E01002653 ,"1,899"
E01002654 ,"1,912"
E01002655 ,"1,868"
E01002656 ,"1,418"
E01002659 ,"1,459"
E01002667 ,"2,193"
E01002670 ,"1,950"
E01002671 ,"1,847"
E01002672 ,"1,589"
E01002673 ,"1,658"
E01002647 ,"2,216"
E01002650 ,"2,525"
E01002651 ,"1,909"
E01002652 ,"1,918"
E01002666 ,"1,862"
E01002555 ,"2,068"
E01002556 ,"1,855"
E01002590 ,"2,666"
E01002592 ,"2,151"
E01002595 ,"2,259"
E01002557 ,"2,077"
E01002558 ,"2,198"
E01002559 ,"2,576"
E01002560 ,"2,011"
E01002561 ,"1,714"
E01002591 ,"1,906"
E01002593 ,"2,263"
E01002594 ,"2,311"
E01002611 ,"2,025"
E01002612 ,"2,104"
E01002613 ,"1,926"
E01002598 ,"1,927"
E01002599 ,"1,579"
E01002600 ,"1,655"
E01002603 ,"1,947"
E01033000 ,"1,752"
E01033030 ,"1,852"
E01002604 ,"1,638"
E01002605 ,"2,354"
E01002606 ,"1,689"
E01002607 ,"2,447"
E01002615 ,"1,624"
E01002596 ,"2,143"
E01002601 ,"1,875"
E01002602 ,"1,494"
E01002614 ,"2,122"
E01002616 ,"1,624"
E01002608 ,"1,898"
E01002609 ,"1,821"
E01002610 ,"1,762"
E01002617 ,"1,634"
E01002687 ,"1,673"
E01002691 ,"1,629"
E01002692 ,"2,105"
E01002693 ,"1,790"
E01032573 ,"1,802"
E01002562 ,"1,484"
E01034042 ,"1,255"
E01034043 ,"1,441"
E01034044 ,"1,232"
E01002564 ,"1,895"
E01033081 ,"1,595"
E01033082 ,"1,261"
E01034045 ,"1,793"
E01034046 ,"1,950"
E01002755 ,"1,319"
E01002756 ,"1,314"
E01002758 ,"1,736"
E01002804 ,"1,539"
E01002807 ,"1,705"
E01002811 ,"1,743"
E01002753 ,"1,447"
E01002754 ,"1,549"
E01002757 ,"1,449"
E01002759 ,"1,504"
E01002760 ,"1,736"
E01002772 ,"1,886"
E01002735 ,"2,958"
E01002805 ,"1,433"
E01002806 ,"1,646"
E01002808 ,"1,913"
E01002809 ,"1,698"
E01002810 ,"1,748"
E01002768 ,"1,611"
E01002770 ,"1,846"
E01002771 ,"1,544"
E01002773 ,"1,645"
E01002774 ,"2,139"
E01002732 ,"1,807"
E01002734 ,"2,366"
E01002736 ,"1,477"
E01002737 ,"1,947"
E01002751 ,"1,837"
E01002742 ,"2,000"
E01002747 ,"1,556"
E01002748 ,"1,654"
E01002749 ,"1,524"
E01033493 ,"1,313"
E01033494 ,"1,534"
E01002730 ,"1,753"
E01002733 ,"1,440"
E01002763 ,"1,302"
E01035651 ,"1,574"
E01035652 ,"1,282"
E01002769 ,"1,858"
E01002785 ,"1,861"
E01002788 ,"1,822"
E01002789 ,"1,849"
E01002738 ,"1,873"
E01002741 ,"1,533"
E01002743 ,"1,525"
E01002744 ,"1,313"
E01002752 ,"1,621"
E01002764 ,"1,816"
E01002783 ,"1,701"
E01002784 ,"1,755"
E01002786 ,"1,941"
E01002787 ,"1,472"
E01002762 ,"1,872"
E01002767 ,"2,151"
E01033486 ,"1,034"
E01033487 ,"1,199"
E01033488 ,"1,644"
E01033491 ,"1,932"
E01035653 ,"1,422"
E01035654 ,"1,163"
E01002777 ,"1,678"
E01002778 ,"1,940"
E01002779 ,"1,753"
E01002781 ,"1,740"
E01002782 ,"1,432"
E01002739 ,"1,839"
E01002740 ,"2,260"
E01002745 ,"1,412"
E01002795 ,"1,935"
E01002796 ,"1,109"
E01002716 ,"2,260"
E01002718 ,"1,577"
E01002721 ,"1,635"
E01002775 ,"1,408"
E01002776 ,"1,859"
E01002780 ,"1,699"
E01002708 ,"2,115"
E01002712 ,"1,378"
E01002713 ,"2,812"
E01002765 ,"2,857"
E01002766 ,"2,180"
E01002717 ,"1,207"
E01002719 ,"1,491"
E01002720 ,"2,123"
E01002790 ,"1,412"
E01002791 ,"1,861"
E01002793 ,"1,845"
E01002698 ,"2,040"
E01002699 ,"1,485"
E01002700 ,"1,376"
E01002714 ,"1,539"
E01002792 ,"1,845"
E01002722 ,"1,444"
E01002797 ,"1,824"
E01002798 ,"1,977"
E01002799 ,"1,908"
E01002800 ,"1,769"
E01002694 ,"1,665"
E01002697 ,"1,966"
E01002709 ,"1,687"
E01002710 ,"1,599"
E01002715 ,"1,685"
E01002696 ,"1,747"
E01002794 ,"2,040"
E01002801 ,"1,460"
E01002802 ,"1,852"
E01035655 ,"1,729"
E01035656 ,"1,485"
E01002695 ,"1,476"
E01002711 ,"2,029"
E01002727 ,"1,514"
E01002728 ,"1,317"
E01002729 ,"1,497"
E01002707 ,"1,821"
E01002723 ,"1,640"
E01002724 ,"1,923"
E01002725 ,"1,362"
E01002726 ,"1,709"
E01033489 ,"1,460"
E01033490 ,"1,399"
E01002701 ,"1,470"
E01002702 ,"2,468"
E01002703 ,"2,341"
E01002704 ,"2,356"
E01002706 ,"2,038"
E01002852 ,"2,216"
E01002853 ,"1,428"
E01002854 ,"1,103"
E01002855 ,"1,592"
E01002857 ,"1,376"
E01002904 ,"1,295"
E01002905 ,"1,672"
E01002906 ,"1,751"
E01002907 ,"1,285"
E01002876 ,"1,831"
E01002877 ,"2,186"
E01002878 ,"1,447"
E01002908 ,"1,393"
E01002909 ,"2,134"
E01002829 ,"1,391"
E01002830 ,"1,724"
E01002831 ,"1,718"
E01002832 ,"1,632"
E01002856 ,"1,433"
E01002870 ,"1,593"
E01002872 ,"1,349"
E01002879 ,"1,946"
E01002880 ,"1,144"
E01002881 ,"1,361"
E01002882 ,"1,046"
E01002883 ,"1,479"
E01002884 ,"1,384"
E01002885 ,"1,317"
E01002886 ,"1,319"
E01002833 ,"1,210"
E01002871 ,"1,463"
E01002873 ,"1,361"
E01002874 ,"1,134"
E01002875 ,"1,260"
E01002824 ,"1,229"
E01002825 ,"1,785"
E01002826 ,"1,256"
E01002827 ,"1,715"
E01002828 ,"1,189"
E01002864 ,"1,480"
E01002866 ,"1,833"
E01002867 ,"1,680"
E01002868 ,"1,355"
E01002869 ,"1,740"
E01002887 ,"1,044"
E01002889 ,"1,558"
E01002890 ,"1,398"
E01002891 ,"1,183"
E01002892 ,"1,290"
E01002813 ,"1,484"
E01002815 ,"1,162"
E01002816 ,"1,056"
E01002817 ,"1,346"
E01002865 ,"1,449"
E01002818 ,"1,385"
E01002819 ,"1,088"
E01002859 ,"1,249"
E01002860 ,"1,144"
E01002863 ,"1,117"
E01002812 ,"1,500"
E01002834 ,"1,243"
E01002839 ,"1,537"
E01002850 ,"1,405"
E01002888 ,"1,562"
E01002821 ,"1,080"
E01002823 ,"1,224"
E01002858 ,"1,323"
E01002861 ,"1,256"
E01002862 ,"1,089"
E01002814 ,"2,231"
E01002847 ,"1,393"
E01002848 ,"1,252"
E01002851 ,"1,335"
E01002835 ,"1,411"
E01002836 ,"1,310"
E01002837 ,"1,045"
E01035713 ,"1,999"
E01002846 ,"1,289"
E01002849 ,"1,541"
E01002893 ,"1,576"
E01002894 ,"1,319"
E01002898 ,"1,667"
E01002899 ,"1,250"
E01002900 ,"1,690"
E01002901 ,"1,041"
E01002902 ,"1,226"
E01002903 ,"1,276"
E01002844 ,"1,147"
E01002845 ,"1,169"
E01002910 ,"1,369"
E01002911 ,"1,285"
E01002914 ,"1,194"
E01002896 ,"1,586"
E01002897 ,"1,492"
E01002912 ,"1,481"
E01035714 ,"2,059"
E01002840 ,"1,047"
E01002841 ,"1,218"
E01002842 ,"1,015"
E01002843 ,"1,295"
E01002913 ,"1,761"
E01003006 ,"1,523"
E01003007 ,"1,626"
E01003008 ,"1,447"
E01003009 ,"2,056"
E01003010 ,"1,441"
E01002952 ,"1,394"
E01002953 ,"1,333"
E01002955 ,"1,501"
E01002956 ,"1,391"
E01002959 ,"1,389"
E01002935 ,"1,900"
E01002938 ,"2,000"
E01002951 ,"1,502"
E01002954 ,"1,373"
E01002957 ,"1,587"
E01002933 ,"2,039"
E01002934 ,"1,899"
E01002937 ,"1,825"
E01003011 ,"1,693"
E01033569 ,"1,817"
E01034576 ,"1,256"
E01034577 ,"1,375"
E01002964 ,"2,513"
E01002969 ,"1,892"
E01002971 ,"1,800"
E01002972 ,"2,050"
E01002974 ,"2,058"
E01002932 ,"2,046"
E01002960 ,"1,591"
E01002962 ,"1,612"
E01002970 ,"1,808"
E01002973 ,"1,579"
E01002929 ,"1,696"
E01002930 ,"1,967"
E01002931 ,"2,013"
E01002963 ,"1,846"
E01002985 ,"1,720"
E01002927 ,"1,681"
E01002928 ,"1,946"
E01002958 ,"1,738"
E01002961 ,"1,754"
E01002986 ,"1,370"
E01002965 ,"2,521"
E01002967 ,"1,860"
E01002968 ,"2,908"
E01002990 ,"1,708"
E01002991 ,"1,564"
E01002922 ,"1,640"
E01002926 ,"1,604"
E01002966 ,"1,983"
E01002992 ,"1,568"
E01002921 ,"1,727"
E01002987 ,"1,895"
E01002988 ,"1,678"
E01002989 ,"1,900"
E01002975 ,"1,488"
E01002977 ,"1,699"
E01002980 ,"1,407"
E01002981 ,"1,603"
E01002984 ,"1,431"
E01002923 ,"1,672"
E01002925 ,"1,571"
E01002993 ,"1,576"
E01002995 ,"1,599"
E01002999 ,"1,535"
E01002915 ,"1,394"
E01002916 ,"1,478"
E01002917 ,"1,429"
E01002920 ,"1,593"
E01002924 ,"1,546"
E01002976 ,"1,712"
E01002978 ,"1,857"
E01002979 ,"1,529"
E01002982 ,"1,485"
E01002983 ,"1,669"
E01002994 ,"1,507"
E01002996 ,"1,545"
E01002997 ,"1,522"
E01002998 ,"1,612"
E01003002 ,"1,907"
E01002918 ,"1,791"
E01002919 ,"1,990"
E01003000 ,"1,870"
E01003001 ,"1,916"
E01003003 ,"1,727"
E01002939 ,"1,646"
E01002941 ,"1,649"
E01002942 ,"1,401"
E01003004 ,"1,644"
E01003005 ,"1,541"
E01002944 ,"1,334"
E01002945 ,"1,573"
E01002946 ,"1,509"
E01002947 ,"1,645"
E01002940 ,"1,673"
E01002943 ,"1,477"
E01002948 ,"2,211"
E01002949 ,"1,848"
E01002950 ,"1,654"
E01003015 ,"1,719"
E01003108 ,"1,554"
E01003110 ,"2,050"
E01003111 ,"1,981"
E01003112 ,"1,796"
E01003101 ,"1,432"
E01003105 ,"1,706"
E01003106 ,"2,135"
E01003107 ,"1,851"
E01033862 ,"1,396"
E01033863 ,"1,325"
E01003102 ,"1,705"
E01003104 ,"1,733"
E01003122 ,"1,904"
E01003129 ,"1,798"
E01033208 ,"1,709"
E01033864 ,"1,032"
E01033865 ,"1,520"
E01033866 ,"1,120"
E01003098 ,"1,485"
E01003099 ,"1,701"
E01003100 ,"2,014"
E01003180 ,"1,600"
E01003183 ,"1,604"
E01003097 ,"1,558"
E01003121 ,"1,569"
E01003123 ,"1,597"
E01003124 ,"1,353"
E01003125 ,"1,782"
E01003181 ,"1,522"
E01003184 ,"1,422"
E01003185 ,"1,931"
E01003186 ,"2,440"
E01003187 ,"2,317"
E01003089 ,"1,935"
E01003091 ,"1,711"
E01003092 ,"2,351"
E01003126 ,"1,666"
E01003128 ,"1,641"
E01003046 ,"1,680"
E01003048 ,"1,918"
E01003075 ,"1,716"
E01003182 ,"1,787"
E01003188 ,"1,266"
E01003088 ,"1,588"
E01003093 ,"2,297"
E01003094 ,"1,482"
E01003096 ,"2,095"
E01003127 ,"2,092"
E01003045 ,"1,990"
E01003047 ,"1,789"
E01003049 ,"1,768"
E01003059 ,"2,213"
E01003060 ,"1,696"
E01003061 ,"1,329"
E01003034 ,"1,642"
E01003035 ,"1,687"
E01003036 ,"1,759"
E01003090 ,"2,387"
E01003095 ,"1,642"
E01003037 ,"1,442"
E01003038 ,"1,702"
E01003039 ,"2,042"
E01003040 ,"1,245"
E01003042 ,"1,107"
E01003072 ,"1,737"
E01003073 ,"1,603"
E01003076 ,"2,701"
E01003077 ,"1,863"
E01003078 ,"1,627"
E01003019 ,"2,035"
E01003053 ,"1,674"
E01003054 ,"2,191"
E01003056 ,"1,707"
E01003058 ,"1,979"
E01003020 ,"1,821"
E01003050 ,"1,584"
E01003052 ,"2,226"
E01003055 ,"1,600"
E01003176 ,"1,929"
E01003029 ,"1,827"
E01003032 ,"1,721"
E01003041 ,"1,520"
E01003057 ,"1,705"
E01003043 ,"1,618"
E01003044 ,"1,411"
E01003051 ,"2,099"
E01003071 ,"2,326"
E01003074 ,"2,358"
E01003026 ,"1,501"
E01003027 ,"1,394"
E01003028 ,"1,482"
E01003030 ,"1,722"
E01003033 ,"1,618"
E01003018 ,"2,019"
E01003171 ,"1,646"
E01003173 ,"1,633"
E01003177 ,"1,603"
E01003178 ,"1,501"
E01003021 ,"2,154"
E01003022 ,"1,619"
E01003023 ,"2,595"
E01003024 ,"1,841"
E01003025 ,"2,046"
E01003136 ,"1,659"
E01003137 ,"1,581"
E01003159 ,"1,774"
E01003160 ,"1,449"
E01003162 ,"1,858"
E01003031 ,"1,574"
E01003156 ,"1,597"
E01003157 ,"1,582"
E01003158 ,"1,624"
E01003161 ,"1,317"
E01003163 ,"1,599"
E01003132 ,"1,450"
E01003172 ,"1,945"
E01003174 ,"2,039"
E01003175 ,"1,577"
E01003179 ,"1,620"
E01003164 ,"2,247"
E01003165 ,"1,643"
E01003168 ,"1,658"
E01003169 ,"2,352"
E01003170 ,"1,908"
E01003130 ,"1,867"
E01003131 ,"2,150"
E01003135 ,"1,930"
E01003138 ,"1,477"
E01003151 ,"1,954"
E01003079 ,"1,681"
E01003080 ,"1,681"
E01003133 ,"1,656"
E01003134 ,"1,597"
E01003152 ,"1,906"
E01003064 ,"1,462"
E01003066 ,"1,887"
E01003081 ,"1,858"
E01003166 ,"2,566"
E01003167 ,"1,760"
E01003116 ,"1,785"
E01003117 ,"1,851"
E01003118 ,"1,863"
E01003153 ,"2,172"
E01003155 ,"1,828"
E01003083 ,"1,540"
E01003084 ,"1,507"
E01003085 ,"1,793"
E01003149 ,"1,756"
E01003154 ,"1,996"
E01003065 ,"1,673"
E01003068 ,"1,576"
E01003082 ,"1,375"
E01003086 ,"1,557"
E01003087 ,"1,644"
E01003113 ,"1,796"
E01003114 ,"2,424"
E01003119 ,"2,066"
E01003120 ,"2,411"
E01003148 ,"1,837"
E01003150 ,"1,943"
E01003062 ,"1,834"
E01003063 ,"1,361"
E01003067 ,"1,555"
E01003069 ,"1,368"
E01003070 ,"1,547"
E01003115 ,"1,618"
E01003141 ,"1,845"
E01003144 ,"1,547"
E01003145 ,"1,655"
E01003147 ,"2,072"
E01003139 ,"1,529"
E01003140 ,"1,507"
E01003142 ,"1,374"
E01003143 ,"1,500"
E01003146 ,"1,649"
E01003013 ,"1,947"
E01003014 ,"1,504"
E01003016 ,"1,203"
E01003017 ,"1,631"
E01032582 ,"2,283"
E01003244 ,"1,902"
E01003245 ,"1,993"
E01003247 ,"2,103"
E01003249 ,"2,057"
E01034387 ,"1,604"
E01034388 ,"1,279"
E01034389 ,"1,668"
E01003246 ,"2,411"
E01003248 ,"1,641"
E01003251 ,"1,734"
E01003252 ,"1,579"
E01003253 ,"1,422"
E01003297 ,"1,701"
E01003299 ,"1,790"
E01003301 ,"2,632"
E01003302 ,"1,867"
E01003305 ,"2,292"
E01003207 ,"2,333"
E01003209 ,"1,897"
E01003210 ,"1,774"
E01003212 ,"2,011"
E01003215 ,"1,893"
E01003338 ,"2,027"
E01003339 ,"1,690"
E01003340 ,"2,067"
E01003341 ,"1,383"
E01003343 ,"1,451"
E01003199 ,"1,971"
E01003201 ,"1,680"
E01003204 ,"1,612"
E01003205 ,"1,391"
E01003206 ,"1,409"
E01003211 ,"1,556"
E01003213 ,"1,963"
E01003214 ,"1,780"
E01033324 ,"1,539"
E01033325 ,"1,367"
E01003198 ,"1,494"
E01003200 ,"1,475"
E01003202 ,"1,558"
E01003203 ,"1,966"
E01003336 ,"1,532"
E01003337 ,"1,433"
E01003342 ,"1,696"
E01003344 ,"1,674"
E01003345 ,"1,960"
E01003273 ,"1,507"
E01003277 ,"1,674"
E01003278 ,"2,085"
E01003279 ,"1,530"
E01003282 ,"2,415"
E01003283 ,"2,127"
E01003284 ,"1,877"
E01003286 ,"1,736"
E01003272 ,"1,994"
E01003274 ,"1,590"
E01003275 ,"1,698"
E01003276 ,"1,907"
E01003225 ,"1,594"
E01003231 ,"1,551"
E01003232 ,"1,706"
E01003233 ,"1,837"
E01003280 ,"1,644"
E01003281 ,"1,496"
E01003285 ,"1,751"
E01003287 ,"1,969"
E01003292 ,"1,791"
E01003293 ,"1,569"
E01003295 ,"1,786"
E01033320 ,"1,569"
E01033322 ,"1,257"
E01003319 ,"1,794"
E01003320 ,"1,586"
E01003323 ,"1,510"
E01003325 ,"1,816"
E01003226 ,"1,838"
E01003227 ,"1,639"
E01003228 ,"1,578"
E01003229 ,"1,686"
E01003230 ,"1,997"
E01003318 ,"2,075"
E01003321 ,"1,748"
E01003322 ,"1,631"
E01003324 ,"1,688"
E01034390 ,"1,503"
E01034391 ,"1,625"
E01003254 ,"1,438"
E01003255 ,"1,990"
E01003260 ,"1,661"
E01003261 ,"1,526"
E01003262 ,"1,524"
E01003217 ,"1,930"
E01003218 ,"1,551"
E01003220 ,"1,668"
E01003222 ,"1,573"
E01003224 ,"1,732"
E01003263 ,"1,801"
E01003268 ,"1,853"
E01003269 ,"1,604"
E01003270 ,"1,645"
E01003271 ,"1,625"
E01003307 ,"1,599"
E01003308 ,"1,789"
E01003314 ,"1,645"
E01003315 ,"1,306"
E01003316 ,"1,477"
E01003216 ,"1,672"
E01003219 ,"1,723"
E01003221 ,"2,161"
E01003223 ,"1,653"
E01003346 ,"1,669"
E01003349 ,"1,545"
E01003351 ,"1,690"
E01003354 ,"2,057"
E01003309 ,"1,620"
E01003310 ,"1,589"
E01003311 ,"1,596"
E01003312 ,"1,756"
E01003313 ,"1,571"
E01003256 ,"2,133"
E01003257 ,"1,602"
E01003258 ,"1,547"
E01003259 ,"1,753"
E01003193 ,"1,799"
E01003194 ,"1,767"
E01003195 ,"1,486"
E01003196 ,"1,763"
E01003197 ,"1,658"
E01003347 ,"1,750"
E01003348 ,"1,788"
E01003350 ,"1,321"
E01003352 ,"2,288"
E01003353 ,"1,785"
E01003264 ,"1,643"
E01003265 ,"1,646"
E01003266 ,"1,721"
E01003267 ,"1,758"
E01003329 ,"1,641"
E01003330 ,"1,591"
E01003331 ,"1,522"
E01003332 ,"1,592"
E01003334 ,"1,785"
E01003189 ,"1,767"
E01003190 ,"2,318"
E01003191 ,"1,662"
E01003192 ,"1,789"
E01003326 ,"1,814"
E01003327 ,"1,631"
E01003328 ,"1,773"
E01003333 ,"1,535"
E01003335 ,"1,514"
E01003236 ,"1,689"
E01003237 ,"1,689"
E01003238 ,"1,480"
E01003239 ,"1,612"
E01032564 ,"1,302"
E01003235 ,"1,422"
E01003240 ,"1,997"
E01003241 ,"1,591"
E01003243 ,"1,509"
E01032565 ,"1,451"
E01003298 ,"1,280"
E01003300 ,"1,487"
E01003303 ,"1,719"
E01003304 ,"2,246"
E01032579 ,"2,157"
E01034392 ,"1,728"
E01034393 ,"1,090"
E01034394 ,"1,251"
E01034395 ,"1,695"
E01003288 ,"2,158"
E01003290 ,"1,910"
E01003291 ,"1,544"
E01033327 ,"2,205"
E01033341 ,"1,324"
E01003472 ,"1,352"
E01003473 ,"1,472"
E01003474 ,"1,355"
E01003478 ,"1,911"
E01034578 ,"1,089"
E01034579 ,"1,875"
E01003460 ,"1,405"
E01003462 ,"1,419"
E01003464 ,"1,389"
E01003465 ,"1,312"
E01003400 ,"1,461"
E01003454 ,"1,362"
E01003456 ,"1,602"
E01003476 ,"1,335"
E01003477 ,"1,596"
E01003401 ,"1,408"
E01003402 ,"1,487"
E01003403 ,"1,481"
E01003404 ,"1,833"
E01003461 ,"1,448"
E01003369 ,"1,641"
E01003370 ,"1,989"
E01003371 ,"1,551"
E01003455 ,"1,670"
E01034580 ,"1,481"
E01034581 ,"1,518"
E01003359 ,"1,748"
E01003360 ,"1,788"
E01003457 ,"1,629"
E01003458 ,"1,757"
E01003459 ,"2,181"
E01003394 ,"2,064"
E01003395 ,"1,636"
E01003396 ,"1,507"
E01003397 ,"1,522"
E01003398 ,"1,911"
E01003368 ,"1,672"
E01003372 ,"1,704"
E01003393 ,"1,620"
E01003406 ,"1,688"
E01003407 ,"1,945"
E01003355 ,"1,768"
E01003356 ,"1,838"
E01003358 ,"1,792"
E01003383 ,"1,647"
E01003384 ,"1,683"
E01003442 ,"1,682"
E01003443 ,"1,630"
E01003444 ,"1,611"
E01003445 ,"1,808"
E01003463 ,"1,505"
E01003380 ,"1,746"
E01003382 ,"1,783"
E01003385 ,"1,636"
E01003399 ,"1,406"
E01003423 ,"1,643"
E01003357 ,"1,867"
E01003376 ,"1,571"
E01003377 ,"1,641"
E01003408 ,"1,948"
E01003410 ,"1,633"
E01003386 ,"2,272"
E01003388 ,"1,727"
E01003389 ,"1,796"
E01003392 ,"1,416"
E01003409 ,"1,800"
E01003387 ,"2,085"
E01003391 ,"1,322"
E01003411 ,"2,035"
E01003412 ,"1,755"
E01003435 ,"2,124"
E01003361 ,"1,672"
E01003424 ,"1,533"
E01003425 ,"1,488"
E01003426 ,"1,756"
E01003428 ,"1,515"
E01003366 ,"1,736"
E01003381 ,"1,572"
E01003446 ,"1,964"
E01003447 ,"1,608"
E01003471 ,"1,723"
E01003413 ,"2,082"
E01003414 ,"1,724"
E01003415 ,"2,390"
E01003416 ,"1,586"
E01003434 ,"1,545"
E01003373 ,"1,551"
E01003378 ,"2,240"
E01003379 ,"2,025"
E01003390 ,"1,787"
E01003405 ,"2,432"
E01003429 ,"1,630"
E01003430 ,"1,675"
E01003431 ,"1,702"
E01003432 ,"1,705"
E01003433 ,"1,595"
E01003466 ,"1,711"
E01003467 ,"1,766"
E01003468 ,"1,761"
E01003469 ,"1,651"
E01003470 ,"1,998"
E01003362 ,"1,382"
E01003363 ,"1,698"
E01003364 ,"1,817"
E01003365 ,"1,486"
E01003421 ,"1,594"
E01003374 ,"1,811"
E01003375 ,"1,779"
E01003437 ,"2,031"
E01003440 ,"1,669"
E01003441 ,"1,898"
E01003427 ,"1,976"
E01003436 ,"1,742"
E01003439 ,"1,590"
E01003448 ,"2,301"
E01003453 ,"1,839"
E01003438 ,"1,827"
E01003449 ,"1,873"
E01003450 ,"1,798"
E01003451 ,"1,943"
E01003452 ,"2,226"
E01003417 ,"1,591"
E01003418 ,"1,442"
E01003419 ,"1,824"
E01003420 ,"1,483"
E01003422 ,"1,465"
E01003543 ,"2,333"
E01003544 ,"1,811"
E01003546 ,"1,788"
E01003550 ,"1,779"
E01003576 ,"1,801"
E01003581 ,"1,802"
E01003582 ,"1,598"
E01003583 ,"2,096"
E01003578 ,"1,994"
E01003584 ,"1,916"
E01003586 ,"1,833"
E01003590 ,"1,607"
E01003579 ,"1,986"
E01003585 ,"1,628"
E01003587 ,"2,486"
E01003591 ,"2,256"
E01003528 ,"1,359"
E01003575 ,"1,659"
E01003577 ,"2,387"
E01003580 ,"2,001"
E01003545 ,"1,753"
E01003548 ,"2,248"
E01003549 ,"2,119"
E01003557 ,"1,956"
E01003547 ,"1,955"
E01003555 ,"1,884"
E01003561 ,"1,714"
E01003567 ,"1,936"
E01003556 ,"1,969"
E01003558 ,"1,715"
E01003570 ,"1,908"
E01003571 ,"2,278"
E01003572 ,"1,674"
E01003551 ,"1,830"
E01003553 ,"2,021"
E01003554 ,"1,899"
E01003559 ,"2,390"
E01003529 ,"2,417"
E01003530 ,"1,893"
E01003531 ,"2,253"
E01003532 ,"2,309"
E01003534 ,"2,323"
E01003533 ,"2,315"
E01003560 ,"1,676"
E01003563 ,"2,620"
E01003588 ,"1,560"
E01003589 ,"1,856"
E01003616 ,"1,846"
E01003618 ,"2,269"
E01003619 ,"2,483"
E01034199 ,"1,819"
E01034200 ,"1,570"
E01003562 ,"2,100"
E01003564 ,"2,367"
E01003565 ,"2,089"
E01003566 ,"1,962"
E01003625 ,"1,682"
E01003626 ,"1,682"
E01003627 ,"1,525"
E01003628 ,"1,691"
E01003629 ,"1,947"
E01003552 ,"1,597"
E01003596 ,"1,717"
E01003597 ,"2,189"
E01003635 ,"1,825"
E01003568 ,"2,586"
E01003569 ,"2,465"
E01003573 ,"2,329"
E01003574 ,"2,549"
E01003520 ,"1,983"
E01003521 ,"2,172"
E01003522 ,"1,852"
E01003525 ,"2,076"
E01003526 ,"1,880"
E01003488 ,"1,983"
E01003489 ,"2,993"
E01003490 ,"1,994"
E01003524 ,"1,930"
E01003631 ,"1,866"
E01003632 ,"2,425"
E01003633 ,"1,857"
E01003634 ,"1,751"
E01003636 ,"2,197"
E01003598 ,"1,894"
E01003600 ,"1,629"
E01003630 ,"1,890"
E01003637 ,"1,889"
E01003491 ,"1,980"
E01003592 ,"1,888"
E01003599 ,"1,650"
E01034201 ,"1,447"
E01034202 ,"1,645"
E01003535 ,"1,856"
E01003536 ,"2,120"
E01003621 ,"1,652"
E01003622 ,"1,821"
E01003623 ,"1,756"
E01003523 ,"2,464"
E01003527 ,"1,828"
E01003537 ,"2,161"
E01003542 ,"2,234"
E01003624 ,"1,689"
E01003492 ,"2,032"
E01003494 ,"2,116"
E01003495 ,"2,075"
E01034203 ,"1,361"
E01034204 ,"1,993"
E01003594 ,"1,830"
E01003595 ,"1,810"
E01003602 ,"2,187"
E01003607 ,"1,895"
E01003496 ,"1,342"
E01003498 ,"1,868"
E01003500 ,"2,049"
E01003593 ,"1,508"
E01003601 ,"2,201"
E01003603 ,"1,940"
E01003605 ,"2,070"
E01003608 ,"2,034"
E01003538 ,"2,137"
E01003539 ,"2,516"
E01003540 ,"2,031"
E01003541 ,"2,022"
E01003499 ,"2,373"
E01003501 ,"2,355"
E01003502 ,"2,671"
E01003503 ,"2,882"
E01003507 ,"2,261"
E01003508 ,"2,558"
E01003509 ,"2,065"
E01003604 ,"2,290"
E01003483 ,"1,654"
E01003484 ,"1,798"
E01003516 ,"1,889"
E01003518 ,"1,638"
E01003519 ,"1,619"
E01003480 ,"2,012"
E01003486 ,"1,206"
E01003487 ,"1,353"
E01034205 ,"1,555"
E01034206 ,"1,766"
E01034207 ,"1,535"
E01003497 ,"1,648"
E01003506 ,"1,425"
E01033584 ,"1,703"
E01034208 ,"1,941"
E01034209 ,"1,480"
E01034210 ,"1,536"
E01034211 ,"1,437"
E01034212 ,"1,925"
E01003479 ,"1,547"
E01003481 ,"1,476"
E01003485 ,"1,688"
E01003513 ,"1,562"
E01003511 ,"1,922"
E01003512 ,"1,980"
E01003514 ,"1,658"
E01003515 ,"2,108"
E01003517 ,"1,884"
E01034213 ,"1,788"
E01034214 ,"1,565"
E01034215 ,"1,536"
E01034216 ,"1,704"
E01034217 ,"2,045"
E01003615 ,"1,703"
E01034218 ,"1,821"
E01034219 ,"1,885"
E01034220 ,"1,234"
E01034221 ,"1,782"
E01033579 ,"1,887"
E01033586 ,"2,103"
E01034222 ,"1,527"
E01034223 ,"1,375"
E01003611 ,"1,961"
E01033581 ,"1,923"
E01033582 ,"1,449"
E01034224 ,"1,753"
E01033580 ,"1,412"
E01034225 ,"1,504"
E01034226 ,"1,414"
E01034227 ,"1,577"
E01034228 ,"1,348"
E01034229 ,"1,409"
E01034230 ,"1,237"
E01034231 ,"1,343"
E01003744 ,"1,453"
E01003745 ,"1,412"
E01003746 ,"1,618"
E01003747 ,"1,361"
E01003748 ,"1,636"
E01003749 ,"1,765"
E01003750 ,"1,913"
E01003720 ,"1,922"
E01003722 ,"2,418"
E01003723 ,"1,915"
E01003726 ,"2,527"
E01003721 ,"1,895"
E01003724 ,"1,483"
E01003725 ,"1,760"
E01003727 ,"1,781"
E01003654 ,"1,702"
E01003655 ,"1,571"
E01003658 ,"1,720"
E01003660 ,"1,775"
E01003656 ,"1,559"
E01003657 ,"2,168"
E01003659 ,"1,756"
E01003698 ,"1,526"
E01003699 ,"1,554"
E01003700 ,"2,525"
E01003701 ,"2,053"
E01003702 ,"2,252"
E01003703 ,"2,651"
E01003704 ,"2,032"
E01003668 ,"1,719"
E01003669 ,"1,549"
E01003670 ,"1,532"
E01003671 ,"1,557"
E01003672 ,"1,697"
E01003673 ,"1,917"
E01003674 ,"2,424"
E01003707 ,"1,529"
E01003708 ,"2,064"
E01003709 ,"1,772"
E01003710 ,"1,520"
E01003759 ,"1,586"
E01003760 ,"1,895"
E01003761 ,"1,824"
E01003762 ,"1,730"
E01003763 ,"2,010"
E01003764 ,"2,105"
E01003765 ,"1,939"
E01003705 ,"2,420"
E01003706 ,"1,702"
E01003711 ,"1,912"
E01003712 ,"1,500"
E01003646 ,"1,916"
E01003648 ,"1,513"
E01003649 ,"1,676"
E01003651 ,"1,516"
E01003639 ,"2,256"
E01003640 ,"1,958"
E01003641 ,"2,035"
E01003642 ,"1,766"
E01003774 ,"1,934"
E01003775 ,"1,658"
E01003776 ,"1,735"
E01003777 ,"1,824"
E01003778 ,"1,945"
E01003779 ,"1,649"
E01003780 ,"1,563"
E01003647 ,"1,969"
E01003650 ,"1,779"
E01003652 ,"1,615"
E01003653 ,"2,163"
E01003638 ,"1,907"
E01003643 ,"2,275"
E01003644 ,"1,656"
E01003645 ,"2,787"
E01003789 ,"1,424"
E01003794 ,"1,549"
E01003795 ,"1,235"
E01003796 ,"1,580"
E01003751 ,"2,274"
E01003753 ,"1,987"
E01003754 ,"1,721"
E01003757 ,"2,141"
E01003769 ,"1,877"
E01003770 ,"2,886"
E01003771 ,"1,793"
E01003773 ,"1,827"
E01003752 ,"2,772"
E01003755 ,"2,413"
E01003756 ,"2,496"
E01034480 ,"1,346"
E01034481 ,"1,706"
E01003766 ,"2,175"
E01003767 ,"2,196"
E01003768 ,"1,922"
E01003772 ,"1,816"
E01003781 ,"2,018"
E01003782 ,"1,740"
E01003786 ,"1,636"
E01003787 ,"1,645"
E01003790 ,"1,498"
E01003791 ,"1,501"
E01003792 ,"1,423"
E01003793 ,"1,581"
E01003783 ,"2,530"
E01003784 ,"2,007"
E01003785 ,"2,047"
E01003788 ,"1,835"
E01003737 ,"2,973"
E01003738 ,"2,378"
E01003739 ,"2,395"
E01003740 ,"2,222"
E01003741 ,"2,047"
E01003742 ,"2,374"
E01003743 ,"1,902"
E01003729 ,"1,773"
E01003730 ,"1,838"
E01003732 ,"1,832"
E01003733 ,"1,838"
E01034482 ,"1,083"
E01034483 ,"1,418"
E01034484 ,"1,705"
E01003731 ,"1,413"
E01003734 ,"1,836"
E01003735 ,"2,109"
E01003736 ,"2,037"
E01003713 ,"1,884"
E01003714 ,"2,424"
E01003715 ,"2,216"
E01003716 ,"1,819"
E01003718 ,"2,003"
E01003719 ,"2,404"
E01032581 ,"1,930"
E01003690 ,"2,155"
E01003691 ,"1,606"
E01003692 ,"1,642"
E01003693 ,"1,702"
E01003694 ,"1,467"
E01003695 ,"1,523"
E01003696 ,"1,784"
E01003697 ,"1,728"
E01003675 ,"1,723"
E01003676 ,"1,941"
E01003677 ,"1,808"
E01003678 ,"1,639"
E01003679 ,"1,759"
E01003680 ,"1,667"
E01003681 ,"2,026"
E01003682 ,"1,858"
E01003663 ,"1,959"
E01003664 ,"1,911"
E01003665 ,"1,710"
E01033590 ,"1,250"
E01033592 ,"1,985"
E01003661 ,"2,225"
E01003662 ,"2,142"
E01003666 ,"2,903"
E01003689 ,"2,231"
E01033589 ,"1,954"
E01033591 ,"2,977"
E01003683 ,"2,187"
E01003684 ,"1,866"
E01003685 ,"1,925"
E01003686 ,"2,020"
E01003688 ,"1,842"
E01003797 ,"1,425"
E01003798 ,"1,406"
E01003799 ,"1,573"
E01003800 ,"1,503"
E01003801 ,"1,281"
E01003802 ,"1,387"
E01003803 ,"1,555"
E01003846 ,"1,710"
E01003847 ,"1,692"
E01003849 ,"1,531"
E01003851 ,"1,602"
E01003860 ,"1,716"
E01003864 ,"1,464"
E01003852 ,"1,360"
E01003853 ,"1,434"
E01003854 ,"1,416"
E01003855 ,"1,930"
E01003856 ,"1,691"
E01003857 ,"1,885"
E01003858 ,"1,658"
E01003848 ,"1,905"
E01003861 ,"1,955"
E01003862 ,"1,930"
E01003863 ,"1,451"
E01003865 ,"1,445"
E01033570 ,"1,904"
E01033571 ,"1,496"
E01003804 ,"1,904"
E01003807 ,"1,964"
E01003808 ,"1,890"
E01003809 ,"1,710"
E01003859 ,"1,623"
E01003873 ,"1,632"
E01003874 ,"1,526"
E01003875 ,"1,675"
E01003878 ,"1,468"
E01003866 ,"1,694"
E01003868 ,"1,568"
E01003871 ,"1,756"
E01003872 ,"1,567"
E01003821 ,"1,691"
E01003876 ,"1,867"
E01003877 ,"1,498"
E01003879 ,"1,416"
E01003892 ,"2,090"
E01003893 ,"1,623"
E01003894 ,"1,662"
E01003895 ,"1,774"
E01003905 ,"1,281"
E01003906 ,"1,702"
E01003907 ,"1,675"
E01003908 ,"1,815"
E01003909 ,"1,634"
E01003867 ,"1,598"
E01003869 ,"1,661"
E01003870 ,"2,100"
E01003910 ,"1,655"
E01003805 ,"1,727"
E01003806 ,"1,473"
E01003816 ,"1,739"
E01003817 ,"1,987"
E01003840 ,"1,826"
E01003841 ,"2,161"
E01003842 ,"1,716"
E01003843 ,"2,215"
E01003844 ,"1,462"
E01003845 ,"1,707"
E01003882 ,"2,000"
E01003883 ,"2,024"
E01003896 ,"1,882"
E01003897 ,"1,960"
E01003898 ,"1,693"
E01003899 ,"1,484"
E01003900 ,"1,685"
E01003901 ,"1,789"
E01003902 ,"1,374"
E01003903 ,"1,657"
E01003904 ,"1,626"
E01003880 ,"1,563"
E01003881 ,"1,770"
E01003884 ,"1,735"
E01003885 ,"1,539"
E01003818 ,"1,607"
E01003819 ,"1,773"
E01003820 ,"2,031"
E01003811 ,"1,841"
E01003812 ,"1,856"
E01003890 ,"1,670"
E01003891 ,"1,746"
E01003810 ,"1,630"
E01003813 ,"1,618"
E01003814 ,"1,786"
E01003815 ,"1,988"
E01003828 ,"1,527"
E01003829 ,"1,690"
E01003830 ,"1,858"
E01003831 ,"1,681"
E01003832 ,"1,487"
E01003833 ,"1,473"
E01003886 ,"1,646"
E01003887 ,"1,796"
E01003888 ,"2,045"
E01003889 ,"1,662"
E01003834 ,"1,600"
E01003835 ,"1,644"
E01003836 ,"1,381"
E01003837 ,"2,058"
E01003838 ,"1,790"
E01003839 ,"2,282"
E01003822 ,"1,480"
E01003823 ,"1,702"
E01003824 ,"1,630"
E01003825 ,"1,774"
E01003826 ,"1,782"
E01003827 ,"1,934"
E01004029 ,"1,996"
E01004032 ,"1,498"
E01004053 ,"1,872"
E01004054 ,"1,530"
E01004055 ,"1,331"
E01003929 ,"1,999"
E01003934 ,"1,954"
E01003935 ,"1,284"
E01003939 ,"1,975"
E01033867 ,"1,547"
E01033868 ,"1,411"
E01003975 ,"1,780"
E01004023 ,"1,649"
E01004028 ,"2,418"
E01033869 ,"1,468"
E01033870 ,"1,769"
E01033871 ,"1,512"
E01033872 ,"1,301"
E01003938 ,"1,829"
E01003940 ,"1,589"
E01003941 ,"1,988"
E01003942 ,"1,885"
E01003979 ,"1,987"
E01003981 ,"1,508"
E01004030 ,"1,489"
E01004031 ,"2,600"
E01004033 ,"2,416"
E01004034 ,"1,600"
E01004036 ,"2,114"
E01004056 ,"2,317"
E01004057 ,"2,240"
E01004058 ,"1,693"
E01004059 ,"2,070"
E01004060 ,"1,969"
E01003936 ,"1,661"
E01003937 ,"1,536"
E01003943 ,"1,494"
E01033873 ,"1,771"
E01033874 ,"1,151"
E01003977 ,"1,872"
E01004037 ,"2,025"
E01004038 ,"2,399"
E01004042 ,"1,957"
E01004043 ,"1,356"
E01003986 ,"1,588"
E01003987 ,"1,839"
E01004024 ,"1,968"
E01004035 ,"1,426"
E01003960 ,"1,773"
E01003961 ,"2,074"
E01003994 ,"1,829"
E01033875 ,"1,318"
E01033876 ,"1,250"
E01033877 ,"1,545"
E01003980 ,"2,000"
E01004039 ,"1,543"
E01004040 ,"1,885"
E01004041 ,"1,631"
E01004044 ,"1,440"
E01003992 ,"1,586"
E01003995 ,"1,374"
E01003998 ,"1,427"
E01003999 ,"1,499"
E01032639 ,"1,915"
E01032719 ,"1,445"
E01003966 ,"2,137"
E01003971 ,"1,426"
E01033878 ,"1,108"
E01033879 ,"2,555"
E01033880 ,"2,133"
E01003963 ,"1,718"
E01003972 ,"1,467"
E01003973 ,"1,651"
E01033881 ,"1,883"
E01003923 ,"1,634"
E01003969 ,"2,459"
E01003991 ,"1,273"
E01003993 ,"2,022"
E01003997 ,"1,296"
E01003983 ,"1,871"
E01003988 ,"2,023"
E01003989 ,"2,259"
E01003990 ,"2,306"
E01004007 ,"1,443"
E01003912 ,"1,952"
E01004011 ,"2,114"
E01004012 ,"2,346"
E01004013 ,"1,684"
E01004014 ,"2,129"
E01003911 ,"2,088"
E01003916 ,"2,412"
E01003917 ,"1,885"
E01003918 ,"1,465"
E01003925 ,"2,032"
E01003919 ,"1,564"
E01003920 ,"2,107"
E01003921 ,"1,917"
E01003922 ,"2,234"
E01003924 ,"2,092"
E01003926 ,"1,397"
E01004008 ,"2,086"
E01004010 ,"1,507"
E01004067 ,"2,212"
E01033882 ,"1,407"
E01033883 ,"1,600"
E01003984 ,"2,290"
E01004003 ,"1,823"
E01004004 ,"2,624"
E01004005 ,"2,326"
E01004006 ,"1,861"
E01003913 ,"2,043"
E01003914 ,"1,855"
E01003915 ,"1,850"
E01004050 ,"1,389"
E01004052 ,"1,747"
E01004061 ,"1,658"
E01004062 ,"2,214"
E01004063 ,"1,882"
E01004065 ,"1,508"
E01004066 ,"2,091"
E01004000 ,"1,949"
E01004001 ,"1,768"
E01004019 ,"2,125"
E01004064 ,"1,941"
E01004068 ,"1,906"
E01004045 ,"1,587"
E01004047 ,"1,643"
E01004048 ,"1,627"
E01004049 ,"1,345"
E01004051 ,"1,285"
E01003953 ,"2,016"
E01003955 ,"1,891"
E01004015 ,"1,805"
E01004021 ,"2,115"
E01004046 ,"1,561"
E01004002 ,"1,704"
E01004016 ,"2,589"
E01004017 ,"1,641"
E01004020 ,"1,746"
E01003952 ,"1,655"
E01003954 ,"1,592"
E01003956 ,"1,848"
E01004071 ,"1,527"
E01004072 ,"1,674"
E01004069 ,"1,294"
E01004070 ,"1,952"
E01004073 ,"1,894"
E01004074 ,"1,706"
E01004075 ,"1,713"
E01003949 ,"1,880"
E01003950 ,"1,993"
E01003957 ,"1,790"
E01003958 ,"1,936"
E01004018 ,"1,899"
E01003945 ,"1,733"
E01003946 ,"1,900"
E01003947 ,"1,608"
E01003948 ,"1,751"
E01003951 ,"1,488"
E01003930 ,"1,967"
E01003932 ,"1,541"
E01003933 ,"2,370"
E01032583 ,"2,050"
E01032584 ,"1,348"
E01032637 ,"1,048"
E01032638 ,"1,102"
E01032640 ,"1,035"
E01032834 ,"1,025"
E01033884 ,"1,102"
E01003976 ,"2,395"
E01032646 ,"1,515"
E01032803 ,"1,506"
E01033885 ,"1,330"
E01004125 ,"1,609"
E01004183 ,"1,775"
E01004184 ,"1,705"
E01004185 ,"2,117"
E01004189 ,"2,115"
E01004123 ,"2,279"
E01004124 ,"2,007"
E01004126 ,"1,567"
E01004128 ,"1,447"
E01004129 ,"1,888"
E01004130 ,"1,764"
E01004131 ,"1,888"
E01004134 ,"1,610"
E01004135 ,"1,453"
E01004136 ,"1,564"
E01004164 ,"1,443"
E01004166 ,"1,566"
E01004169 ,"1,807"
E01004186 ,"1,719"
E01034153 ,"1,402"
E01034154 ,"1,538"
E01004127 ,"1,844"
E01004163 ,"1,729"
E01004165 ,"1,776"
E01004167 ,"1,632"
E01004187 ,"1,676"
E01004117 ,"1,432"
E01004121 ,"1,584"
E01004192 ,"1,864"
E01004193 ,"2,845"
E01004195 ,"1,695"
E01004144 ,"1,770"
E01004145 ,"2,280"
E01004146 ,"1,983"
E01004147 ,"1,583"
E01004116 ,"1,586"
E01004122 ,"1,390"
E01004190 ,"1,386"
E01004191 ,"1,886"
E01004194 ,"1,596"
E01004196 ,"1,577"
E01004115 ,"1,838"
E01004118 ,"1,810"
E01004119 ,"1,441"
E01004132 ,"1,486"
E01004133 ,"1,564"
E01004171 ,"1,609"
E01004172 ,"1,941"
E01004173 ,"1,365"
E01004175 ,"1,737"
E01004176 ,"1,525"
E01004076 ,"1,630"
E01004077 ,"1,626"
E01004078 ,"1,763"
E01004079 ,"1,392"
E01004080 ,"1,394"
E01004081 ,"1,643"
E01004082 ,"1,389"
E01004137 ,"2,556"
E01004140 ,"1,882"
E01004141 ,"1,825"
E01004149 ,"1,862"
E01034155 ,"2,052"
E01034156 ,"1,406"
E01004101 ,"1,409"
E01004103 ,"1,776"
E01004138 ,"1,808"
E01004139 ,"1,542"
E01004168 ,"1,611"
E01004143 ,"1,533"
E01004148 ,"1,818"
E01004159 ,"1,650"
E01004160 ,"1,650"
E01004161 ,"1,518"
E01004097 ,"1,656"
E01004098 ,"1,298"
E01004099 ,"1,616"
E01004100 ,"1,527"
E01004102 ,"1,515"
E01004110 ,"2,039"
E01004111 ,"1,688"
E01004112 ,"1,667"
E01004120 ,"1,514"
E01004157 ,"1,295"
E01004087 ,"1,565"
E01004170 ,"2,207"
E01004174 ,"1,573"
E01004178 ,"2,368"
E01004179 ,"1,617"
E01004152 ,"1,774"
E01004155 ,"1,904"
E01004156 ,"2,018"
E01004158 ,"1,605"
E01004162 ,"1,694"
E01004083 ,"1,502"
E01004086 ,"2,015"
E01004088 ,"1,939"
E01004089 ,"1,345"
E01004182 ,"1,767"
E01004104 ,"1,568"
E01004107 ,"1,622"
E01004177 ,"1,804"
E01004180 ,"1,761"
E01004181 ,"1,732"
E01004090 ,"1,344"
E01004096 ,"1,561"
E01004150 ,"1,986"
E01004151 ,"1,966"
E01004153 ,"1,928"
E01004091 ,"1,282"
E01004092 ,"1,507"
E01004105 ,"1,876"
E01004106 ,"1,626"
E01004154 ,"1,485"
E01004084 ,"1,449"
E01004085 ,"1,609"
E01004108 ,"1,967"
E01004109 ,"1,714"
E01004093 ,"1,716"
E01004094 ,"1,865"
E01004095 ,"1,562"
E01004114 ,"1,780"
E01032623 ,"1,798"
E01004222 ,"2,730"
E01004223 ,"2,215"
E01004226 ,"2,407"
E01035657 ,"1,047"
E01035658 ,"1,287"
E01035659 ,"1,577"
E01004198 ,"1,490"
E01004199 ,"1,695"
E01004201 ,"1,689"
E01035660 ,"1,446"
E01035661 ,"1,643"
E01004228 ,"1,947"
E01004230 ,"2,146"
E01004232 ,"1,791"
E01004233 ,"2,204"
E01004234 ,"2,561"
E01004229 ,"1,419"
E01004231 ,"1,646"
E01032764 ,"2,361"
E01032765 ,"1,754"
E01032784 ,"1,709"
E01035662 ,"1,112"
E01035663 ,"1,330"
E01004200 ,"1,502"
E01004202 ,"2,019"
E01004203 ,"1,808"
E01004204 ,"1,868"
E01004311 ,"1,845"
E01004315 ,"1,580"
E01035664 ,"2,506"
E01004259 ,"1,753"
E01004260 ,"1,785"
E01004263 ,"1,381"
E01004266 ,"1,452"
E01004235 ,"1,312"
E01004236 ,"1,560"
E01004237 ,"1,530"
E01004239 ,"1,773"
E01035665 ,"1,429"
E01035666 ,"1,917"
E01035667 ,"1,994"
E01004312 ,"1,525"
E01004313 ,"2,125"
E01004316 ,"1,039"
E01035668 ,"2,073"
E01035669 ,"1,384"
E01004264 ,"1,441"
E01032785 ,"2,516"
E01032786 ,"1,614"
E01035670 ,"4,279"
E01004207 ,"1,426"
E01004209 ,"1,387"
E01004212 ,"2,231"
E01032787 ,"2,452"
E01004240 ,"1,684"
E01004241 ,"1,672"
E01004267 ,"2,200"
E01004268 ,"1,769"
E01035671 ,"2,164"
E01035672 ,"2,954"
E01035673 ,"1,128"
E01004205 ,"2,203"
E01004206 ,"1,464"
E01004208 ,"1,978"
E01004211 ,"1,629"
E01004270 ,"2,420"
E01004271 ,"2,463"
E01004272 ,"2,668"
E01035674 ,"1,391"
E01035675 ,"1,782"
E01035676 ,"1,569"
E01035677 ,"1,517"
E01004306 ,"1,842"
E01004307 ,"2,336"
E01004308 ,"1,441"
E01004309 ,"2,793"
E01004310 ,"2,021"
E01004283 ,"2,185"
E01004287 ,"2,250"
E01004289 ,"1,936"
E01004290 ,"1,975"
E01004322 ,"1,401"
E01004323 ,"1,627"
E01004324 ,"1,599"
E01004326 ,"1,887"
E01004245 ,"2,966"
E01004248 ,"1,888"
E01004249 ,"2,439"
E01035678 ,"1,937"
E01035679 ,"1,601"
E01004286 ,"2,476"
E01004288 ,"1,853"
E01035680 ,"1,852"
E01035681 ,"2,005"
E01035682 ,"1,483"
E01035683 ,"1,832"
E01004243 ,"1,553"
E01004244 ,"2,049"
E01004247 ,"2,640"
E01035684 ,"1,569"
E01035685 ,"1,476"
E01004319 ,"2,506"
E01004321 ,"2,146"
E01032767 ,"1,564"
E01035686 ,"1,512"
E01035687 ,"1,749"
E01035688 ,"1,669"
E01035689 ,"1,622"
E01004298 ,"1,604"
E01004300 ,"1,450"
E01004304 ,"2,136"
E01004305 ,"1,864"
E01004251 ,"2,578"
E01004255 ,"1,586"
E01004258 ,"1,472"
E01035690 ,"2,031"
E01035691 ,"1,924"
E01004256 ,"1,690"
E01004257 ,"2,232"
E01035692 ,"1,464"
E01035693 ,"1,553"
E01035694 ,"2,213"
E01035695 ,"1,647"
E01004301 ,"1,420"
E01004302 ,"1,669"
E01004303 ,"2,871"
E01032768 ,"1,321"
E01032769 ,"1,339"
E01004292 ,"1,672"
E01004295 ,"2,003"
E01004296 ,"2,430"
E01035696 ,"1,185"
E01035697 ,"1,675"
E01004291 ,"1,911"
E01004293 ,"1,987"
E01004297 ,"1,917"
E01004214 ,"1,620"
E01004216 ,"1,788"
E01004217 ,"2,077"
E01004218 ,"1,927"
E01004274 ,"1,956"
E01004275 ,"2,514"
E01004276 ,"2,052"
E01004281 ,"1,991"
E01032775 ,"1,187"
E01032783 ,"1,308"
E01004280 ,"1,954"
E01032770 ,"2,127"
E01032772 ,"2,407"
E01032774 ,"1,803"
E01035698 ,"1,002"
E01035699 ,"1,722"
E01004277 ,"1,593"
E01032771 ,"1,546"
E01032781 ,"1,689"
E01032782 ,"2,248"
E01032776 ,"2,067"
E01035700 ,"1,153"
E01035701 ,"1,176"
E01035702 ,"1,497"
E01004219 ,"2,721"
E01032777 ,"1,278"
E01032779 ,"1,405"
E01032780 ,"2,058"
E01004221 ,"1,976"
E01035703 ,"1,107"
E01035704 ,"1,747"
E01035705 ,"1,446"
E01035706 ,"1,290"
E01004349 ,"1,547"
E01004350 ,"1,901"
E01004351 ,"1,645"
E01004356 ,"1,698"
E01004357 ,"1,583"
E01004352 ,"1,884"
E01004353 ,"1,815"
E01004354 ,"1,965"
E01004358 ,"1,952"
E01004359 ,"1,712"
E01004384 ,"2,002"
E01004385 ,"1,534"
E01004386 ,"1,698"
E01004389 ,"1,733"
E01004390 ,"1,600"
E01004355 ,"1,690"
E01004360 ,"1,334"
E01004413 ,"1,543"
E01004415 ,"1,618"
E01004416 ,"1,824"
E01004361 ,"1,383"
E01004414 ,"1,814"
E01004417 ,"1,886"
E01004451 ,"1,841"
E01004452 ,"1,887"
E01004450 ,"1,708"
E01004453 ,"1,816"
E01004454 ,"1,971"
E01004455 ,"1,794"
E01004456 ,"1,686"
E01004379 ,"1,926"
E01004380 ,"1,796"
E01004381 ,"1,985"
E01004383 ,"1,687"
E01004387 ,"1,439"
E01004388 ,"1,660"
E01004343 ,"1,871"
E01004344 ,"1,904"
E01004382 ,"1,753"
E01004418 ,"1,780"
E01004419 ,"2,652"
E01004398 ,"2,029"
E01004399 ,"1,890"
E01004400 ,"1,898"
E01004402 ,"1,870"
E01004403 ,"2,588"
E01004345 ,"1,792"
E01004348 ,"2,947"
E01004377 ,"1,837"
E01004378 ,"1,849"
E01004342 ,"2,091"
E01004346 ,"1,796"
E01004347 ,"2,184"
E01004460 ,"2,047"
E01004462 ,"2,355"
E01004396 ,"1,995"
E01004457 ,"1,907"
E01004458 ,"2,038"
E01004459 ,"1,666"
E01004463 ,"2,047"
E01004407 ,"1,632"
E01004410 ,"1,845"
E01004464 ,"1,729"
E01004469 ,"1,926"
E01004470 ,"1,671"
E01004471 ,"1,776"
E01004391 ,"2,326"
E01004393 ,"1,691"
E01004401 ,"2,368"
E01004404 ,"2,852"
E01034485 ,"2,014"
E01034486 ,"1,655"
E01004412 ,"1,788"
E01004465 ,"1,607"
E01004466 ,"1,719"
E01004467 ,"2,354"
E01004468 ,"1,779"
E01004406 ,"1,846"
E01004408 ,"1,732"
E01004409 ,"1,774"
E01004411 ,"1,981"
E01004443 ,"2,235"
E01004447 ,"1,862"
E01004392 ,"2,565"
E01004394 ,"2,003"
E01004397 ,"2,908"
E01004444 ,"2,820"
E01004446 ,"2,668"
E01004395 ,"1,700"
E01004421 ,"2,132"
E01004445 ,"2,088"
E01004448 ,"1,931"
E01004449 ,"1,892"
E01004363 ,"1,666"
E01004364 ,"1,984"
E01004366 ,"1,936"
E01004367 ,"1,607"
E01004368 ,"2,449"
E01004365 ,"2,543"
E01004405 ,"1,716"
E01004420 ,"2,258"
E01004423 ,"2,102"
E01034487 ,"1,254"
E01034488 ,"1,925"
E01004362 ,"1,608"
E01004436 ,"1,531"
E01004437 ,"1,792"
E01004439 ,"1,636"
E01004442 ,"1,544"
E01004422 ,"2,648"
E01004424 ,"2,120"
E01004425 ,"1,989"
E01004426 ,"1,831"
E01004427 ,"1,975"
E01004369 ,"1,757"
E01004370 ,"2,105"
E01004372 ,"1,645"
E01004432 ,"1,932"
E01004435 ,"2,147"
E01004333 ,"1,696"
E01004334 ,"1,892"
E01004438 ,"2,142"
E01004440 ,"2,066"
E01004441 ,"1,527"
E01004371 ,"1,646"
E01004373 ,"1,798"
E01004374 ,"1,967"
E01004375 ,"1,933"
E01004376 ,"1,891"
E01004336 ,"1,555"
E01004428 ,"2,091"
E01004429 ,"1,832"
E01004430 ,"2,677"
E01004434 ,"2,146"
E01004335 ,"1,740"
E01004337 ,"1,742"
E01004338 ,"2,020"
E01004339 ,"1,883"
E01004340 ,"1,880"
E01004341 ,"1,935"
E01004327 ,"1,506"
E01004328 ,"1,869"
E01004329 ,"1,810"
E01004330 ,"1,677"
E01004331 ,"1,656"
E01004332 ,"1,944"
E01004560 ,"1,934"
E01004566 ,"1,681"
E01004582 ,"2,201"
E01004583 ,"1,710"
E01004539 ,"2,092"
E01004540 ,"2,235"
E01004577 ,"1,848"
E01004584 ,"1,726"
E01004579 ,"1,871"
E01004580 ,"2,114"
E01004581 ,"1,781"
E01033099 ,"1,886"
E01033133 ,"1,194"
E01035488 ,"1,465"
E01035489 ,"1,329"
E01004565 ,"1,663"
E01004590 ,"1,850"
E01004591 ,"1,903"
E01004592 ,"1,685"
E01004604 ,"1,564"
E01004605 ,"1,821"
E01004606 ,"1,673"
E01004607 ,"1,629"
E01004608 ,"1,669"
E01004535 ,"1,857"
E01004537 ,"2,072"
E01004538 ,"2,478"
E01004541 ,"1,696"
E01004534 ,"1,920"
E01004536 ,"2,350"
E01004552 ,"1,971"
E01004585 ,"1,826"
E01004588 ,"2,014"
E01004554 ,"1,657"
E01004556 ,"1,646"
E01004586 ,"1,897"
E01004587 ,"1,820"
E01004589 ,"1,797"
E01004511 ,"1,591"
E01004602 ,"1,647"
E01004609 ,"2,136"
E01033135 ,"1,188"
E01035490 ,"1,704"
E01035491 ,"1,236"
E01035492 ,"1,686"
E01035493 ,"1,653"
E01004506 ,"2,217"
E01004638 ,"1,375"
E01004639 ,"1,707"
E01004640 ,"1,679"
E01004641 ,"1,888"
E01004508 ,"2,002"
E01004510 ,"1,843"
E01004514 ,"1,822"
E01004515 ,"1,684"
E01004551 ,"1,565"
E01004568 ,"1,762"
E01004574 ,"2,116"
E01004575 ,"1,888"
E01004576 ,"1,606"
E01004500 ,"1,927"
E01004501 ,"1,534"
E01004503 ,"1,702"
E01004505 ,"1,618"
E01004507 ,"2,585"
E01004553 ,"1,764"
E01004557 ,"1,728"
E01004558 ,"1,845"
E01004559 ,"1,468"
E01004619 ,"1,357"
E01004572 ,"1,684"
E01004642 ,"2,111"
E01004643 ,"2,350"
E01004644 ,"2,507"
E01004645 ,"2,114"
E01004477 ,"1,657"
E01004478 ,"1,566"
E01004479 ,"1,512"
E01004550 ,"1,361"
E01004555 ,"1,724"
E01004494 ,"1,785"
E01004513 ,"1,931"
E01004601 ,"2,464"
E01035494 ,"1,799"
E01035495 ,"1,345"
E01004493 ,"1,947"
E01004512 ,"1,454"
E01004620 ,"1,696"
E01004621 ,"1,719"
E01004623 ,"1,772"
E01004627 ,"1,588"
E01004499 ,"1,610"
E01004502 ,"1,641"
E01004504 ,"1,525"
E01004594 ,"1,701"
E01004596 ,"1,617"
E01004629 ,"1,592"
E01004472 ,"1,782"
E01004474 ,"2,017"
E01004476 ,"1,812"
E01004542 ,"1,572"
E01004544 ,"1,537"
E01004628 ,"2,340"
E01004630 ,"1,759"
E01004631 ,"1,885"
E01004633 ,"1,655"
E01004569 ,"2,382"
E01004570 ,"1,931"
E01004571 ,"1,845"
E01004573 ,"1,684"
E01004495 ,"1,585"
E01004496 ,"1,930"
E01004497 ,"1,498"
E01004622 ,"1,848"
E01004624 ,"1,574"
E01004593 ,"1,936"
E01004595 ,"1,802"
E01004597 ,"1,891"
E01004598 ,"2,146"
E01004599 ,"1,566"
E01004473 ,"1,773"
E01004475 ,"1,510"
E01004480 ,"1,721"
E01004483 ,"2,101"
E01004484 ,"1,498"
E01004486 ,"1,425"
E01004543 ,"1,743"
E01004545 ,"1,937"
E01004546 ,"1,500"
E01004549 ,"1,662"
E01004625 ,"1,315"
E01004626 ,"1,847"
E01004632 ,"1,515"
E01004634 ,"1,480"
E01004635 ,"1,662"
E01004636 ,"1,464"
E01004637 ,"1,465"
E01004481 ,"1,640"
E01004488 ,"1,331"
E01004547 ,"1,425"
E01004548 ,"2,036"
E01004482 ,"1,557"
E01004485 ,"1,733"
E01004487 ,"1,492"
E01004489 ,"1,364"
E01004490 ,"1,570"
E01004491 ,"2,509"
E01004492 ,"1,740"
E01004498 ,"1,687"
E01004532 ,"1,441"
E01004611 ,"1,547"
E01004612 ,"1,602"
E01004618 ,"1,510"
E01004531 ,"1,763"
E01004533 ,"1,448"
E01004610 ,"1,984"
E01004613 ,"1,694"
E01004614 ,"1,971"
E01004615 ,"1,644"
E01004616 ,"1,896"
E01004617 ,"1,909"
E01004525 ,"1,926"
E01004526 ,"1,775"
E01004527 ,"1,659"
E01004528 ,"1,653"
E01004529 ,"2,103"
E01004530 ,"1,745"
E01004516 ,"1,746"
E01004518 ,"1,734"
E01004519 ,"1,756"
E01004520 ,"1,402"
E01004523 ,"1,637"
E01004517 ,"2,262"
E01004521 ,"2,036"
E01004522 ,"1,729"
E01004524 ,"1,839"
E01033098 ,"1,709"
E01033132 ,"2,037"
E01035496 ,"1,255"
E01035497 ,"1,494"
E01035498 ,"1,216"
E01004563 ,"2,179"
E01004564 ,"1,874"
E01004567 ,"2,365"
E01033100 ,"1,869"
E01035499 ,"1,604"
E01004647 ,"1,392"
E01004649 ,"1,408"
E01004724 ,"1,896"
E01004730 ,"1,461"
E01004646 ,"1,723"
E01004648 ,"2,321"
E01004650 ,"1,816"
E01004710 ,"1,953"
E01004711 ,"2,001"
E01004651 ,"1,775"
E01004725 ,"1,295"
E01004726 ,"1,688"
E01004728 ,"1,454"
E01004729 ,"1,490"
E01004718 ,"1,859"
E01004719 ,"1,824"
E01004720 ,"2,274"
E01004721 ,"1,881"
E01004722 ,"2,685"
E01004674 ,"1,902"
E01004675 ,"2,352"
E01004677 ,"1,716"
E01004678 ,"1,963"
E01004679 ,"1,975"
E01004723 ,"2,234"
E01004676 ,"1,498"
E01004706 ,"1,475"
E01004707 ,"1,840"
E01004708 ,"1,540"
E01004756 ,"1,523"
E01004701 ,"1,540"
E01004703 ,"1,994"
E01004705 ,"1,245"
E01004709 ,"1,694"
E01035715 ,"2,779"
E01004659 ,"1,631"
E01004660 ,"1,431"
E01004712 ,"1,449"
E01004727 ,"1,545"
E01004670 ,"2,711"
E01004702 ,"2,808"
E01033598 ,"1,366"
E01033601 ,"1,981"
E01033602 ,"1,527"
E01033603 ,"1,266"
E01033604 ,"1,181"
E01033605 ,"1,640"
E01004754 ,"1,878"
E01004755 ,"2,452"
E01004757 ,"1,657"
E01032512 ,"2,386"
E01032513 ,"1,234"
E01004713 ,"1,316"
E01004714 ,"1,668"
E01004716 ,"1,043"
E01004717 ,"1,262"
E01004762 ,"1,549"
E01004657 ,"1,214"
E01004658 ,"1,523"
E01004661 ,"1,998"
E01004662 ,"1,320"
E01004663 ,"1,418"
E01004715 ,"1,805"
E01004763 ,"2,016"
E01004765 ,"1,869"
E01035716 ,"2,189"
E01004653 ,"1,958"
E01004654 ,"2,447"
E01004656 ,"1,967"
E01004760 ,"1,688"
E01035717 ,"1,896"
E01004680 ,"1,242"
E01004683 ,"1,491"
E01004684 ,"1,341"
E01004686 ,"1,399"
E01033593 ,"1,732"
E01033594 ,"1,500"
E01004681 ,"1,838"
E01004682 ,"1,278"
E01004694 ,"1,473"
E01004697 ,"1,343"
E01004700 ,"1,485"
E01004652 ,"1,615"
E01004693 ,"1,211"
E01004695 ,"1,071"
E01004696 ,"1,445"
E01004698 ,"1,336"
E01004699 ,"1,754"
E01004734 ,"1,691"
E01004735 ,"2,027"
E01004736 ,"1,466"
E01004761 ,"1,205"
E01004687 ,"1,319"
E01004690 ,"1,065"
E01004691 ,"1,151"
E01004692 ,"1,025"
E01035718 ,"2,568"
E01004731 ,"2,002"
E01004732 ,"1,309"
E01004733 ,"2,102"
E01004744 ,"1,454"
E01004748 ,"1,218"
E01004740 ,"1,305"
E01004743 ,"1,500"
E01004746 ,"1,249"
E01004747 ,"2,181"
E01035719 ,"1,272"
E01035720 ,"1,218"
E01004742 ,"1,258"
E01004749 ,"2,184"
E01004751 ,"1,712"
E01004752 ,"1,362"
E01004753 ,"1,755"
E01004668 ,"1,420"
E01004750 ,"1,585"
E01033597 ,"1,006"
E01033599 ,"1,301"
E01035721 ,"2,327"
E01004665 ,"1,453"
E01004669 ,"1,721"
E01004737 ,"1,218"
E01004741 ,"1,289"
E01035722 ,"2,015"
