lsoa21cd,tfv_count
E01000011,21
E01000046,17
E01000051,22
E01000077,17
E01000083,9
E01032580,24
E01034472,13
E01000006,30
E01000009,43
E01000022,8
E01000074,20
E01000084,14
E01000089,18
E01000097,21
E01000113,18
E01034470,8
E01034473,75
E01034477,13
E01000012,41
E01000017,11
E01000024,11
E01000038,22
E01000040,19
E01000041,11
E01000043,25
E01000050,26
E01000058,20
E01000076,14
E01000081,14
E01000082,18
E01000085,19
E01000086,19
E01000025,20
E01000028,14
E01000033,7
E01000042,14
E01000052,26
E01000055,17
E01000063,14
E01000078,19
E01034474,40
E01000016,15
E01000018,16
E01000044,17
E01000049,47
E01000066,20
E01000067,27
E01000101,15
E01000108,21
E01000110,17
E01000021,32
E01000037,12
E01000054,17
E01000059,27
E01034471,41
E01000007,44
E01000008,40
E01000057,18
E01000062,20
E01000064,26
E01000065,23
E01000099,24
E01000104,24
E01000106,45
E01000114,22
E01000019,14
E01000053,16
E01000100,18
E01033587,165
E01034469,24
E01034479,43
E01000020,10
E01000069,25
E01000075,23
E01000088,23
E01000091,23
E01000102,21
E01000013,20
E01000015,19
E01000068,27
E01000045,30
E01000056,90
E01000071,33
E01000079,21
E01000105,37
E01000035,37
E01000073,16
E01000087,155
E01000098,16
E01000032,21
E01000072,28
E01000080,14
E01000093,31
E01000111,36
E01000112,69
E01000014,25
E01000029,30
E01000070,36
E01000061,34
E01000103,26
E01000036,13
E01000107,19
E01000096,59
E01000030,53
E01034475,47
E01034476,74
E01000031,24
E01000094,31
E01000060,33
E01000034,8
E01000027,26
E01000039,20
E01000090,27
E01034478,20
E01000095,122
E01033917,4
E01033918,15
E01033919,2
E01033921,4
E01000133,18
E01000181,17
E01000185,20
E01000189,33
E01000226,22
E01000306,17
E01000312,19
E01033916,16
E01033922,10
E01033923,15
E01000126,37
E01000134,17
E01000137,31
E01000145,26
E01000151,21
E01000154,28
E01000165,47
E01000217,21
E01000219,47
E01000236,41
E01033913,37
E01000140,37
E01000143,40
E01000147,37
E01000182,41
E01000216,38
E01000224,30
E01000238,39
E01000242,24
E01000277,33
E01000295,51
E01000297,20
E01000299,38
E01000300,18
E01000304,20
E01000317,23
E01000319,21
E01033915,9
E01000130,25
E01000163,38
E01000179,29
E01000215,25
E01000220,25
E01000269,7
E01000293,15
E01033920,10
E01000120,17
E01000127,21
E01000157,20
E01000180,16
E01000225,20
E01000245,74
E01000286,8
E01000309,23
E01000311,43
E01000314,34
E01000321,27
E01000117,27
E01000132,19
E01000144,63
E01000153,29
E01000174,28
E01000202,44
E01000265,27
E01000320,18
E01000324,28
E01033912,4
E01033914,30
E01000124,49
E01000142,50
E01000150,274
E01000156,26
E01000162,23
E01000169,18
E01000176,25
E01000190,21
E01000197,31
E01000205,54
E01000227,18
E01000251,24
E01000291,7
E01000292,14
E01000191,14
E01000218,10
E01000252,18
E01000267,19
E01000289,21
E01033924,18
E01000115,23
E01000122,17
E01000128,34
E01000131,30
E01000152,33
E01000158,29
E01000170,21
E01000177,20
E01000263,14
E01000281,21
E01000287,8
E01000294,45
E01000313,30
E01000138,29
E01000146,66
E01000168,14
E01000171,66
E01000183,36
E01000187,8
E01000192,32
E01000195,329
E01000196,36
E01000285,7
E01000298,21
E01000315,34
E01000323,31
E01000116,19
E01000214,47
E01000231,23
E01000235,27
E01000243,27
E01000270,20
E01000302,30
E01000322,21
E01000200,22
E01000203,43
E01000229,13
E01000232,26
E01000247,12
E01000271,41
E01000303,20
E01000318,28
E01000136,49
E01000141,146
E01000159,37
E01000160,71
E01000173,28
E01000201,37
E01000204,34
E01000237,29
E01000278,12
E01000296,48
E01000316,86
E01000161,31
E01000166,20
E01000194,47
E01000199,32
E01000208,40
E01000209,42
E01000248,29
E01000284,22
E01000301,19
E01000139,39
E01000167,20
E01000186,15
E01000198,31
E01000222,21
E01000223,78
E01000234,23
E01000274,38
E01000121,8
E01000123,49
E01000164,86
E01000178,30
E01000184,28
E01000193,50
E01000210,36
E01000213,49
E01000239,30
E01000240,34
E01000288,15
E01000119,25
E01000212,34
E01000230,16
E01000233,29
E01000241,30
E01000268,45
E01000273,16
E01000283,15
E01000307,178
E01000129,26
E01000135,33
E01000175,18
E01000211,39
E01000221,143
E01000244,31
E01000272,26
E01000275,28
E01000172,13
E01000207,50
E01000257,45
E01000308,27
E01033925,16
E01000118,28
E01000264,45
E01000266,29
E01000310,48
E01000250,36
E01000276,18
E01000280,8
E01000249,12
E01000282,17
E01000256,21
E01000260,44
E01000261,14
E01000305,109
E01000259,30
E01000206,84
E01000255,22
E01000228,16
E01000258,25
E01000188,17
E01000246,26
E01000254,27
E01000253,16
E01000290,9
E01033911,27
E01000279,12
E01000373,18
E01000411,10
E01000438,12
E01000452,14
E01000456,14
E01000464,46
E01033789,14
E01000426,7
E01033790,8
E01000368,16
E01000396,16
E01000401,12
E01000431,14
E01000347,15
E01000357,10
E01000370,11
E01000419,14
E01000423,6
E01000453,11
E01000463,10
E01000326,10
E01000366,14
E01000409,10
E01000410,7
E01000415,7
E01000416,68
E01000435,14
E01000454,17
E01000455,8
E01000337,22
E01000341,3
E01000422,39
E01000446,12
E01000342,10
E01000355,6
E01000371,14
E01000393,22
E01000395,10
E01000436,6
E01000437,8
E01000439,12
E01000441,22
E01000450,16
E01000459,16
E01000467,22
E01000325,3
E01000345,12
E01000348,14
E01000364,19
E01000369,9
E01000413,8
E01000440,8
E01000443,5
E01000451,11
E01000333,29
E01000354,7
E01000372,15
E01000384,13
E01000392,16
E01000404,17
E01000424,14
E01000465,27
E01000469,7
E01000336,27
E01000380,17
E01000394,15
E01000425,13
E01000458,15
E01000470,56
E01000327,12
E01000332,10
E01000340,6
E01000343,7
E01000349,11
E01000356,12
E01000379,13
E01000398,8
E01000402,9
E01000414,16
E01000427,29
E01032566,12
E01000334,13
E01000358,14
E01000365,6
E01000367,15
E01000391,13
E01000412,19
E01000420,20
E01000449,35
E01000330,6
E01000353,10
E01000362,25
E01000421,10
E01000442,10
E01000461,5
E01000339,13
E01000360,30
E01000387,9
E01000388,15
E01000399,23
E01000429,27
E01000433,33
E01033791,50
E01000338,21
E01000351,17
E01000375,23
E01000406,20
E01000407,18
E01000418,22
E01000460,5
E01000329,5
E01000344,9
E01000382,10
E01000457,55
E01000346,7
E01000352,18
E01000359,13
E01000389,5
E01000390,14
E01000400,17
E01000350,6
E01000361,11
E01000385,48
E01000331,37
E01000363,10
E01000448,5
E01000468,34
E01000417,41
E01000328,11
E01000386,49
E01000428,65
E01000374,26
E01000377,14
E01000405,26
E01000444,15
E01000462,41
E01000403,69
E01000445,5
E01000376,4
E01000408,31
E01000434,15
E01000335,66
E01000430,25
E01000447,88
E01033792,26
E01000381,11
E01000466,50
E01000383,21
E01000471,10
E01000509,30
E01000522,39
E01000532,23
E01000546,42
E01000547,29
E01000549,33
E01000552,15
E01000556,71
E01000559,30
E01000561,59
E01000584,27
E01000585,17
E01000599,21
E01000603,7
E01000611,17
E01000616,23
E01000637,37
E01033485,34
E01033936,11
E01033939,22
E01033940,17
E01033941,9
E01000505,28
E01000508,65
E01000523,62
E01000531,34
E01000544,27
E01000545,77
E01000548,42
E01000551,34
E01000553,51
E01000570,7
E01000572,4
E01000579,28
E01000593,21
E01000629,20
E01033455,17
E01033929,76
E01033933,19
E01033937,15
E01000483,22
E01000513,25
E01000517,22
E01000526,37
E01000550,58
E01000557,50
E01000558,55
E01000560,51
E01000567,10
E01000574,14
E01000581,32
E01000592,36
E01000602,26
E01000606,34
E01000607,21
E01000619,17
E01000639,31
E01000642,55
E01000644,50
E01033457,26
E01033934,38
E01033935,12
E01000490,41
E01000493,26
E01000504,31
E01000514,21
E01000520,13
E01000521,62
E01000530,28
E01000555,24
E01000594,42
E01000595,24
E01000612,9
E01000613,14
E01000617,31
E01000632,13
E01000640,47
E01033930,27
E01000488,23
E01000492,35
E01000512,26
E01000528,27
E01000541,16
E01000569,14
E01000573,8
E01000583,52
E01000636,15
E01000641,72
E01000485,13
E01000494,40
E01000507,24
E01000510,47
E01000525,37
E01000527,36
E01000534,48
E01000554,56
E01000604,23
E01000605,84
E01000634,8
E01000511,39
E01000533,56
E01000566,15
E01000580,83
E01000582,54
E01000621,14
E01000623,25
E01000627,37
E01000474,17
E01000495,39
E01000501,28
E01000516,37
E01000524,47
E01000535,33
E01000565,10
E01000571,9
E01000626,30
E01000476,16
E01000497,93
E01000498,24
E01000506,45
E01000577,16
E01000609,20
E01000618,14
E01000628,38
E01000633,15
E01033931,51
E01033932,16
E01000478,15
E01000479,24
E01000480,22
E01000503,48
E01000515,21
E01000631,12
E01033942,68
E01000472,35
E01000484,8
E01000502,26
E01000536,57
E01000562,17
E01000578,144
E01000587,43
E01033456,46
E01000564,12
E01000568,39
E01000590,21
E01000625,23
E01000630,24
E01000473,14
E01000543,21
E01000596,33
E01000610,20
E01000620,12
E01000624,22
E01000491,42
E01000638,40
E01000475,21
E01000477,39
E01000489,27
E01000540,21
E01000586,45
E01000589,36
E01000591,43
E01000538,11
E01000539,12
E01000575,17
E01000576,16
E01000615,154
E01000481,16
E01000519,16
E01000563,9
E01000601,369
E01000608,34
E01000622,18
E01000643,40
E01000487,22
E01000486,10
E01000499,57
E01033463,24
E01000518,25
E01033938,135
E01000701,23
E01000702,25
E01000705,25
E01000746,20
E01000796,35
E01034386,29
E01000669,51
E01000699,23
E01000741,28
E01000744,29
E01034384,12
E01000781,15
E01000798,24
E01000805,31
E01032562,18
E01000707,18
E01000795,14
E01000801,35
E01000806,40
E01000674,34
E01000700,7
E01000778,23
E01000784,21
E01000785,17
E01000789,24
E01000709,20
E01000780,27
E01000825,29
E01000834,8
E01000672,40
E01000679,27
E01000682,10
E01000691,26
E01000703,26
E01000726,26
E01000768,20
E01000802,65
E01000822,30
E01000824,30
E01000833,15
E01032568,34
E01000762,15
E01000803,51
E01000708,9
E01000739,35
E01000774,21
E01000783,19
E01000811,23
E01000721,31
E01000782,19
E01000827,15
E01000829,14
E01000836,6
E01032563,27
E01000673,43
E01000677,26
E01000729,39
E01000742,61
E01000773,24
E01000777,28
E01000810,10
E01000816,27
E01000823,21
E01000647,18
E01000690,19
E01000704,34
E01000712,24
E01000799,31
E01000808,16
E01000812,24
E01000651,27
E01000683,10
E01000706,43
E01000718,72
E01000733,20
E01000764,5
E01000787,32
E01000657,14
E01000678,20
E01000724,34
E01000835,23
E01000648,20
E01000687,12
E01000692,21
E01000711,47
E01000715,24
E01000719,91
E01000727,39
E01000734,15
E01000750,16
E01000758,7
E01000767,21
E01000794,10
E01000839,20
E01000663,16
E01000670,16
E01000716,18
E01000722,54
E01000766,11
E01000792,14
E01000797,79
E01000841,31
E01032570,20
E01000681,9
E01000717,16
E01000735,20
E01000736,12
E01000737,19
E01000771,27
E01000793,22
E01000655,22
E01000713,37
E01000714,35
E01000754,15
E01000755,14
E01000760,33
E01000814,12
E01000819,31
E01034383,23
E01034385,30
E01000662,38
E01000686,15
E01000723,11
E01000730,32
E01000731,17
E01000732,16
E01000743,18
E01000800,41
E01000838,12
E01000653,13
E01000659,12
E01000671,22
E01000725,38
E01000745,44
E01000772,27
E01000828,14
E01000831,17
E01000646,13
E01000649,24
E01000676,52
E01000694,10
E01000698,19
E01000738,46
E01000769,13
E01000804,67
E01000809,9
E01000815,16
E01000820,31
E01000830,20
E01000684,9
E01000757,4
E01000791,14
E01000837,25
E01000840,17
E01000652,19
E01000688,12
E01000756,14
E01000761,34
E01000788,27
E01000790,76
E01000813,18
E01000826,25
E01000661,31
E01000697,26
E01000710,52
E01000763,8
E01000779,28
E01000832,12
E01000645,10
E01000667,26
E01000668,43
E01000689,15
E01000752,23
E01000770,22
E01000775,17
E01000650,24
E01000654,19
E01000665,32
E01000695,12
E01000786,14
E01000664,21
E01000685,20
E01000753,15
E01000818,18
E01000728,101
E01000751,15
E01000807,23
E01000658,21
E01000693,26
E01000656,32
E01000666,37
E01000696,21
E01000765,27
E01000749,27
E01000759,30
E01000680,27
E01000720,46
E01000747,18
E01000748,21
E01000843,22
E01000846,29
E01000847,67
E01000849,28
E01000853,12
E01000857,46
E01000867,37
E01000868,25
E01000869,50
E01000882,55
E01000886,31
E01000887,36
E01000890,21
E01000891,26
E01000901,34
E01000904,55
E01000905,31
E01000906,63
E01000919,94
E01000923,36
E01000926,32
E01000927,43
E01000929,41
E01000932,46
E01000934,23
E01000935,26
E01000939,33
E01000941,20
E01000942,32
E01000943,13
E01000944,7
E01000949,32
E01000951,22
E01000954,18
E01000955,32
E01000957,41
E01000959,25
E01000961,32
E01000964,46
E01000968,41
E01000969,42
E01000970,29
E01000971,29
E01000842,39
E01000848,104
E01000859,42
E01000870,45
E01000873,36
E01000874,17
E01000875,46
E01000876,40
E01000877,36
E01000888,47
E01000892,56
E01000900,43
E01000902,23
E01000903,40
E01000907,33
E01000911,28
E01000915,19
E01000920,25
E01000924,48
E01000930,81
E01000938,82
E01000952,26
E01000966,32
E01000974,50
E01035712,19
E01000844,37
E01000845,43
E01000861,60
E01000862,74
E01000866,58
E01000880,44
E01000895,31
E01000898,46
E01000910,22
E01000916,132
E01000917,10
E01000925,18
E01000933,78
E01000937,31
E01000956,74
E01000960,78
E01000962,34
E01000965,82
E01000972,79
E01000863,98
E01000872,85
E01000889,37
E01000918,331
E01000931,81
E01035709,46
E01000860,31
E01000878,35
E01000896,51
E01000851,21
E01000879,36
E01000883,30
E01000884,53
E01000947,101
E01000856,47
E01000881,52
E01000897,34
E01000908,39
E01000963,34
E01000921,32
E01035707,106
E01000948,79
E01000958,64
E01000967,50
E01000850,63
E01000858,56
E01000885,56
E01000909,36
E01000922,32
E01000973,57
E01000893,46
E01000928,28
E01035708,158
E01035710,79
E01000894,48
E01000871,52
E01000855,135
E01000914,413
E01000912,31
E01035711,70
E01000946,35
E01000899,61
E01000913,87
E01000996,15
E01000997,18
E01000999,37
E01001000,21
E01001001,24
E01001002,16
E01001004,32
E01001012,63
E01001144,37
E01001151,25
E01001179,32
E01034140,21
E01034141,27
E01034145,53
E01034147,6
E01034151,14
E01000982,32
E01000984,24
E01000987,28
E01000995,19
E01000998,32
E01001005,49
E01001052,23
E01001116,46
E01001131,17
E01001141,37
E01001182,18
E01034142,32
E01034148,64
E01000978,23
E01000980,32
E01000983,33
E01000990,13
E01000993,37
E01000994,24
E01001007,34
E01001066,8
E01001111,36
E01001130,8
E01001136,27
E01001139,40
E01001148,22
E01001153,24
E01001158,19
E01001161,22
E01001164,26
E01001185,23
E01001187,46
E01001193,34
E01034143,55
E01000977,29
E01000981,40
E01001040,20
E01001088,24
E01001146,23
E01001149,23
E01001155,28
E01001163,31
E01001175,29
E01034139,68
E01034152,36
E01000976,48
E01001003,42
E01001011,63
E01001025,12
E01001035,10
E01001037,20
E01001046,17
E01001047,21
E01001054,25
E01001056,6
E01001147,20
E01001152,28
E01001181,48
E01001189,21
E01000989,20
E01001057,8
E01001059,16
E01001086,31
E01001090,28
E01001100,15
E01001154,24
E01001160,36
E01001165,30
E01001183,40
E01001184,19
E01001191,37
E01001192,26
E01034150,89
E01001034,17
E01001042,60
E01001077,11
E01001110,45
E01001126,12
E01000986,43
E01001006,38
E01001009,45
E01001026,18
E01001127,26
E01001145,24
E01001170,29
E01001177,76
E01000979,24
E01001050,20
E01001051,30
E01001089,18
E01001091,20
E01001114,31
E01001118,68
E01001133,25
E01001140,33
E01001166,38
E01001168,30
E01001174,36
E01001178,56
E01001180,54
E01001190,15
E01001041,33
E01001053,10
E01001085,25
E01001128,15
E01001143,24
E01001188,43
E01032569,22
E01001013,80
E01001030,18
E01001033,25
E01001099,19
E01001113,42
E01001142,35
E01000975,38
E01001024,11
E01001044,31
E01001058,16
E01001063,28
E01001109,65
E01001112,19
E01001162,29
E01001186,30
E01034144,25
E01001125,12
E01001150,42
E01034146,43
E01001029,29
E01001055,11
E01001073,10
E01001083,14
E01001084,24
E01001115,72
E01001120,7
E01001124,16
E01001129,23
E01001138,25
E01001156,30
E01001169,37
E01001008,47
E01001078,15
E01001080,13
E01001096,13
E01034149,59
E01000985,29
E01001039,8
E01001095,22
E01001106,11
E01001134,23
E01001176,55
E01001032,18
E01001079,25
E01001119,11
E01001172,69
E01001031,16
E01001038,26
E01001076,15
E01001087,30
E01001171,26
E01000992,21
E01001023,21
E01001132,21
E01001135,40
E01001137,43
E01000991,20
E01001020,13
E01001069,15
E01001074,18
E01001098,19
E01001101,13
E01001157,30
E01001194,20
E01001075,13
E01001092,22
E01001108,22
E01001036,43
E01001071,25
E01001082,16
E01001093,19
E01001159,34
E01001167,88
E01001019,10
E01001022,9
E01001028,20
E01001081,10
E01001097,70
E01001015,27
E01001016,23
E01001049,34
E01001061,23
E01001062,27
E01001070,25
E01001102,14
E01001105,16
E01001123,28
E01001173,28
E01001010,110
E01001018,13
E01001067,16
E01001068,9
E01001094,19
E01001107,10
E01001122,11
E01001017,9
E01001103,12
E01001021,12
E01001027,14
E01001065,26
E01001104,17
E01001060,26
E01001072,8
E01001121,13
E01001064,17
E01001199,33
E01001203,34
E01001245,47
E01001287,11
E01001319,18
E01001332,25
E01001383,37
E01032743,13
E01034026,14
E01034029,71
E01034031,12
E01001200,38
E01001207,31
E01001216,20
E01001219,21
E01001223,28
E01001230,49
E01001249,75
E01001288,23
E01001292,18
E01001293,22
E01001303,39
E01001304,31
E01001315,17
E01001340,10
E01001346,27
E01001352,45
E01001355,47
E01001356,14
E01001363,36
E01001364,21
E01001366,31
E01001369,73
E01001372,46
E01001373,49
E01001379,36
E01001380,34
E01001198,31
E01001206,21
E01001211,17
E01001215,50
E01001233,52
E01001236,35
E01001251,28
E01001255,36
E01001305,35
E01001334,26
E01001374,32
E01001376,30
E01001385,29
E01001331,15
E01001295,13
E01034028,22
E01001201,27
E01001202,44
E01001204,23
E01001217,16
E01001224,25
E01001229,28
E01001232,20
E01001242,35
E01001243,45
E01001257,49
E01001279,35
E01001296,10
E01001298,21
E01001299,40
E01001306,25
E01001345,23
E01001357,16
E01001360,65
E01001368,21
E01001384,31
E01001389,94
E01001253,54
E01001254,34
E01001260,31
E01001282,27
E01001300,43
E01001342,8
E01001316,21
E01001312,20
E01001310,20
E01001212,60
E01001213,41
E01001269,25
E01001274,48
E01001286,30
E01001289,18
E01001297,34
E01001313,16
E01001358,28
E01001359,70
E01001388,96
E01001210,20
E01001227,18
E01001237,120
E01001240,19
E01001252,54
E01001270,27
E01001317,29
E01001333,84
E01001362,62
E01001367,103
E01001382,27
E01032744,30
E01001214,22
E01001226,21
E01001228,41
E01001259,29
E01001265,36
E01001276,155
E01001291,33
E01001311,13
E01001318,38
E01001336,27
E01001343,26
E01001353,22
E01001231,78
E01001235,55
E01001244,20
E01001281,34
E01001350,40
E01001371,58
E01001195,21
E01001205,11
E01001323,37
E01001375,46
E01001377,61
E01001381,122
E01001209,26
E01001218,33
E01001225,82
E01001234,122
E01001250,38
E01001258,27
E01001264,22
E01001283,25
E01001285,25
E01001324,36
E01001354,57
E01001387,130
E01001262,23
E01001302,28
E01001361,82
E01001386,57
E01034030,111
E01001196,28
E01001263,24
E01001268,26
E01001307,27
E01001314,25
E01001320,14
E01001335,39
E01001271,31
E01001275,49
E01001294,31
E01001321,39
E01001261,79
E01001278,322
E01001301,27
E01001328,53
E01001329,36
E01001341,17
E01001351,35
E01001197,28
E01001290,28
E01001327,46
E01001330,30
E01001365,49
E01001370,80
E01001248,38
E01001280,32
E01034027,75
E01001273,88
E01001309,29
E01032572,91
E01001239,39
E01001246,81
E01001266,84
E01001272,34
E01001348,129
E01001208,24
E01001241,71
E01001267,29
E01001284,29
E01001322,70
E01001349,41
E01001344,75
E01001277,90
E01001308,21
E01001347,186
E01001325,32
E01001326,29
E01001338,51
E01001339,20
E01001247,498
E01001220,26
E01001337,42
E01001424,17
E01001442,42
E01001460,39
E01001462,37
E01001562,31
E01001557,41
E01001554,47
E01001515,26
E01001495,29
E01001467,13
E01001466,20
E01033146,29
E01001391,31
E01001430,37
E01001448,28
E01001459,29
E01001464,36
E01001476,24
E01001482,23
E01001487,34
E01001503,43
E01001517,35
E01001522,20
E01001555,87
E01001497,21
E01001566,19
E01001541,35
E01001514,22
E01001509,31
E01001508,48
E01001492,61
E01001491,54
E01001488,38
E01001479,40
E01001447,39
E01001446,30
E01001435,21
E01001396,34
E01001401,16
E01001428,42
E01001431,46
E01001432,47
E01001458,22
E01001485,68
E01001486,57
E01001512,58
E01001530,18
E01001537,39
E01001542,25
E01001547,41
E01001558,98
E01001408,28
E01001480,27
E01001489,57
E01001493,34
E01001494,29
E01001529,42
E01001567,20
E01001565,31
E01001550,21
E01001540,51
E01001505,22
E01001504,29
E01001502,37
E01001475,16
E01001461,29
E01001455,40
E01001441,63
E01001436,32
E01001423,39
E01001392,27
E01001409,46
E01001410,31
E01001434,19
E01001438,37
E01001444,36
E01001449,13
E01001456,17
E01001472,35
E01001539,23
E01001546,27
E01001393,18
E01001398,39
E01001411,35
E01001481,20
E01001528,50
E01001551,52
E01001564,37
E01032574,210
E01001390,15
E01001394,35
E01001426,53
E01001457,40
E01001469,26
E01001525,26
E01001552,39
E01001570,35
E01001402,42
E01001405,34
E01001414,19
E01001416,19
E01001429,110
E01001498,53
E01001524,23
E01001526,17
E01001538,36
E01001556,29
E01001560,27
E01001563,63
E01033150,22
E01033928,17
E01001395,20
E01001397,35
E01001421,17
E01001440,19
E01001465,28
E01001500,75
E01001544,30
E01001406,43
E01001425,64
E01001463,27
E01001499,34
E01001501,100
E01001516,47
E01001543,19
E01001399,35
E01001420,27
E01001433,32
E01001496,34
E01001507,69
E01001531,21
E01001548,36
E01001553,25
E01001478,19
E01001484,53
E01001511,78
E01001533,29
E01001534,53
E01001549,39
E01001418,18
E01001439,51
E01001536,55
E01001545,23
E01001400,40
E01001404,26
E01001403,42
E01001468,21
E01001569,39
E01033927,48
E01001520,21
E01001450,57
E01001471,22
E01001413,34
E01001454,30
E01001474,34
E01001532,57
E01001535,38
E01033148,18
E01001452,23
E01001559,356
E01001523,27
E01001521,22
E01001527,37
E01001568,33
E01001419,29
E01001451,24
E01001453,15
E01001483,48
E01001518,76
E01001422,19
E01001473,9
E01001513,140
E01033151,50
E01001415,71
E01001445,156
E01001427,282
E01001477,30
E01033926,77
E01001407,30
E01001470,42
E01001437,65
E01001417,31
E01001412,80
E01001704,30
E01001695,25
E01001692,20
E01001636,24
E01001573,22
E01034178,11
E01034180,11
E01034181,33
E01034184,3
E01034186,5
E01034191,10
E01034194,3
E01034195,1
E01001590,24
E01001631,41
E01001632,28
E01001638,12
E01001683,28
E01001690,18
E01001696,38
E01001698,31
E01001702,10
E01001710,10
E01033727,23
E01033728,12
E01033732,8
E01033744,25
E01034179,31
E01034187,31
E01001693,17
E01001664,26
E01001624,21
E01033734,5
E01033735,29
E01034177,11
E01034183,14
E01034189,13
E01034193,3
E01001703,35
E01001697,23
E01001671,22
E01001650,17
E01001634,20
E01001633,44
E01001629,29
E01001620,16
E01001603,24
E01001583,36
E01001579,29
E01001576,29
E01001575,53
E01033742,11
E01033746,20
E01001572,23
E01001705,17
E01001700,32
E01001677,44
E01001676,35
E01001675,24
E01001600,30
E01001593,23
E01001589,17
E01001594,14
E01001623,20
E01001635,21
E01001637,27
E01001649,15
E01001654,16
E01001665,30
E01001694,12
E01033736,10
E01034182,27
E01034185,14
E01001582,20
E01001591,14
E01001674,40
E01001708,33
E01033739,12
E01034173,19
E01034174,21
E01001578,77
E01001606,15
E01001610,16
E01001653,18
E01001686,22
E01033738,53
E01001571,37
E01001584,21
E01001597,20
E01001619,11
E01001646,33
E01001652,28
E01001656,18
E01001658,42
E01001679,25
E01001687,26
E01001712,17
E01033740,19
E01034175,17
E01034176,11
E01001621,16
E01001678,20
E01001681,23
E01001581,17
E01001587,29
E01001607,28
E01001666,100
E01001577,42
E01001585,19
E01001598,21
E01001611,13
E01001644,42
E01001647,19
E01001657,15
E01001660,15
E01001661,29
E01032567,35
E01034190,27
E01034192,42
E01001586,28
E01001592,24
E01001595,28
E01001596,20
E01001601,25
E01001608,23
E01001645,22
E01001648,30
E01001672,36
E01001580,27
E01001625,19
E01001651,38
E01001680,19
E01001685,23
E01034196,11
E01001602,36
E01001609,42
E01033741,33
E01001614,8
E01001618,12
E01001673,36
E01001699,12
E01033745,21
E01001604,15
E01033737,85
E01001641,35
E01033729,15
E01001588,17
E01001599,29
E01001655,10
E01001659,24
E01001669,42
E01001605,23
E01001701,64
E01001615,48
E01001617,21
E01001642,26
E01001688,46
E01001574,34
E01033743,25
E01001613,27
E01034198,69
E01001682,19
E01001684,9
E01034188,185
E01001845,26
E01001844,52
E01001843,18
E01001842,28
E01001838,36
E01001836,37
E01001835,13
E01001834,31
E01001832,26
E01001823,40
E01001822,23
E01001821,17
E01001820,15
E01001813,32
E01001811,23
E01001800,15
E01001798,28
E01001796,38
E01001794,64
E01001790,10
E01001789,42
E01001785,34
E01001784,26
E01001783,20
E01001776,48
E01001775,21
E01001772,27
E01001768,45
E01001759,34
E01001757,16
E01001755,24
E01001753,42
E01001749,31
E01001746,18
E01001740,22
E01001738,23
E01001737,29
E01001732,30
E01001728,20
E01001727,32
E01001726,11
E01001724,32
E01001723,36
E01001722,22
E01001719,22
E01001718,50
E01001717,7
E01001715,26
E01033702,18
E01033703,44
E01033710,15
E01035641,39
E01035642,38
E01035644,14
E01035645,36
E01035646,22
E01035647,9
E01035648,18
E01035649,28
E01001716,46
E01001733,75
E01001735,37
E01001736,15
E01001739,28
E01001741,20
E01001756,59
E01001763,55
E01001767,36
E01001769,29
E01001770,63
E01001780,54
E01001781,25
E01001788,21
E01001791,18
E01001792,56
E01001795,35
E01001804,12
E01001805,13
E01001814,17
E01001815,25
E01001816,29
E01001819,35
E01001827,31
E01001828,36
E01001829,11
E01001830,17
E01001831,32
E01001833,34
E01001837,27
E01001839,76
E01001850,23
E01033711,33
E01035638,10
E01035639,25
E01035640,48
E01035650,54
E01001729,51
E01001840,29
E01001826,18
E01001825,21
E01001809,26
E01001808,28
E01001807,19
E01001802,17
E01001793,34
E01001764,36
E01001762,66
E01001761,35
E01001760,58
E01001751,37
E01001747,29
E01001742,16
E01001731,87
E01001725,16
E01001720,33
E01033700,69
E01033705,32
E01035643,44
E01001734,65
E01001750,49
E01001847,18
E01001841,22
E01001824,20
E01001803,16
E01001773,69
E01001765,48
E01001745,35
E01001744,35
E01001730,37
E01001714,26
E01033699,64
E01033712,92
E01001799,13
E01001787,37
E01033709,43
E01033713,48
E01001758,37
E01001774,39
E01001801,25
E01001777,40
E01033704,96
E01001812,26
E01001848,23
E01033706,57
E01001806,22
E01001846,38
E01033708,126
E01001849,79
E01001786,26
E01001851,19
E01001853,29
E01001854,34
E01001855,12
E01001861,33
E01001862,32
E01001863,37
E01001864,42
E01001867,78
E01001872,24
E01001873,14
E01001878,22
E01001879,28
E01001882,25
E01001884,22
E01001885,13
E01001888,64
E01001896,31
E01001901,26
E01001903,25
E01001905,24
E01001906,18
E01001907,25
E01001908,19
E01001910,19
E01001914,46
E01001918,21
E01001926,25
E01001929,41
E01001931,58
E01001938,26
E01001940,39
E01001942,51
E01001944,22
E01001945,41
E01001948,46
E01001949,18
E01001952,51
E01001957,20
E01001958,16
E01001960,57
E01001961,21
E01032789,4
E01001852,14
E01001857,19
E01001859,27
E01001868,12
E01001881,38
E01001892,23
E01001893,91
E01001895,27
E01001897,29
E01001902,14
E01001909,29
E01001912,20
E01001924,14
E01001947,56
E01001951,46
E01001956,32
E01032788,36
E01001856,30
E01001875,24
E01001883,23
E01001889,43
E01001890,99
E01001904,18
E01001946,34
E01001953,16
E01032790,10
E01001865,35
E01001894,184
E01001900,116
E01001913,32
E01001917,28
E01001922,117
E01001927,23
E01001928,60
E01001934,10
E01001935,23
E01001937,36
E01001941,45
E01001950,43
E01001858,34
E01001870,27
E01001871,17
E01001886,23
E01001887,18
E01001899,269
E01001920,30
E01001921,64
E01001923,65
E01001959,35
E01035487,26
E01001880,20
E01001911,11
E01001916,32
E01001954,29
E01001860,31
E01001866,20
E01001891,209
E01001925,21
E01001955,35
E01035485,29
E01035486,24
E01001919,27
E01001933,115
E01001898,295
E01001869,34
E01001943,133
E01001930,34
E01001932,481
E01001915,54
E01001876,59
E01001877,21
E01035484,51
E01001975,32
E01001977,33
E01001983,52
E01002001,77
E01002004,46
E01002097,70
E01002089,29
E01002087,54
E01002085,81
E01002081,88
E01002074,58
E01002050,37
E01002049,53
E01002047,57
E01002044,62
E01002043,54
E01002040,69
E01002039,47
E01002031,126
E01002028,56
E01002027,32
E01033086,16
E01033945,15
E01033946,24
E01001971,20
E01001981,37
E01001982,53
E01001986,37
E01002005,40
E01002016,27
E01002021,37
E01002026,206
E01002032,54
E01002045,53
E01002048,61
E01002051,58
E01002054,31
E01002055,37
E01002058,33
E01002060,27
E01002065,40
E01002079,46
E01002098,39
E01002105,62
E01033944,59
E01002093,62
E01002096,46
E01002100,55
E01002099,57
E01002083,37
E01002082,19
E01002077,127
E01002067,61
E01002064,30
E01002061,50
E01002057,48
E01002053,48
E01002046,54
E01002041,90
E01002023,27
E01002015,37
E01002013,23
E01002006,20
E01001976,41
E01001969,34
E01001965,31
E01002000,37
E01002076,55
E01002088,52
E01002103,26
E01002092,47
E01002073,79
E01002071,67
E01002062,56
E01002059,41
E01002036,124
E01002024,21
E01002017,37
E01001991,23
E01001974,31
E01001972,35
E01002018,13
E01002052,18
E01002090,50
E01002091,81
E01002104,27
E01002063,29
E01002007,25
E01001980,55
E01001978,84
E01032575,69
E01001967,34
E01001979,62
E01002033,65
E01002072,118
E01002034,144
E01002025,27
E01001988,29
E01001985,53
E01002066,134
E01002094,50
E01001998,55
E01001997,23
E01001984,31
E01001993,36
E01002014,59
E01002030,87
E01002069,102
E01002070,80
E01002078,31
E01001987,37
E01001995,35
E01001999,88
E01002038,89
E01001968,40
E01001970,31
E01001973,51
E01001994,31
E01002056,66
E01002086,50
E01002101,22
E01001990,37
E01002022,69
E01002029,176
E01002042,51
E01001996,22
E01002020,32
E01001989,35
E01001992,28
E01002009,44
E01002019,24
E01002095,58
E01002084,48
E01001963,55
E01002068,124
E01002075,63
E01002102,39
E01001964,37
E01002003,68
E01033943,72
E01001966,35
E01002002,57
E01002010,42
E01001962,34
E01002011,39
E01002037,177
E01002008,69
E01002206,23
E01034590,10
E01034596,16
E01034598,6
E01034600,49
E01002120,25
E01002124,22
E01002138,35
E01002169,10
E01002214,30
E01002217,19
E01002224,17
E01002231,32
E01002237,15
E01034595,19
E01034597,10
E01002207,16
E01002235,50
E01002211,22
E01002185,29
E01002182,46
E01002177,20
E01002170,14
E01002106,28
E01034592,34
E01034599,40
E01002108,30
E01002171,18
E01002197,15
E01002215,16
E01002234,62
E01002222,32
E01002220,21
E01002219,54
E01002165,20
E01002160,37
E01002131,25
E01002123,38
E01002125,27
E01002127,89
E01002198,17
E01002241,21
E01002143,26
E01034594,37
E01002167,16
E01002173,23
E01002178,25
E01002183,47
E01002204,22
E01002209,21
E01002210,17
E01002216,26
E01002240,30
E01002242,13
E01002238,26
E01002153,24
E01002121,23
E01002168,16
E01002201,14
E01002232,44
E01002236,86
E01002239,23
E01034589,23
E01034591,38
E01002122,19
E01002161,22
E01002163,29
E01002199,28
E01002208,14
E01032576,18
E01002119,49
E01002128,36
E01002151,26
E01002159,36
E01002162,44
E01002107,8
E01002109,8
E01002116,16
E01002164,47
E01002166,15
E01002175,17
E01002193,7
E01002195,14
E01002202,19
E01002218,36
E01002221,25
E01002223,31
E01002233,80
E01002136,32
E01002141,36
E01002111,34
E01002139,24
E01002149,32
E01002156,25
E01002157,27
E01002158,16
E01002172,35
E01002179,71
E01002188,24
E01002191,13
E01002196,20
E01002200,15
E01002227,24
E01002118,28
E01002129,53
E01002147,18
E01002148,54
E01002203,16
E01002145,20
E01002184,52
E01002192,15
E01002212,38
E01002110,13
E01002115,22
E01002130,97
E01002140,24
E01002146,21
E01002135,16
E01002150,42
E01002152,45
E01002174,13
E01002176,158
E01002189,25
E01002194,17
E01002142,44
E01002181,42
E01002228,21
E01002132,20
E01002186,33
E01002137,21
E01002133,29
E01002230,18
E01002113,17
E01002112,60
E01002226,57
E01034593,23
E01002155,10
E01002187,29
E01002190,34
E01002229,24
E01002134,23
E01002225,11
E01002114,28
E01002144,34
E01002287,8
E01002297,41
E01033786,22
E01033787,6
E01002378,23
E01002365,6
E01002355,18
E01002272,26
E01002264,10
E01033785,18
E01002351,40
E01002359,20
E01002318,36
E01002267,6
E01033788,16
E01002280,45
E01002346,9
E01002364,11
E01002335,19
E01002332,21
E01002261,11
E01002251,21
E01002316,57
E01002333,15
E01002340,17
E01002341,14
E01002358,27
E01002366,11
E01002258,10
E01002262,11
E01002283,26
E01002295,34
E01002336,22
E01002338,18
E01002352,45
E01002303,23
E01002274,22
E01002291,23
E01002322,18
E01002347,13
E01002362,28
E01002381,17
E01002382,47
E01002243,24
E01002256,9
E01002278,36
E01002315,22
E01002317,29
E01002327,12
E01002367,27
E01002245,19
E01002286,10
E01002309,24
E01002320,29
E01002323,22
E01002343,9
E01002363,27
E01002372,15
E01032741,61
E01002290,10
E01002307,21
E01002310,95
E01002314,48
E01002331,11
E01002350,43
E01002375,14
E01002292,20
E01002306,22
E01002326,28
E01002354,16
E01002356,66
E01002288,3
E01002302,25
E01002328,22
E01002342,25
E01002380,51
E01002383,25
E01002373,17
E01002284,38
E01002298,29
E01002300,30
E01002301,17
E01002324,11
E01002371,19
E01002386,20
E01002247,23
E01002281,48
E01002289,12
E01002376,28
E01032742,32
E01002266,5
E01002271,13
E01002308,10
E01002361,54
E01002244,25
E01002246,14
E01002255,5
E01002299,37
E01002339,19
E01002384,31
E01002390,13
E01002275,11
E01002279,22
E01002282,50
E01002319,72
E01002325,23
E01002360,13
E01002313,47
E01002330,26
E01002369,16
E01002379,23
E01002388,18
E01033784,114
E01002248,50
E01002269,19
E01002353,30
E01002265,6
E01002270,13
E01002321,41
E01002345,64
E01002349,8
E01002377,29
E01002329,18
E01002337,27
E01002374,11
E01002257,12
E01002263,4
E01002312,49
E01002254,14
E01002294,17
E01002334,30
E01002252,8
E01002253,11
E01002285,7
E01002250,32
E01002273,9
E01002368,84
E01002389,22
E01002260,9
E01002268,29
E01002277,33
E01002311,33
E01002387,18
E01002259,16
E01002305,12
E01002348,11
E01002370,58
E01002276,49
E01002296,33
E01002304,22
E01002391,18
E01002344,153
E01002385,20
E01034614,29
E01002395,33
E01002445,50
E01002546,26
E01034616,22
E01002398,41
E01002466,23
E01002493,19
E01002542,43
E01034606,39
E01034611,16
E01002394,40
E01002409,10
E01002450,13
E01002468,26
E01002469,15
E01002523,53
E01002550,27
E01002484,13
E01002413,28
E01002416,21
E01002420,11
E01002492,33
E01002501,22
E01002529,57
E01002553,15
E01002393,40
E01002429,10
E01002457,17
E01002487,17
E01002491,22
E01002518,32
E01002528,27
E01002547,18
E01002471,17
E01002417,18
E01034602,46
E01034609,24
E01002399,41
E01002421,43
E01002427,24
E01002431,13
E01002483,40
E01002415,20
E01002418,19
E01002422,18
E01002456,20
E01002465,23
E01002514,74
E01002530,77
E01002396,148
E01002511,24
E01002531,20
E01034604,53
E01002403,36
E01002404,40
E01002410,23
E01002424,28
E01002452,14
E01002489,165
E01002503,32
E01002551,19
E01034605,42
E01002397,43
E01002402,15
E01002408,12
E01002506,63
E01002508,61
E01002539,12
E01002552,39
E01002425,15
E01002451,9
E01002453,15
E01002467,15
E01002490,89
E01002526,31
E01002534,8
E01034610,26
E01034612,56
E01002401,39
E01002419,20
E01002426,22
E01002437,16
E01002482,16
E01002513,31
E01002537,25
E01002498,46
E01002502,36
E01002543,51
E01034617,36
E01002423,27
E01002449,200
E01002488,35
E01002545,15
E01002549,21
E01034601,23
E01002411,26
E01002435,9
E01002459,22
E01002463,7
E01002464,9
E01002478,13
E01002428,13
E01002432,39
E01002436,24
E01002448,54
E01002455,30
E01002470,32
E01002472,59
E01002496,108
E01002519,25
E01032577,26
E01034615,19
E01002481,24
E01002535,76
E01002536,37
E01002540,69
E01002509,18
E01002525,40
E01034603,23
E01002412,34
E01002414,39
E01002460,21
E01002462,13
E01002477,17
E01002479,25
E01002480,14
E01002548,32
E01034607,53
E01002392,37
E01002485,63
E01002541,48
E01002544,79
E01002433,29
E01002486,117
E01002495,38
E01002516,9
E01002520,65
E01002521,252
E01034608,86
E01002430,13
E01002439,32
E01002512,78
E01002434,32
E01002476,8
E01002497,222
E01002505,131
E01002507,88
E01002527,50
E01002538,16
E01002400,37
E01002440,17
E01002474,16
E01034613,36
E01002405,83
E01002442,13
E01002475,36
E01002446,47
E01002454,17
E01002458,17
E01002494,17
E01002533,13
E01002447,243
E01002461,11
E01002443,273
E01002499,20
E01002438,12
E01002473,47
E01002441,19
E01002444,553
E01002580,31
E01002627,20
E01002673,14
E01002689,30
E01033030,16
E01033081,122
E01034034,6
E01034043,26
E01034044,49
E01034045,105
E01002567,34
E01002602,14
E01002690,46
E01033000,11
E01033083,20
E01034035,11
E01034038,27
E01034041,20
E01034046,38
E01002556,25
E01002561,8
E01002588,27
E01002600,10
E01002613,45
E01002646,25
E01002656,11
E01002665,32
E01034032,47
E01034033,35
E01034040,23
E01002574,57
E01002616,32
E01002624,20
E01002630,26
E01002631,24
E01002636,11
E01002639,15
E01002651,25
E01002658,10
E01034036,146
E01002570,189
E01002573,107
E01002582,32
E01002584,73
E01002599,13
E01002603,15
E01002606,14
E01002619,18
E01002641,44
E01002647,30
E01002649,28
E01002659,12
E01002669,13
E01034039,18
E01002564,48
E01002609,37
E01002632,64
E01002652,48
E01002661,23
E01002666,33
E01002671,21
E01002681,22
E01002558,20
E01002587,27
E01002591,21
E01002605,35
E01002612,25
E01002643,51
E01002653,15
E01002657,30
E01002578,49
E01002590,22
E01002617,42
E01002625,31
E01002660,22
E01002662,24
E01002674,11
E01002687,53
E01034037,29
E01002622,25
E01002623,19
E01002640,25
E01002645,31
E01002663,31
E01002693,301
E01002575,126
E01002576,22
E01002581,32
E01002585,25
E01002595,29
E01002672,73
E01002577,71
E01002579,28
E01002604,20
E01002655,24
E01002675,18
E01032573,227
E01033082,55
E01033084,16
E01002560,25
E01002618,20
E01002557,29
E01002569,100
E01002586,13
E01002594,29
E01002620,34
E01002626,25
E01002596,16
E01002621,23
E01002628,18
E01002654,9
E01002670,25
E01002682,32
E01002607,32
E01002667,42
E01002668,31
E01034042,81
E01002571,20
E01002635,22
E01002563,19
E01002572,82
E01002598,23
E01002677,12
E01002691,52
E01002692,227
E01002555,29
E01002593,28
E01002680,22
E01002565,119
E01002629,27
E01002634,28
E01002562,125
E01002583,51
E01002637,218
E01002589,52
E01002608,35
E01002614,33
E01002676,36
E01002679,53
E01002601,33
E01002611,22
E01002638,69
E01002615,29
E01002650,51
E01002686,149
E01002592,46
E01002633,98
E01002610,27
E01002559,33
E01002678,136
E01002810,49
E01002809,54
E01002799,21
E01002796,29
E01002789,81
E01002785,77
E01002783,60
E01002781,19
E01002780,26
E01002778,18
E01002777,34
E01002772,37
E01002768,33
E01002767,43
E01002763,46
E01002760,36
E01002757,37
E01002755,38
E01002753,32
E01002752,20
E01002751,41
E01002749,27
E01002747,28
E01002741,43
E01002736,33
E01002733,31
E01002725,15
E01002723,40
E01002722,16
E01002721,32
E01002720,27
E01002715,27
E01002714,40
E01002711,43
E01002709,19
E01002703,39
E01002702,58
E01002701,30
E01002698,31
E01002694,14
E01033486,19
E01033487,13
E01033493,5
E01035651,33
E01035654,24
E01035656,16
E01002697,28
E01002699,22
E01002707,26
E01002717,25
E01002718,36
E01002719,35
E01002727,23
E01002728,18
E01002729,40
E01002730,77
E01002735,79
E01002737,33
E01002742,34
E01002743,30
E01002744,17
E01002745,27
E01002756,50
E01002759,40
E01002764,71
E01002766,50
E01002771,35
E01002773,21
E01002775,25
E01002776,25
E01002782,13
E01002786,44
E01002791,40
E01002792,35
E01002797,40
E01002798,29
E01002804,52
E01002811,55
E01033489,30
E01035652,70
E01035653,7
E01002807,44
E01002806,66
E01002801,33
E01002800,21
E01002795,64
E01002793,51
E01002790,13
E01002787,29
E01002765,64
E01002754,32
E01002748,42
E01002739,30
E01002716,42
E01002713,52
E01002710,19
E01002706,42
E01033490,29
E01035655,25
E01002784,55
E01002779,27
E01002769,48
E01002734,54
E01002726,28
E01002712,39
E01002696,35
E01002695,15
E01033488,40
E01002808,59
E01002802,20
E01002794,60
E01002770,95
E01002762,74
E01002732,30
E01002700,36
E01002758,34
E01002740,31
E01033494,14
E01002788,62
E01002738,42
E01002724,32
E01002708,54
E01002774,61
E01002805,33
E01002704,269
E01033491,50
E01002812,37
E01002815,29
E01002816,16
E01002823,37
E01002828,48
E01002829,26
E01002832,27
E01002833,26
E01002834,26
E01002836,63
E01002837,23
E01002841,129
E01002842,1
E01002843,43
E01002845,48
E01002846,15
E01002848,18
E01002849,13
E01002850,23
E01002851,19
E01002853,13
E01002857,22
E01002858,36
E01002865,93
E01002867,66
E01002869,31
E01002874,17
E01002876,37
E01002879,33
E01002880,10
E01002881,13
E01002882,19
E01002885,20
E01002891,45
E01002897,19
E01002904,6
E01002907,16
E01002909,31
E01002910,68
E01002914,114
E01002902,54
E01002899,48
E01002862,40
E01002861,67
E01002830,24
E01002831,52
E01002835,193
E01002839,51
E01002844,121
E01002855,21
E01002856,31
E01002860,57
E01002863,51
E01002866,27
E01002873,40
E01002878,33
E01002883,33
E01002886,25
E01002888,62
E01002889,170
E01002892,61
E01002893,26
E01002894,23
E01002896,29
E01002898,21
E01002903,104
E01002908,31
E01002813,13
E01002818,763
E01002847,23
E01002854,25
E01002872,30
E01002875,38
E01002884,29
E01002887,47
E01002859,98
E01002814,92
E01002840,29
E01002870,34
E01002905,30
E01002906,23
E01002913,50
E01002868,13
E01002871,41
E01002890,31
E01002911,249
E01035714,95
E01002817,37
E01002827,58
E01002877,57
E01002825,93
E01002864,36
E01002912,67
E01002819,181
E01002826,26
E01002900,49
E01002821,79
E01002824,23
E01002901,26
E01035713,226
E01002852,58
E01002969,7
E01034576,6
E01034577,5
E01002923,15
E01002980,9
E01002985,9
E01002993,9
E01002963,9
E01002967,21
E01002974,15
E01003008,6
E01002998,14
E01002934,14
E01002935,21
E01003011,41
E01002975,13
E01002942,6
E01002921,18
E01002915,9
E01002960,25
E01002997,9
E01002999,18
E01003007,10
E01002996,16
E01002990,11
E01002989,26
E01002943,6
E01033569,21
E01002940,7
E01002954,13
E01002973,10
E01002991,8
E01002944,13
E01002931,20
E01002947,7
E01002951,17
E01002958,13
E01002970,22
E01003002,15
E01002927,13
E01002932,17
E01002937,15
E01002938,18
E01002957,9
E01003009,12
E01002924,14
E01002945,19
E01002962,20
E01002987,19
E01002988,7
E01003005,27
E01003006,17
E01002925,25
E01002959,10
E01002972,12
E01002984,10
E01002986,15
E01002992,6
E01002994,10
E01002926,12
E01002939,17
E01002961,12
E01002976,8
E01002917,16
E01002982,9
E01002928,23
E01002933,21
E01002979,6
E01003003,37
E01002916,11
E01002918,20
E01002965,27
E01002983,15
E01003010,11
E01002920,19
E01002930,35
E01002941,8
E01002949,6
E01002981,14
E01002922,11
E01002977,22
E01002978,9
E01003004,28
E01002966,22
E01002971,12
E01002946,11
E01002955,19
E01002995,17
E01003001,51
E01002919,51
E01002956,20
E01002929,44
E01002950,7
E01002968,55
E01002964,27
E01002953,18
E01002952,21
E01003000,25
E01002948,48
E01003174,16
E01003175,18
E01003176,33
E01003177,40
E01003178,24
E01003179,12
E01003181,8
E01003184,12
E01003185,23
E01003188,24
E01003161,27
E01003136,15
E01003135,26
E01003129,23
E01003128,18
E01003127,31
E01003126,10
E01003125,12
E01003124,6
E01003122,13
E01003121,12
E01003115,14
E01003111,3
E01003100,21
E01003094,33
E01003093,27
E01003091,22
E01003088,18
E01003070,14
E01003064,49
E01003063,14
E01003061,49
E01003060,11
E01003059,13
E01003058,44
E01003056,27
E01003055,47
E01003046,20
E01003045,19
E01003044,21
E01003042,15
E01003034,20
E01003031,20
E01003025,31
E01003022,25
E01003017,15
E01003015,9
E01033208,5
E01033864,11
E01033866,22
E01003019,37
E01003023,22
E01003027,35
E01003029,48
E01003030,40
E01003037,28
E01003039,94
E01003041,60
E01003052,37
E01003054,67
E01003062,17
E01003075,20
E01003082,15
E01003086,13
E01003095,37
E01003097,23
E01003098,14
E01003104,12
E01003108,8
E01003113,13
E01003118,28
E01003120,20
E01003131,54
E01003132,19
E01003133,45
E01003142,18
E01003143,8
E01003146,25
E01003150,22
E01003157,47
E01003159,22
E01003160,11
E01003172,20
E01003180,22
E01003182,30
E01033863,11
E01003092,21
E01003112,6
E01003171,25
E01003173,37
E01003183,17
E01003165,54
E01003162,11
E01003158,37
E01003151,15
E01003149,21
E01003138,33
E01003134,33
E01003130,24
E01003119,12
E01003105,12
E01003102,21
E01003089,6
E01003057,27
E01003053,50
E01003048,16
E01003038,51
E01003035,82
E01003033,37
E01003032,48
E01003020,84
E01003016,9
E01003036,33
E01003069,20
E01003187,25
E01003156,30
E01003154,12
E01003114,22
E01003110,17
E01003087,15
E01003077,47
E01003050,54
E01003047,79
E01003043,55
E01003040,31
E01003024,11
E01003021,26
E01003065,27
E01003140,22
E01003167,65
E01003153,20
E01003145,18
E01003123,30
E01003101,7
E01003090,36
E01003084,22
E01003049,21
E01003067,19
E01003072,40
E01003139,18
E01003186,46
E01003163,17
E01003137,20
E01003106,17
E01003083,17
E01003080,30
E01003018,48
E01003014,16
E01033862,11
E01003117,25
E01003155,17
E01003148,25
E01003028,21
E01003066,17
E01003085,29
E01003096,32
E01003107,12
E01003116,41
E01003141,19
E01003169,44
E01033865,34
E01003078,43
E01003147,34
E01003068,14
E01003071,60
E01003051,36
E01003076,45
E01003079,31
E01003152,33
E01003164,39
E01003168,25
E01003073,42
E01003166,54
E01003026,58
E01003074,126
E01003081,26
E01032582,27
E01003099,10
E01003170,68
E01003013,33
E01003144,63
E01003205,7
E01003299,27
E01003305,22
E01003321,29
E01003322,46
E01003337,19
E01003338,25
E01003349,21
E01003252,10
E01003244,17
E01003238,20
E01003218,33
E01003209,28
E01033322,8
E01033325,8
E01034387,12
E01034388,8
E01034389,10
E01034393,5
E01034395,10
E01003195,30
E01003203,17
E01003214,28
E01003220,36
E01003224,44
E01003228,33
E01003245,18
E01003249,24
E01003253,23
E01003258,28
E01003262,29
E01003266,30
E01003290,26
E01003300,10
E01003302,23
E01003312,63
E01003315,41
E01003324,29
E01003326,34
E01003328,39
E01003329,32
E01003339,22
E01003340,35
E01003341,25
E01003344,23
E01003347,20
E01033341,16
E01003231,34
E01003272,35
E01003278,11
E01003279,26
E01003288,21
E01003293,30
E01003304,65
E01003308,28
E01003309,41
E01003311,44
E01003314,30
E01003316,30
E01003319,38
E01003333,48
E01003335,42
E01003343,24
E01003261,27
E01003259,33
E01003207,41
E01003206,11
E01032564,11
E01033320,34
E01034394,23
E01003189,32
E01003197,52
E01003215,40
E01003216,45
E01003273,9
E01003283,34
E01003298,9
E01003307,31
E01003313,45
E01003323,28
E01003327,65
E01003336,20
E01003345,22
E01003353,49
E01003257,41
E01003222,29
E01003211,36
E01003210,28
E01032579,45
E01034392,21
E01003204,16
E01003239,27
E01003241,40
E01003274,27
E01003280,9
E01003286,43
E01003287,29
E01003310,29
E01003330,44
E01003350,32
E01003352,46
E01003251,17
E01003230,32
E01003229,53
E01032565,26
E01034390,10
E01034391,23
E01003194,52
E01003201,26
E01003223,46
E01003232,25
E01003236,24
E01003268,23
E01003269,19
E01003275,17
E01003282,35
E01003320,28
E01003325,37
E01003255,33
E01003198,19
E01003202,20
E01003225,27
E01003227,31
E01003277,21
E01003284,30
E01003342,15
E01003256,52
E01003243,42
E01003190,89
E01003191,55
E01003221,61
E01003233,28
E01003247,24
E01003265,16
E01003270,20
E01003331,37
E01003332,47
E01003348,40
E01033324,32
E01003217,41
E01003246,30
E01003260,68
E01003263,25
E01003267,12
E01003271,24
E01003281,30
E01003291,37
E01003295,32
E01003301,33
E01003334,33
E01003351,26
E01003219,52
E01003226,36
E01003264,34
E01003285,21
E01003354,37
E01003212,33
E01003303,56
E01003196,46
E01003213,37
E01003235,30
E01003297,21
E01003193,62
E01003292,37
E01003318,53
E01033327,41
E01003237,24
E01003254,48
E01003276,29
E01003248,24
E01003199,27
E01003200,16
E01003240,31
E01003346,39
E01003192,59
E01003360,24
E01003369,31
E01003379,18
E01003390,6
E01003391,5
E01003393,30
E01003399,12
E01003472,29
E01003359,24
E01003371,20
E01003372,21
E01003377,8
E01003381,14
E01003397,27
E01003408,25
E01003410,21
E01003415,24
E01003430,9
E01003457,25
E01003355,12
E01003358,16
E01003368,8
E01003373,13
E01003394,16
E01003396,24
E01003407,23
E01003420,20
E01003423,7
E01003361,18
E01003382,9
E01003384,18
E01003385,11
E01003388,20
E01003400,26
E01003409,7
E01003411,19
E01003436,18
E01003438,17
E01003441,21
E01003456,19
E01003386,22
E01003395,17
E01003416,15
E01003429,11
E01003431,12
E01003450,26
E01003458,18
E01003477,34
E01003357,29
E01003401,29
E01003403,20
E01003404,9
E01003406,7
E01003424,17
E01003443,31
E01003448,26
E01003454,13
E01003455,19
E01003459,25
E01003461,18
E01003466,8
E01034580,8
E01003376,9
E01003387,28
E01003402,17
E01003418,10
E01003380,14
E01003414,27
E01003417,15
E01003433,10
E01003434,18
E01003442,16
E01003389,21
E01003378,26
E01003421,17
E01003422,20
E01003447,26
E01003476,22
E01003364,17
E01003366,15
E01003383,13
E01003392,14
E01003405,26
E01003412,14
E01003425,14
E01003428,9
E01003473,24
E01003478,41
E01003374,21
E01003398,23
E01003444,18
E01003463,9
E01003419,13
E01003440,18
E01003467,12
E01003469,58
E01003470,19
E01034579,25
E01034581,48
E01003413,15
E01003426,32
E01003453,30
E01003471,46
E01003356,22
E01003365,19
E01003370,9
E01003449,19
E01034578,30
E01003362,16
E01003439,22
E01003446,22
E01003451,18
E01003462,15
E01003468,25
E01003427,14
E01003363,10
E01003437,37
E01003474,20
E01003435,16
E01003445,19
E01003432,13
E01003452,20
E01003465,26
E01003464,22
E01003375,56
E01003460,41
E01003489,43
E01003491,69
E01003495,38
E01003496,18
E01003506,45
E01003509,30
E01003511,41
E01003519,18
E01003522,33
E01003524,21
E01003527,49
E01003530,28
E01003532,29
E01003534,52
E01003551,24
E01003553,30
E01003554,41
E01003560,20
E01003563,23
E01003565,18
E01003566,39
E01003567,13
E01003568,29
E01003569,43
E01003570,23
E01003572,22
E01003581,39
E01003582,33
E01003583,36
E01003585,24
E01003588,23
E01003589,25
E01003593,21
E01003597,17
E01003598,30
E01003607,31
E01003608,29
E01003621,14
E01003626,19
E01003627,22
E01003629,21
E01003633,34
E01003634,28
E01034200,59
E01034201,28
E01034203,31
E01034204,34
E01034214,0
E01034215,6
E01034216,7
E01034223,11
E01034226,7
E01034227,7
E01034228,9
E01034230,3
E01003484,11
E01003490,29
E01003492,36
E01003494,35
E01003521,93
E01003526,43
E01003528,26
E01003529,28
E01003533,29
E01003552,29
E01003555,37
E01003556,34
E01003561,29
E01003562,23
E01003564,49
E01003571,29
E01003573,22
E01003579,33
E01003580,33
E01003586,32
E01003595,31
E01003599,39
E01003602,30
E01003605,47
E01003611,14
E01003615,30
E01003628,23
E01003632,24
E01003637,19
E01034199,53
E01034202,30
E01034210,42
E01003487,19
E01003488,43
E01003507,59
E01003520,34
E01003525,61
E01003531,31
E01003543,42
E01003547,33
E01003549,26
E01003558,28
E01003575,31
E01003592,35
E01003594,28
E01003618,43
E01003624,20
E01003631,29
E01034207,32
E01034208,80
E01034221,75
E01003499,71
E01003516,24
E01003536,27
E01003538,32
E01003542,42
E01003550,37
E01003559,40
E01003577,48
E01003623,25
E01003630,35
E01003636,40
E01033584,38
E01034212,31
E01034219,14
E01003501,50
E01003508,69
E01003518,16
E01003537,35
E01003541,25
E01003545,27
E01003546,34
E01003574,38
E01003591,49
E01003596,25
E01003600,38
E01003603,61
E01003616,32
E01034231,5
E01003514,14
E01003523,60
E01003540,36
E01003557,34
E01033580,12
E01003480,21
E01034213,12
E01003485,9
E01003539,30
E01003548,32
E01003576,45
E01003604,71
E01003479,10
E01003498,44
E01034209,154
E01003587,35
E01003619,57
E01034217,36
E01003483,21
E01003512,56
E01003502,91
E01003503,122
E01003544,36
E01003625,23
E01034222,31
E01003486,187
E01003517,48
E01003601,62
E01003635,24
E01003513,105
E01003584,47
E01003590,51
E01033579,22
E01033586,31
E01034211,45
E01003535,80
E01003622,22
E01034218,31
E01033582,6
E01034220,285
E01034225,86
E01034229,35
E01003481,33
E01003578,57
E01003497,211
E01003500,106
E01003515,155
E01034224,24
E01034206,87
E01033581,27
E01034205,242
E01003684,27
E01003714,55
E01003729,42
E01003730,28
E01003733,33
E01003736,28
E01003761,25
E01003786,35
E01033590,8
E01034482,18
E01034483,23
E01003644,29
E01003652,37
E01003683,25
E01003688,39
E01003695,19
E01003696,37
E01003712,12
E01003713,34
E01003718,44
E01003731,24
E01003734,52
E01003742,28
E01003766,32
E01003772,29
E01003779,23
E01003781,40
E01034480,12
E01003647,22
E01003649,28
E01003651,37
E01003662,33
E01003668,52
E01003685,46
E01003715,38
E01003732,28
E01003738,56
E01003743,38
E01003754,21
E01003782,27
E01003787,21
E01034481,21
E01003646,71
E01003669,53
E01003672,37
E01003676,31
E01003691,32
E01003692,36
E01003701,62
E01003727,25
E01003741,38
E01003753,28
E01003767,36
E01003771,27
E01003784,25
E01003788,34
E01033589,51
E01033592,15
E01003653,41
E01003654,22
E01003661,31
E01003665,12
E01003673,41
E01003689,156
E01003698,14
E01003706,19
E01003721,19
E01003735,26
E01003762,31
E01003768,38
E01003769,60
E01003780,25
E01033591,58
E01003643,50
E01003645,49
E01003648,39
E01003650,31
E01003670,27
E01003680,27
E01003686,42
E01003725,18
E01003749,29
E01003752,49
E01003759,28
E01003765,93
E01034484,75
E01003638,59
E01003664,18
E01003671,27
E01003705,40
E01003724,14
E01003773,35
E01003704,35
E01003755,38
E01003757,43
E01032581,29
E01003659,17
E01003675,55
E01003697,55
E01003716,34
E01003737,36
E01003756,33
E01003783,84
E01003789,39
E01003682,29
E01003694,25
E01003710,24
E01003722,21
E01003760,31
E01003679,28
E01003707,22
E01003709,24
E01003723,23
E01003763,57
E01003641,33
E01003663,15
E01003739,36
E01003745,10
E01003656,35
E01003666,33
E01003674,70
E01003777,80
E01003655,27
E01003711,30
E01003720,35
E01003747,12
E01003750,50
E01003657,55
E01003658,26
E01003678,23
E01003699,33
E01003775,28
E01003793,36
E01003796,32
E01003702,19
E01003660,21
E01003690,60
E01003748,56
E01003778,76
E01003708,38
E01003740,52
E01003751,38
E01003774,40
E01003785,42
E01003794,29
E01003719,40
E01003790,33
E01003792,20
E01003677,99
E01003776,37
E01003642,95
E01003693,49
E01003700,87
E01003744,11
E01003764,47
E01003770,86
E01003681,41
E01003703,24
E01003746,28
E01003795,52
E01003791,38
E01003639,49
E01003726,41
E01003640,38
E01003808,41
E01003865,25
E01003868,20
E01003871,18
E01003854,57
E01003856,19
E01003863,18
E01003866,17
E01003902,7
E01003807,40
E01003811,12
E01003844,66
E01003858,30
E01003859,30
E01003874,20
E01003879,14
E01003898,20
E01003906,24
E01003798,60
E01003804,18
E01003832,13
E01003840,43
E01003857,22
E01003897,25
E01003861,46
E01003882,17
E01003883,16
E01003890,8
E01003803,19
E01003842,26
E01003862,70
E01003892,12
E01003909,23
E01003802,12
E01003810,29
E01003846,37
E01003855,50
E01003864,33
E01003899,17
E01003800,15
E01003813,26
E01003833,24
E01003843,48
E01003848,24
E01003877,14
E01003886,19
E01003887,12
E01003894,13
E01003901,25
E01003907,32
E01003873,79
E01003881,6
E01003893,11
E01003904,19
E01003829,46
E01003837,9
E01003839,10
E01003851,64
E01003891,12
E01003910,27
E01003812,21
E01003849,26
E01003872,28
E01003876,362
E01003801,29
E01003820,10
E01003821,58
E01003841,41
E01003845,56
E01003869,13
E01003870,43
E01003880,8
E01003900,22
E01003903,81
E01003835,11
E01003838,14
E01003905,11
E01003824,15
E01003825,9
E01003836,6
E01003908,18
E01003809,41
E01003853,35
E01003875,25
E01003815,28
E01003822,11
E01003895,11
E01003814,16
E01003828,7
E01003852,24
E01003797,40
E01003799,86
E01003830,22
E01003831,17
E01033570,62
E01003827,20
E01003867,28
E01003896,15
E01033571,10
E01003805,39
E01003818,5
E01003826,20
E01003885,9
E01003878,26
E01003884,11
E01003860,104
E01003888,14
E01003847,59
E01003819,24
E01003834,14
E01003889,11
E01003806,28
E01003816,37
E01003817,22
E01003823,18
E01003912,19
E01003923,19
E01003924,17
E01003925,12
E01003926,12
E01003936,15
E01003937,11
E01003938,5
E01003940,9
E01003941,21
E01003943,20
E01003954,20
E01003958,17
E01003963,13
E01003971,3
E01003972,15
E01003973,21
E01003975,27
E01003991,14
E01003992,18
E01003993,17
E01003995,11
E01003997,9
E01003998,21
E01004003,32
E01004007,15
E01004008,10
E01004019,37
E01004024,32
E01004036,24
E01004044,15
E01004045,18
E01004065,33
E01004071,42
E01032637,4
E01032638,3
E01032639,14
E01032640,2
E01032719,7
E01032803,8
E01032834,2
E01033870,13
E01033872,19
E01033874,4
E01033875,7
E01033876,8
E01033882,14
E01033883,9
E01033885,10
E01003911,18
E01003914,29
E01003915,28
E01003917,24
E01003922,27
E01003930,15
E01003942,12
E01003952,33
E01003955,33
E01003956,26
E01003960,16
E01003976,27
E01003977,32
E01003979,34
E01003980,20
E01003999,9
E01004010,16
E01004013,18
E01004014,22
E01004021,53
E01004023,29
E01004030,19
E01004032,13
E01004034,20
E01004037,33
E01004042,35
E01004043,30
E01004047,20
E01004051,14
E01004060,13
E01004066,29
E01032584,6
E01032646,11
E01033871,38
E01033877,13
E01033878,7
E01033879,24
E01003916,22
E01003918,12
E01003920,18
E01003932,18
E01003947,18
E01003957,29
E01003961,29
E01003990,32
E01003994,18
E01004001,24
E01004011,27
E01004012,31
E01004028,31
E01004039,19
E01004040,34
E01004049,8
E01004054,16
E01004055,6
E01033873,12
E01003913,44
E01003939,21
E01003966,16
E01003981,159
E01003983,22
E01004035,28
E01004041,14
E01004046,44
E01004050,33
E01004058,22
E01033868,15
E01033884,14
E01003921,22
E01003935,15
E01003986,22
E01003987,11
E01004002,27
E01004005,27
E01004006,37
E01004020,13
E01004029,19
E01004038,29
E01032583,19
E01033869,12
E01003984,23
E01004053,23
E01004067,59
E01033880,33
E01003919,29
E01003933,16
E01003953,34
E01004004,37
E01004068,56
E01004059,21
E01004056,19
E01033867,17
E01004033,25
E01003934,15
E01004063,74
E01004064,25
E01003949,58
E01003950,30
E01004000,25
E01004018,42
E01004074,98
E01004017,28
E01004072,52
E01003969,34
E01004073,44
E01033881,18
E01003989,26
E01004057,17
E01004048,39
E01004016,44
E01004061,40
E01003929,32
E01003948,37
E01003988,42
E01004015,26
E01004052,36
E01004062,38
E01004031,70
E01004070,45
E01004075,69
E01004069,66
E01003946,42
E01003945,75
E01003951,63
E01004089,18
E01004126,20
E01004124,19
E01004128,25
E01004140,17
E01004143,15
E01004082,28
E01004133,19
E01004155,10
E01004182,23
E01004174,50
E01004169,10
E01034154,7
E01004098,18
E01004117,7
E01004151,13
E01004172,20
E01004173,31
E01004187,18
E01004190,18
E01004196,12
E01004090,8
E01004096,7
E01004125,21
E01004132,13
E01004183,13
E01004191,15
E01004149,17
E01004141,8
E01034153,13
E01034155,31
E01034156,23
E01004080,17
E01004107,9
E01004121,12
E01004127,17
E01004139,12
E01004148,25
E01004150,11
E01004162,15
E01004163,21
E01004170,39
E01004122,9
E01004135,14
E01004194,18
E01004175,11
E01004167,38
E01004164,20
E01004157,25
E01004081,27
E01004138,16
E01004154,16
E01004158,13
E01004166,27
E01004103,14
E01004115,13
E01004134,16
E01004136,18
E01004160,22
E01004168,23
E01004177,10
E01004189,28
E01004195,3
E01004077,21
E01004079,27
E01004083,15
E01004101,11
E01004104,23
E01004129,20
E01004131,11
E01004146,20
E01004159,21
E01004165,17
E01004102,39
E01004119,28
E01004145,23
E01004176,21
E01004179,29
E01004184,28
E01004118,30
E01004178,36
E01004099,15
E01004100,22
E01004120,9
E01004161,18
E01004156,22
E01004094,18
E01004137,24
E01004153,14
E01004186,21
E01004078,40
E01004087,18
E01004116,10
E01004123,34
E01004147,16
E01004091,10
E01004097,9
E01004088,38
E01004105,12
E01004109,20
E01004111,15
E01004144,22
E01004192,10
E01004193,24
E01004093,14
E01004095,15
E01004110,28
E01004130,48
E01004152,20
E01004171,20
E01004181,11
E01004185,20
E01004112,32
E01004180,19
E01004092,14
E01004106,10
E01004084,9
E01004086,22
E01004114,7
E01004085,11
E01032623,24
E01004076,88
E01004108,18
E01004198,31
E01004199,15
E01004200,30
E01004202,49
E01004204,29
E01004207,23
E01004209,18
E01004212,42
E01004214,20
E01032767,49
E01004326,64
E01004324,18
E01004323,122
E01004316,29
E01004311,43
E01004310,59
E01004308,28
E01004305,48
E01004304,25
E01004302,8
E01004300,27
E01004298,38
E01004295,15
E01004287,34
E01004275,13
E01004272,44
E01004268,27
E01004266,35
E01004264,17
E01004263,26
E01004260,38
E01004258,26
E01004255,39
E01004251,68
E01004247,62
E01004244,58
E01004243,32
E01004240,28
E01004237,26
E01004236,30
E01004235,12
E01004233,14
E01004231,35
E01004230,35
E01004229,36
E01004226,27
E01032768,21
E01032770,49
E01032772,46
E01032776,31
E01032779,10
E01032784,17
E01032785,9
E01032786,18
E01035658,26
E01035660,35
E01035661,36
E01035662,8
E01035663,13
E01035666,23
E01035669,30
E01035671,21
E01035672,66
E01035673,13
E01035674,22
E01035675,17
E01035677,32
E01035680,12
E01035682,16
E01035683,18
E01035684,30
E01035685,34
E01035686,38
E01035687,51
E01035688,5
E01035689,28
E01035690,29
E01035692,23
E01035693,21
E01035695,34
E01035698,15
E01035699,27
E01035700,2
E01035701,4
E01035703,9
E01035704,8
E01035706,42
E01004201,39
E01004206,32
E01004232,51
E01004239,34
E01004257,44
E01004271,54
E01004274,6
E01004276,1
E01004283,31
E01004288,32
E01004289,24
E01004296,28
E01004301,10
E01004312,15
E01004313,20
E01004319,37
E01032769,17
E01032775,2
E01032777,46
E01032782,34
E01032787,37
E01035667,38
E01035678,37
E01035681,47
E01035697,28
E01004205,38
E01004245,49
E01004315,24
E01004306,36
E01004292,5
E01004291,16
E01004290,40
E01004281,7
E01004256,39
E01004241,32
E01004222,34
E01004216,8
E01004211,38
E01032765,23
E01032781,8
E01035664,57
E01035665,95
E01035676,30
E01035679,55
E01035694,51
E01035696,31
E01004259,41
E01004267,29
E01004297,8
E01004322,77
E01032774,39
E01035659,38
E01035668,37
E01004248,38
E01004286,90
E01004228,30
E01004219,108
E01004203,42
E01032783,4
E01035657,35
E01004321,115
E01035691,23
E01004280,18
E01004307,53
E01035670,66
E01035705,74
E01004249,51
E01004208,30
E01004221,46
E01004309,101
E01004218,6
E01004270,46
E01032771,37
E01032780,45
E01004217,14
E01004293,20
E01004303,62
E01035702,63
E01004234,36
E01004223,36
E01004277,26
E01032764,86
E01004460,43
E01004449,26
E01004447,23
E01004446,32
E01004443,81
E01004442,24
E01004411,29
E01004396,30
E01004376,37
E01004373,41
E01004372,28
E01004371,31
E01004365,19
E01004339,18
E01004338,45
E01004337,38
E01004334,37
E01004333,13
E01004331,33
E01004330,38
E01034486,30
E01034487,14
E01034488,23
E01004327,40
E01004328,25
E01004329,30
E01004332,44
E01004346,29
E01004368,32
E01004369,30
E01004374,45
E01004375,39
E01004382,24
E01004407,28
E01004408,31
E01004428,29
E01004459,28
E01004463,40
E01004465,16
E01004466,29
E01034485,35
E01004370,22
E01004462,36
E01004471,19
E01004470,35
E01004464,27
E01004441,45
E01004439,32
E01004435,34
E01004432,45
E01004425,24
E01004423,25
E01004421,29
E01004420,39
E01004405,44
E01004397,99
E01004394,27
E01004378,29
E01004367,33
E01004335,40
E01004393,27
E01004404,27
E01004406,36
E01004414,20
E01004426,30
E01004437,33
E01004458,30
E01004345,20
E01004347,56
E01004454,45
E01004456,154
E01004388,42
E01004383,27
E01004359,26
E01004355,25
E01004336,30
E01004341,25
E01004363,72
E01004418,24
E01004419,55
E01004451,31
E01004457,38
E01004343,38
E01004357,17
E01004400,20
E01004402,36
E01004415,13
E01004444,52
E01004445,37
E01004452,43
E01004358,25
E01004360,11
E01004413,27
E01004340,39
E01004348,52
E01004379,44
E01004384,33
E01004412,57
E01004436,41
E01004361,22
E01004430,126
E01004438,64
E01004440,49
E01004387,17
E01004424,37
E01004453,75
E01004469,26
E01004342,72
E01004389,41
E01004392,67
E01004450,48
E01004350,32
E01004354,28
E01004364,24
E01004366,40
E01004390,18
E01004398,25
E01004403,59
E01004417,19
E01004434,35
E01004427,39
E01004409,58
E01004386,16
E01004410,66
E01004455,253
E01004344,48
E01004448,36
E01004351,11
E01004353,23
E01004385,27
E01004467,39
E01004429,36
E01004399,36
E01004377,41
E01004380,31
E01004381,53
E01004356,33
E01004416,30
E01004468,30
E01004349,20
E01004395,23
E01004362,31
E01004401,36
E01004422,81
E01004352,42
E01004391,37
E01004490,28
E01004512,24
E01004513,87
E01004531,26
E01004532,18
E01004535,22
E01004538,20
E01004541,13
E01004542,22
E01004580,24
E01004596,27
E01004599,29
E01004611,13
E01004627,33
E01004633,11
E01004637,6
E01004587,39
E01004586,32
E01004584,7
E01004577,40
E01004566,60
E01004565,28
E01004557,35
E01004546,22
E01004544,37
E01004539,22
E01004527,29
E01004521,31
E01004518,54
E01004488,53
E01004487,36
E01004481,12
E01004480,39
E01004478,40
E01004475,23
E01033100,21
E01033135,12
E01035488,54
E01035489,5
E01035492,25
E01035494,18
E01035495,72
E01035497,2
E01004473,31
E01004482,10
E01004485,49
E01004491,9
E01004494,27
E01004495,19
E01004498,21
E01004508,47
E01004516,39
E01004520,14
E01004522,29
E01004530,20
E01004540,38
E01004549,20
E01004550,21
E01004555,64
E01004556,38
E01004567,16
E01004570,21
E01004579,33
E01004588,68
E01004589,30
E01004591,41
E01004598,25
E01004608,137
E01004612,22
E01004614,27
E01004616,26
E01004618,22
E01004620,48
E01004631,25
E01004634,15
E01004640,29
E01004643,13
E01004645,14
E01035499,7
E01004497,23
E01004515,27
E01004536,30
E01004592,35
E01004594,35
E01004597,49
E01004606,62
E01004607,41
E01004628,26
E01004630,19
E01004585,40
E01004582,69
E01004563,24
E01004559,38
E01004524,20
E01004472,53
E01033133,14
E01035493,14
E01004479,40
E01004489,40
E01004501,12
E01004502,22
E01004505,9
E01004525,51
E01004528,19
E01004529,37
E01004533,20
E01004545,37
E01004551,35
E01004571,17
E01004602,34
E01004623,41
E01004635,13
E01004641,10
E01004613,28
E01004590,41
E01004547,12
E01035491,98
E01004504,16
E01004511,23
E01004514,57
E01004581,24
E01004622,30
E01004632,14
E01004553,39
E01004526,33
E01004503,30
E01004506,64
E01004537,24
E01004548,19
E01004552,31
E01004583,30
E01004636,9
E01033099,37
E01004493,38
E01004500,20
E01004519,15
E01004574,11
E01004593,38
E01004615,36
E01004629,13
E01004543,35
E01004477,62
E01035498,9
E01004474,82
E01004476,33
E01004496,22
E01004517,23
E01004610,43
E01004625,17
E01004642,13
E01004644,20
E01004486,32
E01004499,21
E01004510,26
E01004534,29
E01004568,6
E01004601,65
E01004639,38
E01033098,11
E01004484,22
E01004523,48
E01004605,45
E01035496,13
E01004492,30
E01033132,19
E01004507,30
E01004558,31
E01004595,42
E01004609,87
E01004626,40
E01004638,20
E01004564,37
E01004569,20
E01004554,41
E01004624,22
E01004575,20
E01004576,19
E01004617,52
E01004572,14
E01004604,54
E01004621,34
E01004483,13
E01004619,23
E01035490,59
E01004560,113
E01004573,37
E01004651,16
E01004652,20
E01004653,35
E01004674,18
E01004676,16
E01004677,28
E01004693,58
E01004694,20
E01004695,158
E01004696,3
E01004698,26
E01004699,72
E01004700,24
E01004701,39
E01004705,45
E01004710,60
E01004711,36
E01004719,31
E01004722,15
E01004728,9
E01004729,17
E01004754,22
E01004756,19
E01004757,14
E01004760,26
E01032513,17
E01004753,17
E01004752,12
E01004748,40
E01004746,6
E01004743,6
E01004742,15
E01004741,4
E01004740,9
E01004737,7
E01004732,9
E01004724,51
E01004686,50
E01004684,48
E01004680,79
E01004670,11
E01004668,9
E01004665,8
E01004660,52
E01004659,27
E01033593,13
E01033597,4
E01033599,3
E01033601,12
E01033602,16
E01033603,28
E01033605,59
E01035715,40
E01004654,53
E01004656,26
E01004675,26
E01004678,20
E01004679,23
E01004682,34
E01004683,39
E01004697,21
E01004707,66
E01004708,23
E01004709,46
E01004715,51
E01004718,20
E01004723,30
E01004744,7
E01004747,14
E01004749,22
E01004751,15
E01033598,23
E01033604,48
E01035717,50
E01004702,42
E01004706,37
E01004712,47
E01004657,134
E01035719,7
E01004647,71
E01004681,30
E01004703,60
E01004720,40
E01004721,21
E01004755,22
E01004663,45
E01035720,8
E01035722,21
E01004692,192
E01004717,60
E01004726,48
E01004662,242
E01004661,42
E01004658,77
E01035721,35
E01004649,42
E01004650,42
E01004669,4
E01004716,57
E01004750,20
E01004646,31
E01033594,76
E01032512,23
E01004648,55
E01004713,116
E01004714,431
E01004765,398
E01004725,55
E01004687,30
E01004690,30
E01004691,336
E01004730,55
E01004762,427
E01004734,805
E01004763,184
E01004735,214
E01004733,55
E01004761,360
E01004727,43
E01035716,1455
E01004731,25
E01004736,378
E01035718,527
