lsoa21cd,tov_count
E01000011,12
E01000046,26
E01000051,7
E01000077,33
E01000083,25
E01032580,20
E01034472,16
E01000006,27
E01000009,24
E01000022,9
E01000074,34
E01000084,28
E01000089,20
E01000097,29
E01000113,29
E01034470,10
E01034473,16
E01034477,24
E01000012,27
E01000017,31
E01000024,21
E01000038,14
E01000040,25
E01000041,32
E01000043,24
E01000050,17
E01000058,22
E01000076,32
E01000081,28
E01000082,33
E01000085,26
E01000086,19
E01000025,28
E01000028,24
E01000033,22
E01000042,29
E01000052,31
E01000055,26
E01000063,43
E01000078,37
E01034474,20
E01000016,30
E01000018,22
E01000044,10
E01000049,16
E01000066,39
E01000067,35
E01000101,34
E01000108,22
E01000110,19
E01000021,43
E01000037,23
E01000054,19
E01000059,22
E01034471,27
E01000007,14
E01000008,51
E01000057,28
E01000062,44
E01000064,24
E01000065,30
E01000099,57
E01000104,25
E01000106,34
E01000114,51
E01000019,16
E01000053,23
E01000100,33
E01033587,53
E01034469,27
E01034479,19
E01000020,28
E01000069,28
E01000075,46
E01000088,24
E01000091,53
E01000102,25
E01000013,29
E01000015,24
E01000068,21
E01000045,44
E01000056,44
E01000071,29
E01000079,26
E01000105,31
E01000035,38
E01000073,34
E01000087,42
E01000098,33
E01000032,39
E01000072,26
E01000080,28
E01000093,20
E01000111,52
E01000112,55
E01000014,25
E01000029,36
E01000070,51
E01000061,39
E01000103,32
E01000036,21
E01000107,17
E01000096,61
E01000030,88
E01034475,36
E01034476,102
E01000031,39
E01000094,34
E01000060,62
E01000034,22
E01000027,38
E01000039,24
E01000090,43
E01034478,17
E01000095,101
E01033917,5
E01033918,12
E01033919,5
E01033921,5
E01000133,16
E01000181,25
E01000185,18
E01000189,21
E01000226,13
E01000306,21
E01000312,19
E01033916,18
E01033922,13
E01033923,8
E01000126,14
E01000134,7
E01000137,16
E01000145,19
E01000151,13
E01000154,5
E01000165,23
E01000217,17
E01000219,22
E01000236,26
E01033913,16
E01000140,24
E01000143,10
E01000147,14
E01000182,19
E01000216,27
E01000224,17
E01000238,26
E01000242,22
E01000277,14
E01000295,24
E01000297,20
E01000299,20
E01000300,19
E01000304,16
E01000317,21
E01000319,29
E01033915,10
E01000130,20
E01000163,22
E01000179,20
E01000215,22
E01000220,19
E01000269,24
E01000293,24
E01033920,4
E01000120,27
E01000127,10
E01000157,15
E01000180,16
E01000225,35
E01000245,24
E01000286,8
E01000309,22
E01000311,39
E01000314,28
E01000321,24
E01000117,28
E01000132,14
E01000144,28
E01000153,14
E01000174,24
E01000202,28
E01000265,33
E01000320,28
E01000324,19
E01033912,13
E01033914,10
E01000124,24
E01000142,25
E01000150,38
E01000156,27
E01000162,28
E01000169,25
E01000176,21
E01000190,24
E01000197,25
E01000205,35
E01000227,29
E01000251,33
E01000291,11
E01000292,16
E01000191,17
E01000218,17
E01000252,26
E01000267,26
E01000289,14
E01033924,11
E01000115,29
E01000122,18
E01000128,12
E01000131,16
E01000152,28
E01000158,22
E01000170,40
E01000177,16
E01000263,17
E01000281,27
E01000287,13
E01000294,19
E01000313,24
E01000138,9
E01000146,31
E01000168,30
E01000171,47
E01000183,15
E01000187,18
E01000192,21
E01000195,23
E01000196,22
E01000285,5
E01000298,42
E01000315,22
E01000323,30
E01000116,31
E01000214,29
E01000231,18
E01000235,21
E01000243,18
E01000270,21
E01000302,13
E01000322,21
E01000200,34
E01000203,40
E01000229,19
E01000232,19
E01000247,21
E01000271,36
E01000303,25
E01000318,22
E01000136,15
E01000141,36
E01000159,32
E01000160,36
E01000173,26
E01000201,37
E01000204,28
E01000237,28
E01000278,25
E01000296,15
E01000316,63
E01000161,21
E01000166,25
E01000194,30
E01000199,14
E01000208,20
E01000209,34
E01000248,21
E01000284,28
E01000301,25
E01000139,24
E01000167,20
E01000186,26
E01000198,33
E01000222,15
E01000223,24
E01000234,17
E01000274,34
E01000121,15
E01000123,22
E01000164,38
E01000178,26
E01000184,21
E01000193,24
E01000210,34
E01000213,34
E01000239,11
E01000240,23
E01000288,19
E01000119,34
E01000212,26
E01000230,31
E01000233,20
E01000241,28
E01000268,56
E01000273,31
E01000283,17
E01000307,51
E01000129,11
E01000135,13
E01000175,28
E01000211,33
E01000221,32
E01000244,19
E01000272,34
E01000275,26
E01000172,21
E01000207,38
E01000257,34
E01000308,10
E01033925,11
E01000118,29
E01000264,30
E01000266,33
E01000310,39
E01000250,26
E01000276,21
E01000280,15
E01000249,18
E01000282,28
E01000256,20
E01000260,20
E01000261,19
E01000305,27
E01000259,29
E01000206,36
E01000255,31
E01000228,26
E01000258,21
E01000188,27
E01000246,23
E01000254,23
E01000253,17
E01000290,18
E01033911,22
E01000279,15
E01000373,12
E01000411,27
E01000438,10
E01000452,18
E01000456,13
E01000464,35
E01033789,29
E01000426,20
E01033790,18
E01000368,14
E01000396,27
E01000401,16
E01000431,15
E01000347,19
E01000357,9
E01000370,16
E01000419,15
E01000423,20
E01000453,15
E01000463,9
E01000326,23
E01000366,17
E01000409,20
E01000410,23
E01000415,16
E01000416,34
E01000435,23
E01000454,12
E01000455,19
E01000337,14
E01000341,5
E01000422,35
E01000446,11
E01000342,12
E01000355,10
E01000371,16
E01000393,16
E01000395,9
E01000436,18
E01000437,14
E01000439,27
E01000441,15
E01000450,22
E01000459,14
E01000467,23
E01000325,12
E01000345,14
E01000348,13
E01000364,20
E01000369,19
E01000413,8
E01000440,9
E01000443,10
E01000451,22
E01000333,21
E01000354,13
E01000372,20
E01000384,18
E01000392,26
E01000404,35
E01000424,20
E01000465,34
E01000469,24
E01000336,32
E01000380,16
E01000394,9
E01000425,14
E01000458,10
E01000470,34
E01000327,11
E01000332,15
E01000340,9
E01000343,6
E01000349,22
E01000356,13
E01000379,13
E01000398,11
E01000402,32
E01000414,22
E01000427,25
E01032566,22
E01000334,12
E01000358,15
E01000365,12
E01000367,18
E01000391,19
E01000412,28
E01000420,20
E01000449,17
E01000330,9
E01000353,5
E01000362,32
E01000421,16
E01000442,18
E01000461,10
E01000339,21
E01000360,32
E01000387,11
E01000388,21
E01000399,16
E01000429,31
E01000433,17
E01033791,37
E01000338,25
E01000351,19
E01000375,20
E01000406,28
E01000407,13
E01000418,28
E01000460,12
E01000329,9
E01000344,9
E01000382,11
E01000457,19
E01000346,15
E01000352,19
E01000359,12
E01000389,12
E01000390,19
E01000400,16
E01000350,13
E01000361,16
E01000385,26
E01000331,31
E01000363,18
E01000448,14
E01000468,37
E01000417,33
E01000328,12
E01000386,13
E01000428,23
E01000374,24
E01000377,17
E01000405,33
E01000444,22
E01000462,17
E01000403,65
E01000445,13
E01000376,23
E01000408,62
E01000434,16
E01000335,61
E01000430,38
E01000447,22
E01033792,20
E01000381,18
E01000466,51
E01000383,15
E01000471,9
E01000509,19
E01000522,27
E01000532,17
E01000546,20
E01000547,22
E01000549,20
E01000552,5
E01000556,23
E01000559,20
E01000561,17
E01000584,19
E01000585,22
E01000599,13
E01000603,10
E01000611,4
E01000616,19
E01000637,16
E01033485,20
E01033936,14
E01033939,19
E01033940,5
E01033941,4
E01000505,26
E01000508,30
E01000523,30
E01000531,28
E01000544,9
E01000545,34
E01000548,24
E01000551,10
E01000553,32
E01000570,16
E01000572,18
E01000579,18
E01000593,9
E01000629,25
E01033455,20
E01033929,19
E01033933,17
E01033937,12
E01000483,24
E01000513,19
E01000517,13
E01000526,22
E01000550,19
E01000557,20
E01000558,16
E01000560,11
E01000567,5
E01000574,15
E01000581,21
E01000592,8
E01000602,18
E01000606,17
E01000607,17
E01000619,14
E01000639,18
E01000642,23
E01000644,26
E01033457,9
E01033934,36
E01033935,13
E01000490,22
E01000493,16
E01000504,29
E01000514,13
E01000520,27
E01000521,34
E01000530,20
E01000555,16
E01000594,19
E01000595,13
E01000612,8
E01000613,12
E01000617,17
E01000632,12
E01000640,40
E01033930,34
E01000488,12
E01000492,20
E01000512,14
E01000528,16
E01000541,17
E01000569,12
E01000573,12
E01000583,27
E01000636,21
E01000641,36
E01000485,10
E01000494,13
E01000507,22
E01000510,34
E01000525,22
E01000527,24
E01000534,23
E01000554,36
E01000604,9
E01000605,17
E01000634,10
E01000511,22
E01000533,28
E01000566,11
E01000580,45
E01000582,34
E01000621,15
E01000623,22
E01000627,23
E01000474,21
E01000495,13
E01000501,23
E01000516,25
E01000524,24
E01000535,27
E01000565,9
E01000571,14
E01000626,23
E01000476,18
E01000497,48
E01000498,34
E01000506,26
E01000577,38
E01000609,15
E01000618,14
E01000628,38
E01000633,20
E01033931,18
E01033932,7
E01000478,22
E01000479,16
E01000480,29
E01000503,47
E01000515,26
E01000631,16
E01033942,18
E01000472,25
E01000484,13
E01000502,31
E01000536,23
E01000562,15
E01000578,21
E01000587,35
E01033456,33
E01000564,20
E01000568,21
E01000590,24
E01000625,21
E01000630,26
E01000473,21
E01000543,23
E01000596,28
E01000610,19
E01000620,18
E01000624,19
E01000491,23
E01000638,40
E01000475,30
E01000477,23
E01000489,25
E01000540,10
E01000586,27
E01000589,26
E01000591,23
E01000538,12
E01000539,16
E01000575,14
E01000576,10
E01000615,31
E01000481,12
E01000519,16
E01000563,20
E01000601,40
E01000608,19
E01000622,14
E01000643,26
E01000487,21
E01000486,21
E01000499,60
E01033463,24
E01000518,35
E01033938,56
E01000701,16
E01000702,21
E01000705,21
E01000746,20
E01000796,13
E01034386,21
E01000669,23
E01000699,18
E01000741,14
E01000744,38
E01034384,10
E01000781,19
E01000798,19
E01000805,26
E01032562,19
E01000707,23
E01000795,8
E01000801,21
E01000806,29
E01000674,18
E01000700,19
E01000778,21
E01000784,13
E01000785,25
E01000789,13
E01000709,16
E01000780,23
E01000825,13
E01000834,20
E01000672,29
E01000679,22
E01000682,10
E01000691,12
E01000703,30
E01000726,16
E01000768,25
E01000802,24
E01000822,25
E01000824,16
E01000833,18
E01032568,25
E01000762,22
E01000803,24
E01000708,15
E01000739,23
E01000774,18
E01000783,24
E01000811,6
E01000721,11
E01000782,27
E01000827,21
E01000829,6
E01000836,8
E01032563,24
E01000673,34
E01000677,20
E01000729,32
E01000742,39
E01000773,22
E01000777,13
E01000810,14
E01000816,14
E01000823,24
E01000647,17
E01000690,14
E01000704,23
E01000712,28
E01000799,53
E01000808,14
E01000812,15
E01000651,18
E01000683,8
E01000706,10
E01000718,29
E01000733,17
E01000764,18
E01000787,15
E01000657,19
E01000678,20
E01000724,24
E01000835,12
E01000648,24
E01000687,10
E01000692,24
E01000711,28
E01000715,8
E01000719,28
E01000727,14
E01000734,12
E01000750,10
E01000758,6
E01000767,18
E01000794,10
E01000839,13
E01000663,10
E01000670,26
E01000716,11
E01000722,47
E01000766,19
E01000792,5
E01000797,29
E01000841,27
E01032570,15
E01000681,7
E01000717,20
E01000735,16
E01000736,21
E01000737,13
E01000771,27
E01000793,11
E01000655,16
E01000713,31
E01000714,24
E01000754,6
E01000755,9
E01000760,13
E01000814,7
E01000819,28
E01034383,13
E01034385,27
E01000662,26
E01000686,14
E01000723,10
E01000730,24
E01000731,27
E01000732,18
E01000743,22
E01000800,25
E01000838,10
E01000653,22
E01000659,21
E01000671,28
E01000725,21
E01000745,38
E01000772,6
E01000828,20
E01000831,20
E01000646,26
E01000649,25
E01000676,35
E01000694,25
E01000698,18
E01000738,23
E01000769,12
E01000804,38
E01000809,14
E01000815,21
E01000820,20
E01000830,32
E01000684,8
E01000757,5
E01000791,13
E01000837,14
E01000840,11
E01000652,18
E01000688,18
E01000756,9
E01000761,11
E01000788,12
E01000790,22
E01000813,16
E01000826,26
E01000661,26
E01000697,17
E01000710,25
E01000763,16
E01000779,24
E01000832,9
E01000645,9
E01000667,14
E01000668,24
E01000689,18
E01000752,13
E01000770,29
E01000775,19
E01000650,17
E01000654,18
E01000665,21
E01000695,12
E01000786,9
E01000664,14
E01000685,16
E01000753,6
E01000818,20
E01000728,14
E01000751,12
E01000807,21
E01000658,24
E01000693,26
E01000656,22
E01000666,17
E01000696,20
E01000765,26
E01000749,17
E01000759,17
E01000680,20
E01000720,37
E01000747,32
E01000748,25
E01000843,13
E01000846,9
E01000847,19
E01000849,17
E01000853,3
E01000857,16
E01000867,15
E01000868,7
E01000869,20
E01000882,19
E01000886,13
E01000887,9
E01000890,6
E01000891,4
E01000901,16
E01000904,16
E01000905,8
E01000906,12
E01000919,8
E01000923,13
E01000926,23
E01000927,11
E01000929,17
E01000932,15
E01000934,15
E01000935,14
E01000939,13
E01000941,4
E01000942,8
E01000943,7
E01000944,5
E01000949,8
E01000951,3
E01000954,9
E01000955,18
E01000957,16
E01000959,11
E01000961,23
E01000964,20
E01000968,12
E01000969,21
E01000970,14
E01000971,11
E01000842,16
E01000848,20
E01000859,26
E01000870,16
E01000873,18
E01000874,13
E01000875,16
E01000876,14
E01000877,17
E01000888,7
E01000892,17
E01000900,9
E01000902,6
E01000903,13
E01000907,10
E01000911,9
E01000915,6
E01000920,12
E01000924,16
E01000930,26
E01000938,14
E01000952,10
E01000966,14
E01000974,16
E01035712,2
E01000844,21
E01000845,15
E01000861,13
E01000862,22
E01000866,15
E01000880,26
E01000895,15
E01000898,14
E01000910,31
E01000916,12
E01000917,7
E01000925,11
E01000933,15
E01000937,4
E01000956,12
E01000960,25
E01000962,11
E01000965,17
E01000972,18
E01000863,19
E01000872,20
E01000889,10
E01000918,12
E01000931,28
E01035709,2
E01000860,11
E01000878,21
E01000896,22
E01000851,6
E01000879,9
E01000883,16
E01000884,37
E01000947,28
E01000856,7
E01000881,11
E01000897,24
E01000908,16
E01000963,13
E01000921,15
E01035707,13
E01000948,13
E01000958,21
E01000967,19
E01000850,11
E01000858,19
E01000885,14
E01000909,27
E01000922,13
E01000973,30
E01000893,30
E01000928,24
E01035708,19
E01035710,5
E01000894,25
E01000871,24
E01000855,15
E01000914,25
E01000912,8
E01035711,5
E01000946,14
E01000899,19
E01000913,55
E01000996,21
E01000997,30
E01000999,15
E01001000,15
E01001001,38
E01001002,24
E01001004,21
E01001012,23
E01001144,25
E01001151,30
E01001179,13
E01034140,4
E01034141,9
E01034145,18
E01034147,0
E01034151,19
E01000982,12
E01000984,16
E01000987,12
E01000995,26
E01000998,26
E01001005,14
E01001052,15
E01001116,20
E01001131,10
E01001141,16
E01001182,18
E01034142,14
E01034148,22
E01000978,14
E01000980,28
E01000983,20
E01000990,19
E01000993,26
E01000994,20
E01001007,19
E01001066,14
E01001111,33
E01001130,7
E01001136,20
E01001139,18
E01001148,34
E01001153,36
E01001158,18
E01001161,35
E01001164,22
E01001185,11
E01001187,23
E01001193,13
E01034143,2
E01000977,22
E01000981,25
E01001040,21
E01001088,34
E01001146,24
E01001149,16
E01001155,26
E01001163,32
E01001175,29
E01034139,24
E01034152,32
E01000976,35
E01001003,17
E01001011,25
E01001025,9
E01001035,5
E01001037,12
E01001046,15
E01001047,12
E01001054,18
E01001056,14
E01001147,17
E01001152,22
E01001181,25
E01001189,12
E01000989,30
E01001057,18
E01001059,11
E01001086,31
E01001090,40
E01001100,12
E01001154,30
E01001160,43
E01001165,15
E01001183,39
E01001184,19
E01001191,30
E01001192,33
E01034150,23
E01001034,14
E01001042,26
E01001077,16
E01001110,27
E01001126,8
E01000986,27
E01001006,31
E01001009,25
E01001026,11
E01001127,11
E01001145,23
E01001170,11
E01001177,43
E01000979,19
E01001050,11
E01001051,15
E01001089,35
E01001091,32
E01001114,18
E01001118,18
E01001133,16
E01001140,21
E01001166,18
E01001168,15
E01001174,14
E01001178,31
E01001180,29
E01001190,16
E01001041,22
E01001053,13
E01001085,23
E01001128,15
E01001143,18
E01001188,16
E01032569,27
E01001013,44
E01001030,25
E01001033,19
E01001099,10
E01001113,39
E01001142,26
E01000975,20
E01001024,17
E01001044,17
E01001058,4
E01001063,15
E01001109,30
E01001112,16
E01001162,13
E01001186,19
E01034144,24
E01001125,18
E01001150,33
E01034146,38
E01001029,16
E01001055,14
E01001073,11
E01001083,13
E01001084,24
E01001115,22
E01001120,10
E01001124,8
E01001129,12
E01001138,15
E01001156,16
E01001169,13
E01001008,26
E01001078,15
E01001080,11
E01001096,13
E01034149,29
E01000985,14
E01001039,4
E01001095,17
E01001106,6
E01001134,18
E01001176,36
E01001032,20
E01001079,15
E01001119,7
E01001172,42
E01001031,19
E01001038,12
E01001076,14
E01001087,68
E01001171,17
E01000992,22
E01001023,27
E01001132,19
E01001135,22
E01001137,26
E01000991,19
E01001020,5
E01001069,11
E01001074,10
E01001098,12
E01001101,16
E01001157,38
E01001194,13
E01001075,7
E01001092,22
E01001108,14
E01001036,14
E01001071,12
E01001082,18
E01001093,8
E01001159,26
E01001167,47
E01001019,11
E01001022,7
E01001028,21
E01001081,11
E01001097,26
E01001015,18
E01001016,17
E01001049,23
E01001061,22
E01001062,24
E01001070,12
E01001102,12
E01001105,10
E01001123,16
E01001173,16
E01001010,79
E01001018,7
E01001067,12
E01001068,9
E01001094,19
E01001107,8
E01001122,14
E01001017,7
E01001103,9
E01001021,2
E01001027,12
E01001065,10
E01001104,9
E01001060,8
E01001072,7
E01001121,5
E01001064,15
E01001199,8
E01001203,27
E01001245,23
E01001287,13
E01001319,12
E01001332,20
E01001383,8
E01032743,13
E01034026,8
E01034029,6
E01034031,1
E01001200,30
E01001207,22
E01001216,9
E01001219,14
E01001223,13
E01001230,18
E01001249,17
E01001288,9
E01001292,15
E01001293,16
E01001303,9
E01001304,14
E01001315,9
E01001340,12
E01001346,13
E01001352,15
E01001355,14
E01001356,4
E01001363,12
E01001364,6
E01001366,22
E01001369,15
E01001372,13
E01001373,5
E01001379,18
E01001380,29
E01001198,18
E01001206,21
E01001211,14
E01001215,13
E01001233,11
E01001236,14
E01001251,13
E01001255,7
E01001305,14
E01001334,12
E01001374,19
E01001376,16
E01001385,24
E01001331,15
E01001295,20
E01034028,12
E01001201,23
E01001202,27
E01001204,16
E01001217,8
E01001224,12
E01001229,6
E01001232,7
E01001242,9
E01001243,24
E01001257,16
E01001279,27
E01001296,12
E01001298,8
E01001299,12
E01001306,13
E01001345,23
E01001357,9
E01001360,8
E01001368,15
E01001384,10
E01001389,12
E01001253,28
E01001254,14
E01001260,21
E01001282,10
E01001300,18
E01001342,11
E01001316,8
E01001312,13
E01001310,15
E01001212,17
E01001213,14
E01001269,26
E01001274,16
E01001286,9
E01001289,12
E01001297,8
E01001313,10
E01001358,13
E01001359,11
E01001388,10
E01001210,10
E01001227,15
E01001237,18
E01001240,17
E01001252,18
E01001270,17
E01001317,10
E01001333,25
E01001362,14
E01001367,15
E01001382,22
E01032744,20
E01001214,7
E01001226,8
E01001228,12
E01001259,21
E01001265,10
E01001276,35
E01001291,19
E01001311,23
E01001318,11
E01001336,17
E01001343,21
E01001353,12
E01001231,19
E01001235,13
E01001244,12
E01001281,20
E01001350,8
E01001371,10
E01001195,14
E01001205,14
E01001323,22
E01001375,18
E01001377,39
E01001381,26
E01001209,17
E01001218,21
E01001225,12
E01001234,16
E01001250,12
E01001258,24
E01001264,26
E01001283,20
E01001285,24
E01001324,15
E01001354,29
E01001387,13
E01001262,15
E01001302,10
E01001361,24
E01001386,19
E01034030,20
E01001196,19
E01001263,19
E01001268,24
E01001307,20
E01001314,15
E01001320,11
E01001335,21
E01001271,21
E01001275,15
E01001294,14
E01001321,16
E01001261,26
E01001278,36
E01001301,12
E01001328,27
E01001329,15
E01001341,26
E01001351,16
E01001197,19
E01001290,15
E01001327,22
E01001330,17
E01001365,15
E01001370,18
E01001248,20
E01001280,18
E01034027,21
E01001273,25
E01001309,17
E01032572,24
E01001239,20
E01001246,39
E01001266,15
E01001272,14
E01001348,20
E01001208,15
E01001241,18
E01001267,25
E01001284,27
E01001322,26
E01001349,21
E01001344,20
E01001277,39
E01001308,18
E01001347,51
E01001325,19
E01001326,17
E01001338,25
E01001339,12
E01001247,88
E01001220,11
E01001337,13
E01001424,13
E01001442,25
E01001460,32
E01001462,35
E01001562,24
E01001557,25
E01001554,23
E01001515,27
E01001495,20
E01001467,23
E01001466,28
E01033146,23
E01001391,15
E01001430,36
E01001448,34
E01001459,28
E01001464,14
E01001476,21
E01001482,15
E01001487,30
E01001503,31
E01001517,25
E01001522,29
E01001555,37
E01001497,22
E01001566,28
E01001541,26
E01001514,14
E01001509,35
E01001508,34
E01001492,33
E01001491,35
E01001488,26
E01001479,35
E01001447,48
E01001446,30
E01001435,25
E01001396,20
E01001401,23
E01001428,28
E01001431,31
E01001432,42
E01001458,29
E01001485,41
E01001486,41
E01001512,44
E01001530,18
E01001537,28
E01001542,17
E01001547,41
E01001558,29
E01001408,22
E01001480,32
E01001489,37
E01001493,23
E01001494,24
E01001529,25
E01001567,38
E01001565,15
E01001550,24
E01001540,21
E01001505,26
E01001504,28
E01001502,41
E01001475,16
E01001461,31
E01001455,25
E01001441,37
E01001436,26
E01001423,22
E01001392,12
E01001409,21
E01001410,31
E01001434,26
E01001438,37
E01001444,41
E01001449,26
E01001456,39
E01001472,22
E01001539,17
E01001546,23
E01001393,17
E01001398,32
E01001411,37
E01001481,23
E01001528,35
E01001551,40
E01001564,47
E01032574,73
E01001390,27
E01001394,32
E01001426,26
E01001457,23
E01001469,27
E01001525,23
E01001552,29
E01001570,36
E01001402,27
E01001405,25
E01001414,26
E01001416,34
E01001429,32
E01001498,32
E01001524,16
E01001526,24
E01001538,21
E01001556,16
E01001560,20
E01001563,66
E01033150,27
E01033928,12
E01001395,22
E01001397,36
E01001421,26
E01001440,23
E01001465,27
E01001500,27
E01001544,25
E01001406,18
E01001425,28
E01001463,19
E01001499,49
E01001501,44
E01001516,35
E01001543,23
E01001399,23
E01001420,39
E01001433,29
E01001496,31
E01001507,57
E01001531,20
E01001548,29
E01001553,19
E01001478,19
E01001484,38
E01001511,28
E01001533,24
E01001534,43
E01001549,32
E01001418,44
E01001439,56
E01001536,33
E01001545,32
E01001400,15
E01001404,30
E01001403,27
E01001468,23
E01001569,30
E01033927,37
E01001520,26
E01001450,24
E01001471,24
E01001413,26
E01001454,36
E01001474,29
E01001532,21
E01001535,29
E01033148,31
E01001452,24
E01001559,70
E01001523,33
E01001521,20
E01001527,39
E01001568,44
E01001419,35
E01001451,34
E01001453,35
E01001483,39
E01001518,35
E01001422,30
E01001473,22
E01001513,74
E01033151,31
E01001415,46
E01001445,52
E01001427,126
E01001477,29
E01033926,63
E01001407,30
E01001470,43
E01001437,79
E01001417,28
E01001412,52
E01001704,26
E01001695,7
E01001692,19
E01001636,15
E01001573,26
E01034178,3
E01034180,8
E01034181,6
E01034184,6
E01034186,5
E01034191,5
E01034194,1
E01034195,6
E01001590,21
E01001631,24
E01001632,19
E01001638,17
E01001683,22
E01001690,21
E01001696,17
E01001698,18
E01001702,20
E01001710,23
E01033727,18
E01033728,9
E01033732,10
E01033744,16
E01034179,10
E01034187,21
E01001693,25
E01001664,23
E01001624,13
E01033734,5
E01033735,13
E01034177,8
E01034183,12
E01034189,20
E01034193,9
E01001703,14
E01001697,10
E01001671,21
E01001650,38
E01001634,17
E01001633,15
E01001629,17
E01001620,21
E01001603,20
E01001583,25
E01001579,30
E01001576,42
E01001575,43
E01033742,10
E01033746,26
E01001572,26
E01001705,18
E01001700,16
E01001677,36
E01001676,21
E01001675,16
E01001600,28
E01001593,25
E01001589,27
E01001594,22
E01001623,19
E01001635,16
E01001637,33
E01001649,22
E01001654,24
E01001665,25
E01001694,12
E01033736,13
E01034182,6
E01034185,11
E01001582,19
E01001591,25
E01001674,28
E01001708,9
E01033739,15
E01034173,17
E01034174,14
E01001578,61
E01001606,25
E01001610,30
E01001653,17
E01001686,24
E01033738,29
E01001571,24
E01001584,15
E01001597,28
E01001619,19
E01001646,32
E01001652,37
E01001656,12
E01001658,17
E01001679,12
E01001687,35
E01001712,14
E01033740,17
E01034175,12
E01034176,25
E01001621,17
E01001678,14
E01001681,13
E01001581,26
E01001587,20
E01001607,25
E01001666,44
E01001577,35
E01001585,28
E01001598,21
E01001611,17
E01001644,44
E01001647,37
E01001657,14
E01001660,21
E01001661,19
E01032567,15
E01034190,23
E01034192,22
E01001586,22
E01001592,32
E01001595,30
E01001596,26
E01001601,17
E01001608,29
E01001645,14
E01001648,20
E01001672,27
E01001580,24
E01001625,29
E01001651,40
E01001680,23
E01001685,10
E01034196,10
E01001602,25
E01001609,37
E01033741,65
E01001614,16
E01001618,22
E01001673,25
E01001699,10
E01033745,30
E01001604,28
E01033737,33
E01001641,29
E01033729,20
E01001588,21
E01001599,30
E01001655,20
E01001659,24
E01001669,42
E01001605,32
E01001701,31
E01001615,26
E01001617,22
E01001642,42
E01001688,51
E01001574,19
E01033743,28
E01001613,30
E01034198,97
E01001682,17
E01001684,9
E01034188,58
E01001845,17
E01001844,30
E01001843,16
E01001842,14
E01001838,16
E01001836,34
E01001835,5
E01001834,10
E01001832,15
E01001823,19
E01001822,19
E01001821,10
E01001820,12
E01001813,11
E01001811,18
E01001800,11
E01001798,22
E01001796,25
E01001794,23
E01001790,8
E01001789,20
E01001785,15
E01001784,11
E01001783,11
E01001776,30
E01001775,10
E01001772,14
E01001768,32
E01001759,19
E01001757,8
E01001755,11
E01001753,12
E01001749,17
E01001746,12
E01001740,10
E01001738,13
E01001737,14
E01001732,20
E01001728,9
E01001727,11
E01001726,9
E01001724,19
E01001723,13
E01001722,20
E01001719,12
E01001718,18
E01001717,6
E01001715,20
E01033702,12
E01033703,7
E01033710,7
E01035641,2
E01035642,3
E01035644,1
E01035645,4
E01035646,1
E01035647,3
E01035648,3
E01035649,6
E01001716,10
E01001733,31
E01001735,10
E01001736,9
E01001739,20
E01001741,9
E01001756,18
E01001763,18
E01001767,24
E01001769,12
E01001770,26
E01001780,10
E01001781,9
E01001788,8
E01001791,22
E01001792,19
E01001795,19
E01001804,8
E01001805,16
E01001814,17
E01001815,9
E01001816,17
E01001819,19
E01001827,19
E01001828,19
E01001829,7
E01001830,6
E01001831,18
E01001833,22
E01001837,10
E01001839,19
E01001850,20
E01033711,10
E01035638,2
E01035639,3
E01035640,10
E01035650,7
E01001729,27
E01001840,21
E01001826,10
E01001825,13
E01001809,10
E01001808,14
E01001807,18
E01001802,9
E01001793,13
E01001764,15
E01001762,17
E01001761,12
E01001760,13
E01001751,16
E01001747,21
E01001742,6
E01001731,24
E01001725,8
E01001720,15
E01033700,21
E01033705,15
E01035643,6
E01001734,30
E01001750,22
E01001847,16
E01001841,22
E01001824,12
E01001803,14
E01001773,20
E01001765,20
E01001745,11
E01001744,17
E01001730,13
E01001714,13
E01033699,15
E01033712,14
E01001799,7
E01001787,21
E01033709,11
E01033713,18
E01001758,12
E01001774,18
E01001801,13
E01001777,21
E01033704,26
E01001812,23
E01001848,35
E01033706,11
E01001806,14
E01001846,29
E01033708,53
E01001849,61
E01001786,31
E01001851,17
E01001853,23
E01001854,12
E01001855,13
E01001861,11
E01001862,17
E01001863,16
E01001864,17
E01001867,9
E01001872,15
E01001873,11
E01001878,12
E01001879,17
E01001882,13
E01001884,8
E01001885,8
E01001888,21
E01001896,18
E01001901,19
E01001903,13
E01001905,20
E01001906,14
E01001907,21
E01001908,12
E01001910,10
E01001914,19
E01001918,21
E01001926,15
E01001929,15
E01001931,10
E01001938,13
E01001940,15
E01001942,15
E01001944,16
E01001945,14
E01001948,28
E01001949,28
E01001952,16
E01001957,9
E01001958,8
E01001960,7
E01001961,5
E01032789,5
E01001852,27
E01001857,19
E01001859,10
E01001868,5
E01001881,19
E01001892,12
E01001893,12
E01001895,10
E01001897,19
E01001902,23
E01001909,20
E01001912,8
E01001924,20
E01001947,7
E01001951,18
E01001956,10
E01032788,16
E01001856,22
E01001875,18
E01001883,14
E01001889,18
E01001890,7
E01001904,21
E01001946,14
E01001953,8
E01032790,6
E01001865,13
E01001894,22
E01001900,5
E01001913,13
E01001917,20
E01001922,36
E01001927,23
E01001928,19
E01001934,24
E01001935,20
E01001937,28
E01001941,30
E01001950,28
E01001858,16
E01001870,20
E01001871,5
E01001886,8
E01001887,10
E01001899,7
E01001920,11
E01001921,29
E01001923,28
E01001959,15
E01035487,9
E01001880,6
E01001911,6
E01001916,10
E01001954,13
E01001860,18
E01001866,14
E01001891,11
E01001925,18
E01001955,8
E01035485,6
E01035486,4
E01001919,21
E01001933,21
E01001898,26
E01001869,20
E01001943,38
E01001930,21
E01001932,24
E01001915,23
E01001876,29
E01001877,29
E01035484,17
E01001975,17
E01001977,19
E01001983,13
E01002001,17
E01002004,19
E01002097,26
E01002089,15
E01002087,20
E01002085,14
E01002081,27
E01002074,23
E01002050,16
E01002049,22
E01002047,12
E01002044,24
E01002043,19
E01002040,25
E01002039,12
E01002031,19
E01002028,20
E01002027,16
E01033086,13
E01033945,5
E01033946,6
E01001971,17
E01001981,21
E01001982,9
E01001986,32
E01002005,18
E01002016,16
E01002021,32
E01002026,26
E01002032,20
E01002045,24
E01002048,17
E01002051,22
E01002054,32
E01002055,9
E01002058,9
E01002060,17
E01002065,14
E01002079,25
E01002098,15
E01002105,25
E01033944,13
E01002093,27
E01002096,18
E01002100,34
E01002099,25
E01002083,8
E01002082,21
E01002077,30
E01002067,24
E01002064,17
E01002061,24
E01002057,18
E01002053,13
E01002046,29
E01002041,30
E01002023,28
E01002015,19
E01002013,14
E01002006,17
E01001976,25
E01001969,20
E01001965,23
E01002000,22
E01002076,29
E01002088,24
E01002103,33
E01002092,23
E01002073,13
E01002071,34
E01002062,19
E01002059,21
E01002036,37
E01002024,24
E01002017,23
E01001991,21
E01001974,17
E01001972,22
E01002018,16
E01002052,11
E01002090,26
E01002091,33
E01002104,20
E01002063,20
E01002007,27
E01001980,20
E01001978,29
E01032575,19
E01001967,45
E01001979,17
E01002033,20
E01002072,18
E01002034,31
E01002025,38
E01001988,24
E01001985,22
E01002066,27
E01002094,14
E01001998,13
E01001997,35
E01001984,17
E01001993,39
E01002014,18
E01002030,15
E01002069,22
E01002070,26
E01002078,23
E01001987,26
E01001995,29
E01001999,24
E01002038,28
E01001968,18
E01001970,27
E01001973,34
E01001994,43
E01002056,22
E01002086,20
E01002101,25
E01001990,27
E01002022,35
E01002029,24
E01002042,14
E01001996,24
E01002020,18
E01001989,25
E01001992,30
E01002009,24
E01002019,23
E01002095,27
E01002084,17
E01001963,38
E01002068,35
E01002075,34
E01002102,16
E01001964,26
E01002003,22
E01033943,23
E01001966,38
E01002002,37
E01002010,30
E01001962,30
E01002011,27
E01002037,65
E01002008,42
E01002206,7
E01034590,3
E01034596,2
E01034598,10
E01034600,14
E01002120,16
E01002124,9
E01002138,9
E01002169,13
E01002214,18
E01002217,10
E01002224,11
E01002231,15
E01002237,15
E01034595,8
E01034597,10
E01002207,17
E01002235,15
E01002211,5
E01002185,10
E01002182,13
E01002177,10
E01002170,19
E01002106,19
E01034592,15
E01034599,4
E01002108,12
E01002171,15
E01002197,9
E01002215,9
E01002234,21
E01002222,8
E01002220,12
E01002219,19
E01002165,16
E01002160,13
E01002131,8
E01002123,12
E01002125,20
E01002127,16
E01002198,14
E01002241,10
E01002143,15
E01034594,14
E01002167,15
E01002173,17
E01002178,14
E01002183,22
E01002204,20
E01002209,15
E01002210,14
E01002216,10
E01002240,6
E01002242,17
E01002238,11
E01002153,11
E01002121,14
E01002168,8
E01002201,6
E01002232,17
E01002236,14
E01002239,5
E01034589,14
E01034591,13
E01002122,14
E01002161,10
E01002163,13
E01002199,18
E01002208,14
E01032576,14
E01002119,26
E01002128,8
E01002151,12
E01002159,18
E01002162,12
E01002107,11
E01002109,13
E01002116,19
E01002164,20
E01002166,20
E01002175,20
E01002193,11
E01002195,5
E01002202,40
E01002218,9
E01002221,11
E01002223,8
E01002233,19
E01002136,9
E01002141,19
E01002111,21
E01002139,20
E01002149,10
E01002156,13
E01002157,11
E01002158,9
E01002172,21
E01002179,21
E01002188,9
E01002191,8
E01002196,12
E01002200,21
E01002227,10
E01002118,18
E01002129,19
E01002147,13
E01002148,14
E01002203,18
E01002145,16
E01002184,11
E01002192,11
E01002212,13
E01002110,9
E01002115,11
E01002130,25
E01002140,20
E01002146,10
E01002135,15
E01002150,11
E01002152,7
E01002174,14
E01002176,20
E01002189,13
E01002194,18
E01002142,13
E01002181,14
E01002228,21
E01002132,10
E01002186,19
E01002137,5
E01002133,14
E01002230,20
E01002113,13
E01002112,30
E01002226,19
E01034593,11
E01002155,5
E01002187,12
E01002190,15
E01002229,14
E01002134,4
E01002225,10
E01002114,25
E01002144,17
E01002287,15
E01002297,22
E01033786,10
E01033787,11
E01002378,16
E01002365,15
E01002355,20
E01002272,19
E01002264,26
E01033785,10
E01002351,21
E01002359,17
E01002318,25
E01002267,19
E01033788,26
E01002280,10
E01002346,24
E01002364,16
E01002335,15
E01002332,23
E01002261,16
E01002251,17
E01002316,41
E01002333,11
E01002340,30
E01002341,10
E01002358,26
E01002366,21
E01002258,21
E01002262,21
E01002283,19
E01002295,21
E01002336,24
E01002338,17
E01002352,24
E01002303,27
E01002274,31
E01002291,36
E01002322,24
E01002347,26
E01002362,20
E01002381,28
E01002382,21
E01002243,22
E01002256,9
E01002278,25
E01002315,10
E01002317,14
E01002327,17
E01002367,19
E01002245,26
E01002286,13
E01002309,15
E01002320,18
E01002323,19
E01002343,31
E01002363,24
E01002372,18
E01032741,17
E01002290,12
E01002307,21
E01002310,40
E01002314,24
E01002331,26
E01002350,33
E01002375,37
E01002292,23
E01002306,23
E01002326,26
E01002354,16
E01002356,42
E01002288,12
E01002302,22
E01002328,23
E01002342,30
E01002380,36
E01002383,27
E01002373,28
E01002284,18
E01002298,17
E01002300,16
E01002301,22
E01002324,15
E01002371,35
E01002386,41
E01002247,32
E01002281,46
E01002289,20
E01002376,12
E01032742,17
E01002266,14
E01002271,15
E01002308,24
E01002361,71
E01002244,20
E01002246,18
E01002255,10
E01002299,17
E01002339,11
E01002384,35
E01002390,24
E01002275,24
E01002279,22
E01002282,28
E01002319,53
E01002325,25
E01002360,27
E01002313,23
E01002330,25
E01002369,37
E01002379,30
E01002388,29
E01033784,47
E01002248,48
E01002269,19
E01002353,23
E01002265,15
E01002270,15
E01002321,29
E01002345,40
E01002349,16
E01002377,25
E01002329,17
E01002337,17
E01002374,32
E01002257,22
E01002263,11
E01002312,18
E01002254,17
E01002294,14
E01002334,20
E01002252,17
E01002253,18
E01002285,11
E01002250,37
E01002273,21
E01002368,71
E01002389,13
E01002260,24
E01002268,18
E01002277,20
E01002311,22
E01002387,21
E01002259,15
E01002305,22
E01002348,25
E01002370,56
E01002276,31
E01002296,23
E01002304,26
E01002391,19
E01002344,83
E01002385,26
E01034614,6
E01002395,17
E01002445,36
E01002546,10
E01034616,8
E01002398,11
E01002466,16
E01002493,20
E01002542,19
E01034606,12
E01034611,17
E01002394,19
E01002409,15
E01002450,6
E01002468,10
E01002469,23
E01002523,8
E01002550,14
E01002484,4
E01002413,17
E01002416,14
E01002420,10
E01002492,14
E01002501,11
E01002529,26
E01002553,14
E01002393,19
E01002429,15
E01002457,13
E01002487,20
E01002491,17
E01002518,11
E01002528,22
E01002547,12
E01002471,14
E01002417,15
E01034602,16
E01034609,18
E01002399,11
E01002421,13
E01002427,6
E01002431,4
E01002483,12
E01002415,12
E01002418,7
E01002422,18
E01002456,14
E01002465,13
E01002514,20
E01002530,15
E01002396,23
E01002511,12
E01002531,10
E01034604,14
E01002403,21
E01002404,28
E01002410,21
E01002424,18
E01002452,18
E01002489,21
E01002503,14
E01002551,9
E01034605,8
E01002397,23
E01002402,20
E01002408,12
E01002506,30
E01002508,14
E01002539,11
E01002552,14
E01002425,9
E01002451,14
E01002453,19
E01002467,14
E01002490,20
E01002526,26
E01002534,10
E01034610,5
E01034612,21
E01002401,24
E01002419,11
E01002426,14
E01002437,3
E01002482,12
E01002513,19
E01002537,19
E01002498,6
E01002502,11
E01002543,9
E01034617,10
E01002423,6
E01002449,25
E01002488,13
E01002545,11
E01002549,10
E01034601,6
E01002411,12
E01002435,18
E01002459,12
E01002463,4
E01002464,12
E01002478,9
E01002428,3
E01002432,17
E01002436,13
E01002448,41
E01002455,7
E01002470,29
E01002472,13
E01002496,23
E01002519,23
E01032577,12
E01034615,10
E01002481,18
E01002535,14
E01002536,1
E01002540,24
E01002509,8
E01002525,12
E01034603,10
E01002412,23
E01002414,16
E01002460,11
E01002462,7
E01002477,15
E01002479,11
E01002480,11
E01002548,26
E01034607,35
E01002392,10
E01002485,16
E01002541,9
E01002544,18
E01002433,20
E01002486,26
E01002495,19
E01002516,10
E01002520,30
E01002521,34
E01034608,58
E01002430,10
E01002439,9
E01002512,20
E01002434,14
E01002476,11
E01002497,31
E01002505,36
E01002507,33
E01002527,13
E01002538,17
E01002400,15
E01002440,10
E01002474,6
E01034613,28
E01002405,22
E01002442,9
E01002475,9
E01002446,55
E01002454,12
E01002458,10
E01002494,15
E01002533,11
E01002447,49
E01002461,15
E01002443,36
E01002499,13
E01002438,4
E01002473,14
E01002441,12
E01002444,238
E01002580,11
E01002627,13
E01002673,5
E01002689,19
E01033030,17
E01033081,11
E01034034,8
E01034043,13
E01034044,9
E01034045,15
E01002567,9
E01002602,14
E01002690,33
E01033000,19
E01033083,23
E01034035,8
E01034038,14
E01034041,5
E01034046,18
E01002556,17
E01002561,20
E01002588,14
E01002600,8
E01002613,15
E01002646,11
E01002656,23
E01002665,11
E01034032,17
E01034033,8
E01034040,11
E01002574,22
E01002616,9
E01002624,9
E01002630,14
E01002631,8
E01002636,6
E01002639,6
E01002651,17
E01002658,7
E01034036,17
E01002570,19
E01002573,35
E01002582,23
E01002584,30
E01002599,7
E01002603,18
E01002606,17
E01002619,14
E01002641,34
E01002647,13
E01002649,17
E01002659,8
E01002669,10
E01034039,11
E01002564,17
E01002609,15
E01002632,23
E01002652,10
E01002661,18
E01002666,12
E01002671,17
E01002681,31
E01002558,9
E01002587,12
E01002591,6
E01002605,24
E01002612,29
E01002643,31
E01002653,18
E01002657,25
E01002578,20
E01002590,21
E01002617,12
E01002625,20
E01002660,27
E01002662,17
E01002674,7
E01002687,29
E01034037,6
E01002622,10
E01002623,8
E01002640,12
E01002645,22
E01002663,21
E01002693,25
E01002575,24
E01002576,21
E01002581,18
E01002585,11
E01002595,20
E01002672,18
E01002577,28
E01002579,18
E01002604,13
E01002655,14
E01002675,15
E01032573,26
E01033082,15
E01033084,24
E01002560,14
E01002618,15
E01002557,11
E01002569,21
E01002586,10
E01002594,28
E01002620,27
E01002626,21
E01002596,19
E01002621,11
E01002628,18
E01002654,20
E01002670,21
E01002682,22
E01002607,42
E01002667,11
E01002668,12
E01034042,21
E01002571,12
E01002635,18
E01002563,17
E01002572,14
E01002598,22
E01002677,16
E01002691,15
E01002692,31
E01002555,20
E01002593,39
E01002680,13
E01002565,28
E01002629,28
E01002634,15
E01002562,16
E01002583,10
E01002637,21
E01002589,31
E01002608,23
E01002614,16
E01002676,15
E01002679,22
E01002601,16
E01002611,20
E01002638,24
E01002615,37
E01002650,32
E01002686,23
E01002592,33
E01002633,15
E01002610,19
E01002559,40
E01002678,27
E01002810,21
E01002809,10
E01002799,5
E01002796,4
E01002789,18
E01002785,24
E01002783,25
E01002781,21
E01002780,16
E01002778,23
E01002777,17
E01002772,27
E01002768,10
E01002767,11
E01002763,16
E01002760,16
E01002757,15
E01002755,9
E01002753,12
E01002752,15
E01002751,20
E01002749,9
E01002747,13
E01002741,19
E01002736,3
E01002733,8
E01002725,4
E01002723,6
E01002722,11
E01002721,11
E01002720,10
E01002715,7
E01002714,13
E01002711,22
E01002709,11
E01002703,10
E01002702,14
E01002701,11
E01002698,6
E01002694,7
E01033486,3
E01033487,3
E01033493,1
E01035651,7
E01035654,1
E01035656,4
E01002697,26
E01002699,5
E01002707,7
E01002717,5
E01002718,13
E01002719,12
E01002727,9
E01002728,4
E01002729,4
E01002730,17
E01002735,18
E01002737,8
E01002742,20
E01002743,15
E01002744,10
E01002745,12
E01002756,13
E01002759,19
E01002764,22
E01002766,15
E01002771,14
E01002773,13
E01002775,10
E01002776,15
E01002782,12
E01002786,18
E01002791,12
E01002792,15
E01002797,12
E01002798,10
E01002804,16
E01002811,15
E01033489,3
E01035652,7
E01035653,0
E01002807,13
E01002806,22
E01002801,8
E01002800,6
E01002795,15
E01002793,9
E01002790,7
E01002787,11
E01002765,20
E01002754,20
E01002748,15
E01002739,14
E01002716,13
E01002713,18
E01002710,11
E01002706,6
E01033490,5
E01035655,4
E01002784,14
E01002779,9
E01002769,23
E01002734,27
E01002726,15
E01002712,11
E01002696,9
E01002695,5
E01033488,9
E01002808,22
E01002802,4
E01002794,10
E01002770,26
E01002762,21
E01002732,17
E01002700,17
E01002758,23
E01002740,26
E01033494,8
E01002788,13
E01002738,14
E01002724,11
E01002708,14
E01002774,21
E01002805,8
E01002704,28
E01033491,17
E01002812,13
E01002815,6
E01002816,6
E01002823,15
E01002828,19
E01002829,16
E01002832,21
E01002833,24
E01002834,19
E01002836,28
E01002837,20
E01002841,30
E01002842,1
E01002843,8
E01002845,14
E01002846,3
E01002848,7
E01002849,6
E01002850,8
E01002851,14
E01002853,8
E01002857,13
E01002858,11
E01002865,19
E01002867,21
E01002869,15
E01002874,20
E01002876,30
E01002879,11
E01002880,11
E01002881,10
E01002882,16
E01002885,10
E01002891,17
E01002897,10
E01002904,2
E01002907,16
E01002909,22
E01002910,16
E01002914,30
E01002902,18
E01002899,16
E01002862,5
E01002861,17
E01002830,14
E01002831,23
E01002835,32
E01002839,8
E01002844,35
E01002855,14
E01002856,20
E01002860,32
E01002863,29
E01002866,17
E01002873,20
E01002878,18
E01002883,17
E01002886,16
E01002888,13
E01002889,5
E01002892,20
E01002893,24
E01002894,12
E01002896,18
E01002898,22
E01002903,46
E01002908,17
E01002813,18
E01002818,45
E01002847,11
E01002854,10
E01002872,10
E01002875,23
E01002884,16
E01002887,17
E01002859,36
E01002814,22
E01002840,15
E01002870,20
E01002905,21
E01002906,18
E01002913,14
E01002868,24
E01002871,46
E01002890,17
E01002911,37
E01035714,18
E01002817,17
E01002827,30
E01002877,19
E01002825,19
E01002864,28
E01002912,25
E01002819,27
E01002826,11
E01002900,36
E01002821,27
E01002824,18
E01002901,23
E01035713,20
E01002852,25
E01002969,8
E01034576,2
E01034577,3
E01002923,15
E01002980,7
E01002985,14
E01002993,10
E01002963,3
E01002967,10
E01002974,12
E01003008,9
E01002998,11
E01002934,10
E01002935,14
E01003011,14
E01002975,9
E01002942,5
E01002921,11
E01002915,11
E01002960,17
E01002997,9
E01002999,9
E01003007,13
E01002996,12
E01002990,9
E01002989,14
E01002943,15
E01033569,23
E01002940,2
E01002954,11
E01002973,6
E01002991,8
E01002944,9
E01002931,10
E01002947,11
E01002951,6
E01002958,6
E01002970,12
E01003002,12
E01002927,8
E01002932,15
E01002937,8
E01002938,16
E01002957,13
E01003009,13
E01002924,8
E01002945,10
E01002962,12
E01002987,15
E01002988,10
E01003005,13
E01003006,14
E01002925,12
E01002959,11
E01002972,12
E01002984,13
E01002986,11
E01002992,15
E01002994,2
E01002926,4
E01002939,14
E01002961,10
E01002976,6
E01002917,9
E01002982,8
E01002928,11
E01002933,10
E01002979,7
E01003003,20
E01002916,7
E01002918,9
E01002965,22
E01002983,16
E01003010,9
E01002920,6
E01002930,15
E01002941,10
E01002949,9
E01002981,10
E01002922,9
E01002977,12
E01002978,16
E01003004,10
E01002966,7
E01002971,7
E01002946,13
E01002955,15
E01002995,10
E01003001,15
E01002919,20
E01002956,11
E01002929,8
E01002950,19
E01002968,38
E01002964,19
E01002953,7
E01002952,10
E01003000,20
E01002948,21
E01003174,12
E01003175,13
E01003176,14
E01003177,13
E01003178,9
E01003179,13
E01003181,7
E01003184,7
E01003185,7
E01003188,6
E01003161,18
E01003136,17
E01003135,15
E01003129,13
E01003128,8
E01003127,12
E01003126,16
E01003125,8
E01003124,7
E01003122,10
E01003121,8
E01003115,22
E01003111,13
E01003100,6
E01003094,14
E01003093,17
E01003091,15
E01003088,8
E01003070,17
E01003064,24
E01003063,12
E01003061,15
E01003060,5
E01003059,5
E01003058,13
E01003056,12
E01003055,11
E01003046,11
E01003045,5
E01003044,6
E01003042,7
E01003034,20
E01003031,15
E01003025,18
E01003022,15
E01003017,3
E01003015,5
E01033208,1
E01033864,6
E01033866,7
E01003019,9
E01003023,21
E01003027,30
E01003029,10
E01003030,20
E01003037,15
E01003039,28
E01003041,9
E01003052,9
E01003054,7
E01003062,24
E01003075,11
E01003082,24
E01003086,15
E01003095,13
E01003097,16
E01003098,8
E01003104,5
E01003108,4
E01003113,14
E01003118,20
E01003120,31
E01003131,32
E01003132,12
E01003133,29
E01003142,29
E01003143,28
E01003146,28
E01003150,17
E01003157,20
E01003159,12
E01003160,10
E01003172,15
E01003180,9
E01003182,19
E01033863,4
E01003092,9
E01003112,5
E01003171,10
E01003173,11
E01003183,19
E01003165,12
E01003162,9
E01003158,14
E01003151,16
E01003149,18
E01003138,19
E01003134,22
E01003130,28
E01003119,24
E01003105,15
E01003102,10
E01003089,19
E01003057,16
E01003053,15
E01003048,20
E01003038,21
E01003035,19
E01003033,24
E01003032,12
E01003020,14
E01003016,7
E01003036,17
E01003069,20
E01003187,8
E01003156,9
E01003154,19
E01003114,30
E01003110,12
E01003087,26
E01003077,12
E01003050,8
E01003047,15
E01003043,6
E01003040,16
E01003024,17
E01003021,5
E01003065,21
E01003140,27
E01003167,33
E01003153,19
E01003145,26
E01003123,12
E01003101,7
E01003090,8
E01003084,18
E01003049,9
E01003067,29
E01003072,14
E01003139,22
E01003186,19
E01003163,16
E01003137,18
E01003106,7
E01003083,21
E01003080,19
E01003018,10
E01003014,7
E01033862,18
E01003117,30
E01003155,23
E01003148,18
E01003028,23
E01003066,29
E01003085,24
E01003096,20
E01003107,12
E01003116,14
E01003141,21
E01003169,14
E01033865,13
E01003078,17
E01003147,20
E01003068,20
E01003071,18
E01003051,15
E01003076,11
E01003079,24
E01003152,28
E01003164,17
E01003168,17
E01003073,16
E01003166,24
E01003026,25
E01003074,18
E01003081,33
E01032582,10
E01003099,6
E01003170,31
E01003013,11
E01003144,17
E01003205,10
E01003299,29
E01003305,18
E01003321,20
E01003322,17
E01003337,17
E01003338,32
E01003349,14
E01003252,21
E01003244,22
E01003238,16
E01003218,13
E01003209,20
E01033322,8
E01033325,2
E01034387,4
E01034388,4
E01034389,13
E01034393,4
E01034395,9
E01003195,10
E01003203,11
E01003214,23
E01003220,21
E01003224,15
E01003228,23
E01003245,26
E01003249,11
E01003253,20
E01003258,23
E01003262,18
E01003266,24
E01003290,15
E01003300,21
E01003302,16
E01003312,30
E01003315,15
E01003324,17
E01003326,17
E01003328,28
E01003329,25
E01003339,22
E01003340,30
E01003341,29
E01003344,23
E01003347,8
E01033341,11
E01003231,20
E01003272,26
E01003278,9
E01003279,19
E01003288,25
E01003293,17
E01003304,35
E01003308,18
E01003309,18
E01003311,23
E01003314,14
E01003316,17
E01003319,14
E01003333,21
E01003335,22
E01003343,22
E01003261,21
E01003259,21
E01003207,25
E01003206,14
E01032564,10
E01033320,21
E01034394,12
E01003189,24
E01003197,20
E01003215,11
E01003216,22
E01003273,14
E01003283,27
E01003298,10
E01003307,24
E01003313,27
E01003323,16
E01003327,39
E01003336,13
E01003345,20
E01003353,41
E01003257,16
E01003222,28
E01003211,23
E01003210,25
E01032579,21
E01034392,16
E01003204,12
E01003239,15
E01003241,17
E01003274,21
E01003280,13
E01003286,23
E01003287,23
E01003310,12
E01003330,21
E01003350,14
E01003352,22
E01003251,23
E01003230,27
E01003229,31
E01032565,12
E01034390,9
E01034391,10
E01003194,21
E01003201,10
E01003223,28
E01003232,17
E01003236,18
E01003268,21
E01003269,22
E01003275,9
E01003282,22
E01003320,26
E01003325,10
E01003255,25
E01003198,11
E01003202,11
E01003225,14
E01003227,18
E01003277,18
E01003284,14
E01003342,18
E01003256,28
E01003243,41
E01003190,49
E01003191,25
E01003221,30
E01003233,24
E01003247,26
E01003265,22
E01003270,23
E01003331,24
E01003332,18
E01003348,17
E01033324,14
E01003217,14
E01003246,35
E01003260,42
E01003263,38
E01003267,11
E01003271,35
E01003281,16
E01003291,19
E01003295,19
E01003301,15
E01003334,24
E01003351,23
E01003219,23
E01003226,26
E01003264,19
E01003285,23
E01003354,20
E01003212,30
E01003303,33
E01003196,29
E01003213,28
E01003235,37
E01003297,50
E01003193,27
E01003292,19
E01003318,26
E01033327,31
E01003237,26
E01003254,23
E01003276,15
E01003248,31
E01003199,11
E01003200,21
E01003240,33
E01003346,24
E01003192,33
E01003360,13
E01003369,9
E01003379,17
E01003390,17
E01003391,10
E01003393,17
E01003399,7
E01003472,12
E01003359,8
E01003371,11
E01003372,13
E01003377,6
E01003381,12
E01003397,21
E01003408,14
E01003410,13
E01003415,30
E01003430,18
E01003457,9
E01003355,7
E01003358,5
E01003368,9
E01003373,9
E01003394,20
E01003396,15
E01003407,18
E01003420,12
E01003423,5
E01003361,14
E01003382,11
E01003384,4
E01003385,10
E01003388,15
E01003400,8
E01003409,22
E01003411,26
E01003436,14
E01003438,18
E01003441,17
E01003456,9
E01003386,33
E01003395,23
E01003416,21
E01003429,17
E01003431,17
E01003450,18
E01003458,8
E01003477,13
E01003357,8
E01003401,8
E01003403,22
E01003404,8
E01003406,8
E01003424,13
E01003443,11
E01003448,18
E01003454,5
E01003455,9
E01003459,9
E01003461,22
E01003466,11
E01034580,4
E01003376,6
E01003387,17
E01003402,13
E01003418,9
E01003380,10
E01003414,24
E01003417,10
E01003433,28
E01003434,9
E01003442,7
E01003389,27
E01003378,22
E01003421,11
E01003422,21
E01003447,8
E01003476,7
E01003364,12
E01003366,6
E01003383,11
E01003392,18
E01003405,20
E01003412,25
E01003425,8
E01003428,9
E01003473,14
E01003478,17
E01003374,23
E01003398,29
E01003444,16
E01003463,11
E01003419,21
E01003440,6
E01003467,12
E01003469,12
E01003470,17
E01034579,19
E01034581,23
E01003413,12
E01003426,15
E01003453,17
E01003471,15
E01003356,11
E01003365,19
E01003370,13
E01003449,14
E01034578,13
E01003362,5
E01003439,12
E01003446,12
E01003451,15
E01003462,14
E01003468,9
E01003427,16
E01003363,14
E01003437,20
E01003474,15
E01003435,17
E01003445,18
E01003432,21
E01003452,27
E01003465,17
E01003464,14
E01003375,35
E01003460,31
E01003489,22
E01003491,29
E01003495,28
E01003496,16
E01003506,27
E01003509,30
E01003511,23
E01003519,25
E01003522,18
E01003524,21
E01003527,32
E01003530,25
E01003532,22
E01003534,20
E01003551,20
E01003553,23
E01003554,19
E01003560,33
E01003563,21
E01003565,20
E01003566,34
E01003567,16
E01003568,22
E01003569,27
E01003570,26
E01003572,20
E01003581,24
E01003582,18
E01003583,21
E01003585,8
E01003588,22
E01003589,26
E01003593,18
E01003597,27
E01003598,23
E01003607,16
E01003608,31
E01003621,18
E01003626,20
E01003627,24
E01003629,14
E01003633,17
E01003634,20
E01034200,17
E01034201,11
E01034203,10
E01034204,30
E01034214,4
E01034215,7
E01034216,4
E01034223,7
E01034226,13
E01034227,7
E01034228,8
E01034230,9
E01003484,24
E01003490,30
E01003492,34
E01003494,31
E01003521,27
E01003526,26
E01003528,10
E01003529,26
E01003533,19
E01003552,19
E01003555,18
E01003556,23
E01003561,22
E01003562,20
E01003564,28
E01003571,18
E01003573,28
E01003579,25
E01003580,22
E01003586,25
E01003595,16
E01003599,20
E01003602,35
E01003605,28
E01003611,21
E01003615,22
E01003628,24
E01003632,19
E01003637,9
E01034199,20
E01034202,9
E01034210,23
E01003487,10
E01003488,17
E01003507,51
E01003520,24
E01003525,26
E01003531,27
E01003543,33
E01003547,47
E01003549,17
E01003558,35
E01003575,28
E01003592,26
E01003594,35
E01003618,38
E01003624,16
E01003631,19
E01034207,17
E01034208,46
E01034221,25
E01003499,43
E01003516,32
E01003536,22
E01003538,28
E01003542,22
E01003550,19
E01003559,25
E01003577,36
E01003623,18
E01003630,18
E01003636,18
E01033584,20
E01034212,29
E01034219,23
E01003501,51
E01003508,38
E01003518,19
E01003537,37
E01003541,48
E01003545,16
E01003546,19
E01003574,29
E01003591,24
E01003596,19
E01003600,20
E01003603,32
E01003616,34
E01034231,2
E01003514,32
E01003523,52
E01003540,41
E01003557,25
E01033580,21
E01003480,32
E01034213,14
E01003485,15
E01003539,46
E01003548,20
E01003576,28
E01003604,33
E01003479,15
E01003498,36
E01034209,63
E01003587,17
E01003619,16
E01034217,23
E01003483,31
E01003512,29
E01003502,53
E01003503,42
E01003544,15
E01003625,18
E01034222,8
E01003486,83
E01003517,27
E01003601,30
E01003635,19
E01003513,119
E01003584,18
E01003590,20
E01033579,15
E01033586,14
E01034211,16
E01003535,37
E01003622,28
E01034218,24
E01033582,13
E01034220,117
E01034225,70
E01034229,30
E01003481,27
E01003578,27
E01003497,79
E01003500,55
E01003515,127
E01034224,27
E01034206,34
E01033581,35
E01034205,84
E01003684,33
E01003714,28
E01003729,35
E01003730,19
E01003733,21
E01003736,16
E01003761,22
E01003786,13
E01033590,14
E01034482,1
E01034483,9
E01003644,8
E01003652,13
E01003683,31
E01003688,16
E01003695,19
E01003696,23
E01003712,9
E01003713,23
E01003718,24
E01003731,25
E01003734,32
E01003742,35
E01003766,17
E01003772,14
E01003779,28
E01003781,23
E01034480,10
E01003647,17
E01003649,15
E01003651,19
E01003662,22
E01003668,20
E01003685,36
E01003715,22
E01003732,21
E01003738,35
E01003743,37
E01003754,19
E01003782,9
E01003787,16
E01034481,19
E01003646,23
E01003669,30
E01003672,20
E01003676,19
E01003691,14
E01003692,18
E01003701,28
E01003727,12
E01003741,35
E01003753,16
E01003767,30
E01003771,21
E01003784,20
E01003788,24
E01033589,11
E01033592,16
E01003653,22
E01003654,23
E01003661,25
E01003665,31
E01003673,39
E01003689,40
E01003698,20
E01003706,17
E01003721,16
E01003735,28
E01003762,33
E01003768,15
E01003769,29
E01003780,16
E01033591,34
E01003643,20
E01003645,36
E01003648,14
E01003650,12
E01003670,22
E01003680,22
E01003686,24
E01003725,14
E01003749,14
E01003752,26
E01003759,35
E01003765,23
E01034484,28
E01003638,23
E01003664,26
E01003671,22
E01003705,31
E01003724,18
E01003773,24
E01003704,16
E01003755,24
E01003757,21
E01032581,27
E01003659,15
E01003675,21
E01003697,34
E01003716,26
E01003737,44
E01003756,26
E01003783,16
E01003789,29
E01003682,19
E01003694,18
E01003710,19
E01003722,19
E01003760,16
E01003679,33
E01003707,19
E01003709,15
E01003723,20
E01003763,29
E01003641,22
E01003663,20
E01003739,48
E01003745,17
E01003656,17
E01003666,21
E01003674,36
E01003777,21
E01003655,28
E01003711,20
E01003720,26
E01003747,16
E01003750,32
E01003657,32
E01003658,22
E01003678,30
E01003699,18
E01003775,22
E01003793,21
E01003796,30
E01003702,19
E01003660,26
E01003690,28
E01003748,24
E01003778,35
E01003708,19
E01003740,46
E01003751,25
E01003774,24
E01003785,25
E01003794,20
E01003719,42
E01003790,27
E01003792,23
E01003677,37
E01003776,16
E01003642,16
E01003693,26
E01003700,22
E01003744,24
E01003764,28
E01003770,27
E01003681,17
E01003703,22
E01003746,29
E01003795,26
E01003791,39
E01003639,22
E01003726,42
E01003640,26
E01003808,15
E01003865,11
E01003868,6
E01003871,14
E01003854,19
E01003856,20
E01003863,10
E01003866,16
E01003902,2
E01003807,17
E01003811,7
E01003844,15
E01003858,24
E01003859,35
E01003874,14
E01003879,17
E01003898,9
E01003906,13
E01003798,18
E01003804,21
E01003832,11
E01003840,13
E01003857,23
E01003897,12
E01003861,19
E01003882,13
E01003883,8
E01003890,7
E01003803,12
E01003842,7
E01003862,14
E01003892,15
E01003909,17
E01003802,5
E01003810,5
E01003846,28
E01003855,15
E01003864,17
E01003899,12
E01003800,17
E01003813,12
E01003833,11
E01003843,24
E01003848,9
E01003877,15
E01003886,5
E01003887,7
E01003894,16
E01003901,22
E01003907,17
E01003873,10
E01003881,4
E01003893,4
E01003904,9
E01003829,24
E01003837,13
E01003839,9
E01003851,29
E01003891,15
E01003910,9
E01003812,18
E01003849,12
E01003872,16
E01003876,26
E01003801,8
E01003820,11
E01003821,15
E01003841,25
E01003845,18
E01003869,16
E01003870,10
E01003880,20
E01003900,13
E01003903,32
E01003835,11
E01003838,6
E01003905,6
E01003824,9
E01003825,8
E01003836,16
E01003908,8
E01003809,31
E01003853,18
E01003875,24
E01003815,11
E01003822,8
E01003895,8
E01003814,6
E01003828,6
E01003852,11
E01003797,28
E01003799,31
E01003830,4
E01003831,9
E01033570,4
E01003827,14
E01003867,13
E01003896,11
E01033571,10
E01003805,31
E01003818,12
E01003826,11
E01003885,10
E01003878,10
E01003884,15
E01003860,15
E01003888,14
E01003847,8
E01003819,13
E01003834,3
E01003889,7
E01003806,27
E01003816,16
E01003817,18
E01003823,13
E01003912,8
E01003923,15
E01003924,14
E01003925,9
E01003926,8
E01003936,2
E01003937,8
E01003938,16
E01003940,28
E01003941,11
E01003943,14
E01003954,19
E01003958,21
E01003963,10
E01003971,15
E01003972,7
E01003973,5
E01003975,9
E01003991,6
E01003992,6
E01003993,9
E01003995,5
E01003997,9
E01003998,4
E01004003,24
E01004007,5
E01004008,12
E01004019,16
E01004024,16
E01004036,41
E01004044,18
E01004045,7
E01004065,25
E01004071,16
E01032637,0
E01032638,2
E01032639,9
E01032640,3
E01032719,4
E01032803,10
E01032834,2
E01033870,13
E01033872,17
E01033874,4
E01033875,5
E01033876,6
E01033882,12
E01033883,9
E01033885,8
E01003911,10
E01003914,15
E01003915,17
E01003917,10
E01003922,16
E01003930,8
E01003942,12
E01003952,22
E01003955,24
E01003956,18
E01003960,9
E01003976,16
E01003977,26
E01003979,23
E01003980,17
E01003999,5
E01004010,14
E01004013,8
E01004014,22
E01004021,35
E01004023,13
E01004030,13
E01004032,11
E01004034,18
E01004037,35
E01004042,22
E01004043,14
E01004047,7
E01004051,4
E01004060,32
E01004066,14
E01032584,8
E01032646,11
E01033871,14
E01033877,3
E01033878,6
E01033879,33
E01003916,11
E01003918,11
E01003920,9
E01003932,7
E01003947,15
E01003957,30
E01003961,17
E01003990,21
E01003994,16
E01004001,23
E01004011,19
E01004012,14
E01004028,14
E01004039,15
E01004040,35
E01004049,5
E01004054,12
E01004055,6
E01033873,6
E01003913,25
E01003939,14
E01003966,22
E01003981,12
E01003983,21
E01004035,33
E01004041,13
E01004046,20
E01004050,12
E01004058,17
E01033868,11
E01033884,9
E01003921,20
E01003935,7
E01003986,29
E01003987,22
E01004002,29
E01004005,14
E01004006,19
E01004020,20
E01004029,5
E01004038,40
E01032583,7
E01033869,7
E01003984,25
E01004053,10
E01004067,26
E01033880,40
E01003919,17
E01003933,15
E01003953,35
E01004004,27
E01004068,26
E01004059,23
E01004056,11
E01033867,7
E01004033,12
E01003934,9
E01004063,27
E01004064,12
E01003949,30
E01003950,26
E01004000,39
E01004018,32
E01004074,22
E01004017,29
E01004072,30
E01003969,21
E01004073,17
E01033881,9
E01003989,26
E01004057,12
E01004048,12
E01004016,40
E01004061,23
E01003929,7
E01003948,20
E01003988,43
E01004015,23
E01004052,20
E01004062,22
E01004031,29
E01004070,17
E01004075,35
E01004069,29
E01003946,31
E01003945,24
E01003951,27
E01004089,8
E01004126,10
E01004124,16
E01004128,13
E01004140,8
E01004143,3
E01004082,7
E01004133,8
E01004155,9
E01004182,26
E01004174,15
E01004169,11
E01034154,14
E01004098,11
E01004117,9
E01004151,13
E01004172,26
E01004173,15
E01004187,9
E01004190,11
E01004196,3
E01004090,12
E01004096,10
E01004125,16
E01004132,11
E01004183,16
E01004191,17
E01004149,8
E01004141,10
E01034153,13
E01034155,27
E01034156,13
E01004080,11
E01004107,12
E01004121,10
E01004127,10
E01004139,12
E01004148,8
E01004150,13
E01004162,10
E01004163,14
E01004170,23
E01004122,9
E01004135,10
E01004194,9
E01004175,17
E01004167,27
E01004164,17
E01004157,7
E01004081,15
E01004138,18
E01004154,7
E01004158,16
E01004166,10
E01004103,11
E01004115,9
E01004134,14
E01004136,10
E01004160,11
E01004168,22
E01004177,14
E01004189,18
E01004195,17
E01004077,13
E01004079,13
E01004083,7
E01004101,9
E01004104,16
E01004129,18
E01004131,13
E01004146,15
E01004159,10
E01004165,11
E01004102,11
E01004119,15
E01004145,12
E01004176,13
E01004179,13
E01004184,20
E01004118,15
E01004178,25
E01004099,22
E01004100,13
E01004120,11
E01004161,4
E01004156,10
E01004094,17
E01004137,13
E01004153,6
E01004186,25
E01004078,18
E01004087,16
E01004116,9
E01004123,29
E01004147,11
E01004091,11
E01004097,6
E01004088,29
E01004105,13
E01004109,15
E01004111,9
E01004144,14
E01004192,22
E01004193,17
E01004093,9
E01004095,12
E01004110,14
E01004130,20
E01004152,9
E01004171,12
E01004181,9
E01004185,33
E01004112,9
E01004180,15
E01004092,6
E01004106,20
E01004084,12
E01004086,37
E01004114,13
E01004085,14
E01032623,15
E01004076,33
E01004108,23
E01004198,16
E01004199,7
E01004200,11
E01004202,17
E01004204,17
E01004207,7
E01004209,18
E01004212,23
E01004214,6
E01032767,23
E01004326,30
E01004324,24
E01004323,37
E01004316,22
E01004311,21
E01004310,12
E01004308,17
E01004305,27
E01004304,9
E01004302,10
E01004300,6
E01004298,11
E01004295,6
E01004287,26
E01004275,24
E01004272,26
E01004268,18
E01004266,22
E01004264,14
E01004263,16
E01004260,17
E01004258,7
E01004255,20
E01004251,35
E01004247,32
E01004244,29
E01004243,10
E01004240,35
E01004237,11
E01004236,19
E01004235,12
E01004233,13
E01004231,20
E01004230,12
E01004229,20
E01004226,36
E01032768,7
E01032770,10
E01032772,29
E01032776,9
E01032779,6
E01032784,8
E01032785,10
E01032786,20
E01035658,13
E01035660,16
E01035661,13
E01035662,0
E01035663,7
E01035666,11
E01035669,5
E01035671,4
E01035672,13
E01035673,5
E01035674,10
E01035675,10
E01035677,6
E01035680,2
E01035682,6
E01035683,8
E01035684,6
E01035685,11
E01035686,10
E01035687,6
E01035688,
E01035689,8
E01035690,10
E01035692,4
E01035693,7
E01035695,6
E01035698,1
E01035699,7
E01035700,2
E01035701,1
E01035703,2
E01035704,7
E01035706,8
E01004201,15
E01004206,20
E01004232,27
E01004239,26
E01004257,27
E01004271,24
E01004274,6
E01004276,20
E01004283,25
E01004288,30
E01004289,31
E01004296,20
E01004301,10
E01004312,7
E01004313,15
E01004319,31
E01032769,14
E01032775,2
E01032777,19
E01032782,17
E01032787,26
E01035667,20
E01035678,6
E01035681,10
E01035697,9
E01004205,32
E01004245,23
E01004315,23
E01004306,17
E01004292,10
E01004291,12
E01004290,19
E01004281,19
E01004256,19
E01004241,19
E01004222,36
E01004216,22
E01004211,24
E01032765,22
E01032781,13
E01035664,16
E01035665,8
E01035676,12
E01035679,13
E01035694,14
E01035696,12
E01004259,14
E01004267,32
E01004297,16
E01004322,25
E01032774,20
E01035659,5
E01035668,10
E01004248,28
E01004286,29
E01004228,27
E01004219,57
E01004203,18
E01032783,12
E01035657,10
E01004321,38
E01035691,3
E01004280,19
E01004307,29
E01035670,28
E01035705,24
E01004249,43
E01004208,28
E01004221,32
E01004309,24
E01004218,15
E01004270,31
E01032771,37
E01032780,28
E01004217,23
E01004293,25
E01004303,40
E01035702,31
E01004234,27
E01004223,32
E01004277,26
E01032764,57
E01004460,11
E01004449,16
E01004447,20
E01004446,28
E01004443,26
E01004442,17
E01004411,15
E01004396,24
E01004376,21
E01004373,12
E01004372,11
E01004371,23
E01004365,28
E01004339,22
E01004338,15
E01004337,26
E01004334,39
E01004333,26
E01004331,26
E01004330,21
E01034486,12
E01034487,23
E01034488,13
E01004327,24
E01004328,24
E01004329,18
E01004332,20
E01004346,21
E01004368,17
E01004369,13
E01004374,17
E01004375,18
E01004382,31
E01004407,15
E01004408,25
E01004428,20
E01004459,19
E01004463,18
E01004465,17
E01004466,16
E01034485,24
E01004370,10
E01004462,22
E01004471,30
E01004470,10
E01004464,19
E01004441,27
E01004439,22
E01004435,23
E01004432,20
E01004425,33
E01004423,22
E01004421,33
E01004420,46
E01004405,32
E01004397,50
E01004394,15
E01004378,36
E01004367,31
E01004335,15
E01004393,13
E01004404,26
E01004406,20
E01004414,28
E01004426,29
E01004437,16
E01004458,16
E01004345,24
E01004347,26
E01004454,31
E01004456,27
E01004388,28
E01004383,34
E01004359,28
E01004355,30
E01004336,18
E01004341,17
E01004363,32
E01004418,27
E01004419,30
E01004451,29
E01004457,26
E01004343,36
E01004357,29
E01004400,24
E01004402,26
E01004415,19
E01004444,24
E01004445,14
E01004452,30
E01004358,38
E01004360,23
E01004413,20
E01004340,14
E01004348,46
E01004379,27
E01004384,38
E01004412,27
E01004436,25
E01004361,36
E01004430,51
E01004438,23
E01004440,19
E01004387,19
E01004424,28
E01004453,55
E01004469,24
E01004342,27
E01004389,49
E01004392,26
E01004450,42
E01004350,33
E01004354,32
E01004364,23
E01004366,31
E01004390,29
E01004398,17
E01004403,36
E01004417,26
E01004434,19
E01004427,17
E01004409,24
E01004386,21
E01004410,26
E01004455,89
E01004344,29
E01004448,30
E01004351,29
E01004353,27
E01004385,38
E01004467,22
E01004429,29
E01004399,34
E01004377,46
E01004380,25
E01004381,31
E01004356,33
E01004416,34
E01004468,26
E01004349,33
E01004395,17
E01004362,21
E01004401,35
E01004422,62
E01004352,55
E01004391,18
E01004490,14
E01004512,13
E01004513,18
E01004531,14
E01004532,10
E01004535,8
E01004538,14
E01004541,9
E01004542,17
E01004580,15
E01004596,22
E01004599,15
E01004611,19
E01004627,37
E01004633,10
E01004637,14
E01004587,30
E01004586,21
E01004584,12
E01004577,26
E01004566,30
E01004565,9
E01004557,33
E01004546,15
E01004544,18
E01004539,12
E01004527,17
E01004521,25
E01004518,26
E01004488,16
E01004487,21
E01004481,16
E01004480,18
E01004478,36
E01004475,11
E01033100,17
E01033135,11
E01035488,7
E01035489,3
E01035492,1
E01035494,5
E01035495,9
E01035497,2
E01004473,25
E01004482,13
E01004485,21
E01004491,11
E01004494,10
E01004495,13
E01004498,13
E01004508,31
E01004516,19
E01004520,18
E01004522,21
E01004530,12
E01004540,12
E01004549,24
E01004550,15
E01004555,41
E01004556,38
E01004567,11
E01004570,15
E01004579,23
E01004588,28
E01004589,14
E01004591,14
E01004598,8
E01004608,10
E01004612,14
E01004614,8
E01004616,12
E01004618,9
E01004620,15
E01004631,21
E01004634,10
E01004640,22
E01004643,22
E01004645,26
E01035499,5
E01004497,7
E01004515,13
E01004536,11
E01004592,17
E01004594,13
E01004597,10
E01004606,21
E01004607,22
E01004628,20
E01004630,18
E01004585,13
E01004582,29
E01004563,17
E01004559,26
E01004524,22
E01004472,29
E01033133,2
E01035493,5
E01004479,41
E01004489,26
E01004501,6
E01004502,20
E01004505,11
E01004525,30
E01004528,15
E01004529,14
E01004533,10
E01004545,11
E01004551,15
E01004571,20
E01004602,19
E01004623,32
E01004635,15
E01004641,20
E01004613,24
E01004590,16
E01004547,17
E01035491,11
E01004504,20
E01004511,16
E01004514,30
E01004581,11
E01004622,6
E01004632,18
E01004553,19
E01004526,18
E01004503,13
E01004506,13
E01004537,9
E01004548,11
E01004552,17
E01004583,10
E01004636,7
E01033099,13
E01004493,18
E01004500,11
E01004519,26
E01004574,14
E01004593,17
E01004615,17
E01004629,7
E01004543,32
E01004477,46
E01035498,1
E01004474,23
E01004476,10
E01004496,10
E01004517,31
E01004610,13
E01004625,22
E01004642,15
E01004644,25
E01004486,15
E01004499,13
E01004510,10
E01004534,13
E01004568,20
E01004601,19
E01004639,20
E01033098,5
E01004484,14
E01004523,36
E01004605,25
E01035496,1
E01004492,16
E01033132,12
E01004507,14
E01004558,29
E01004595,12
E01004609,37
E01004626,22
E01004638,28
E01004564,25
E01004569,20
E01004554,21
E01004624,21
E01004575,11
E01004576,10
E01004617,23
E01004572,22
E01004604,33
E01004621,15
E01004483,20
E01004619,26
E01035490,9
E01004560,22
E01004573,12
E01004651,3
E01004652,9
E01004653,24
E01004674,14
E01004676,21
E01004677,7
E01004693,20
E01004694,18
E01004695,20
E01004696,14
E01004698,13
E01004699,19
E01004700,12
E01004701,19
E01004705,19
E01004710,11
E01004711,23
E01004719,10
E01004722,8
E01004728,14
E01004729,6
E01004754,15
E01004756,21
E01004757,8
E01004760,8
E01032513,12
E01004753,6
E01004752,8
E01004748,10
E01004746,5
E01004743,4
E01004742,6
E01004741,6
E01004740,8
E01004737,3
E01004732,5
E01004724,6
E01004686,14
E01004684,11
E01004680,16
E01004670,9
E01004668,8
E01004665,6
E01004660,8
E01004659,12
E01033593,8
E01033597,6
E01033599,3
E01033601,4
E01033602,6
E01033603,3
E01033605,16
E01035715,12
E01004654,22
E01004656,22
E01004675,12
E01004678,18
E01004679,21
E01004682,18
E01004683,22
E01004697,13
E01004707,20
E01004708,8
E01004709,19
E01004715,12
E01004718,20
E01004723,21
E01004744,5
E01004747,9
E01004749,14
E01004751,20
E01033598,9
E01033604,17
E01035717,19
E01004702,14
E01004706,16
E01004712,7
E01004657,23
E01035719,3
E01004647,20
E01004681,24
E01004703,33
E01004720,13
E01004721,16
E01004755,13
E01004663,13
E01035720,
E01035722,6
E01004692,6
E01004717,8
E01004726,27
E01004662,9
E01004661,14
E01004658,11
E01035721,10
E01004649,16
E01004650,31
E01004669,1
E01004716,14
E01004750,17
E01004646,22
E01033594,21
E01032512,15
E01004648,26
E01004713,14
E01004714,26
E01004765,30
E01004725,11
E01004687,33
E01004690,26
E01004691,29
E01004730,17
E01004762,22
E01004734,19
E01004763,25
E01004735,16
E01004733,7
E01004761,52
E01004727,6
E01035716,35
E01004731,11
E01004736,27
E01035718,20
