lsoa21cd,resident_pop_density
E01000027 ,1412.0
E01000028 ,12635.6
E01000029 ,7080.6
E01000030 ,8949.0
E01000031 ,2098.6
E01000032 ,5534.0
E01000110 ,8083.2
E01000111 ,7265.7
E01000112 ,7102.7
E01000113 ,12950.0
E01000034 ,3066.6
E01000037 ,7270.8
E01000038 ,7547.9
E01000039 ,1143.8
E01000063 ,9812.4
E01000100 ,9182.0
E01000101 ,10366.1
E01000114 ,9441.8
E01034469 ,6921.9
E01034470 ,12167.2
E01000033 ,10619.4
E01000060 ,3964.4
E01000061 ,3153.2
E01000062 ,10022.6
E01000064 ,10996.2
E01000065 ,8484.6
E01000078 ,10802.0
E01000080 ,7682.7
E01000081 ,10635.1
E01000082 ,11904.2
E01000083 ,10667.0
E01000102 ,7057.0
E01000021 ,9953.0
E01000022 ,11512.1
E01000024 ,11547.4
E01000025 ,12516.3
E01000077 ,9890.7
E01034471 ,16808.5
E01034472 ,39746.8
E01000015 ,8617.2
E01000016 ,9310.9
E01000017 ,10871.2
E01000018 ,10212.8
E01000079 ,5542.6
E01000035 ,4681.4
E01000036 ,3510.9
E01000107 ,3332.1
E01000108 ,7910.0
E01000066 ,10204.2
E01000067 ,11620.8
E01000069 ,10453.9
E01000070 ,5291.0
E01000071 ,9630.5
E01000057 ,10494.2
E01000073 ,6493.3
E01000074 ,10712.5
E01000075 ,4020.1
E01000076 ,11331.9
E01000013 ,9003.8
E01000014 ,5131.9
E01000059 ,8201.4
E01000084 ,9586.7
E01000085 ,11328.3
E01000086 ,10342.6
E01000103 ,2528.2
E01000104 ,8696.6
E01000105 ,10556.8
E01000106 ,10059.3
E01000007 ,14540.0
E01000008 ,9271.7
E01000012 ,16702.3
E01034473 ,8985.1
E01034474 ,10657.8
E01000006 ,12585.3
E01000009 ,14104.8
E01000011 ,18549.6
E01000044 ,11641.3
E01000068 ,5284.1
E01000041 ,12070.8
E01000042 ,8140.1
E01000045 ,5776.1
E01000046 ,12578.8
E01000072 ,4131.1
E01000054 ,10928.7
E01000055 ,11678.1
E01000056 ,6986.9
E01000058 ,11717.9
E01000095 ,982.2
E01000040 ,11007.6
E01000043 ,5769.5
E01000050 ,13355.1
E01000052 ,11857.8
E01034475 ,3458.1
E01034476 ,2582.2
E01034477 ,13322.1
E01034478 ,930.8
E01000053 ,8938.6
E01000087 ,4390.8
E01000088 ,8723.5
E01000089 ,12536.1
E01000090 ,874.1
E01000049 ,9293.5
E01000051 ,16621.6
E01033587 ,9130.1
E01034479 ,10714.3
E01000091 ,8493.1
E01000093 ,6157.2
E01000094 ,4081.9
E01000096 ,2752.3
E01000019 ,9044.8
E01000020 ,11704.1
E01000097 ,10786.8
E01000098 ,11037.6
E01000099 ,8964.2
E01032580 ,12087.6
E01000248 ,6288.8
E01000249 ,1984.3
E01000250 ,4485.9
E01000254 ,1047.9
E01000292 ,5366.4
E01000293 ,6476.6
E01000167 ,2308.1
E01000246 ,1412.1
E01000247 ,6380.7
E01000251 ,10143.5
E01000252 ,7301.0
E01000166 ,4381.9
E01000168 ,4829.6
E01000169 ,6838.6
E01000172 ,3107.8
E01000285 ,7486.4
E01000287 ,5963.4
E01000288 ,4587.5
E01000289 ,5629.4
E01000291 ,6254.0
E01000294 ,5469.6
E01000267 ,5463.3
E01000268 ,8221.1
E01000269 ,5103.1
E01000270 ,6131.0
E01000170 ,6428.3
E01000171 ,6873.9
E01000173 ,4621.3
E01000174 ,9336.5
E01000175 ,4055.5
E01000228 ,497.6
E01000253 ,597.2
E01000279 ,270.7
E01000280 ,1315.8
E01000286 ,6378.2
E01000290 ,791.7
E01000271 ,4788.1
E01000272 ,3036.6
E01000273 ,5069.8
E01000281 ,6645.6
E01000282 ,3419.7
E01000115 ,5091.2
E01000116 ,7116.6
E01000119 ,4511.8
E01000120 ,6099.6
E01000122 ,6404.1
E01000117 ,5241.5
E01000118 ,7187.0
E01000121 ,3924.0
E01000123 ,3341.6
E01000124 ,7301.5
E01000265 ,9117.6
E01000266 ,2235.7
E01000274 ,7245.5
E01000320 ,8289.8
E01000322 ,9086.0
E01000275 ,5255.2
E01000277 ,8929.7
E01000283 ,4148.3
E01000284 ,6543.5
E01000321 ,11199.3
E01000195 ,6405.5
E01000229 ,5968.5
E01000230 ,7212.8
E01000231 ,4895.9
E01000232 ,6270.1
E01000233 ,7321.5
E01000186 ,6947.8
E01000187 ,8052.9
E01000188 ,494.8
E01000189 ,15240.7
E01000190 ,6974.2
E01000191 ,6091.2
E01000158 ,5414.2
E01000159 ,3620.5
E01000160 ,6462.8
E01000161 ,8387.6
E01000162 ,9045.5
E01000324 ,6746.5
E01000256 ,3431.2
E01000258 ,2370.6
E01000263 ,3878.4
E01000264 ,4813.8
E01000255 ,1591.8
E01000257 ,3073.1
E01000261 ,1476.5
E01033911 ,941.4
E01033912 ,7939.4
E01000192 ,7031.7
E01000193 ,6410.0
E01000194 ,5734.1
E01000226 ,10028.9
E01000227 ,7306.5
E01000299 ,13432.2
E01000300 ,9608.1
E01000302 ,8280.3
E01000317 ,9273.2
E01000318 ,7069.4
E01000323 ,11050.4
E01000276 ,2999.2
E01000278 ,5361.4
E01000301 ,5236.4
E01000303 ,6937.6
E01000304 ,8766.9
E01000130 ,11325.9
E01000132 ,10534.2
E01000133 ,10572.0
E01000234 ,6445.9
E01000235 ,5307.9
E01000156 ,11255.6
E01000157 ,12565.5
E01000163 ,8834.9
E01000164 ,3129.2
E01000165 ,9784.0
E01000315 ,3361.0
E01000197 ,6682.3
E01000295 ,7908.9
E01000296 ,7979.4
E01000298 ,6432.3
E01000127 ,7761.7
E01000128 ,8302.3
E01000129 ,9336.4
E01000131 ,6013.1
E01000134 ,11442.9
E01033913 ,9526.5
E01033914 ,12316.6
E01000198 ,6659.6
E01000199 ,4673.2
E01000204 ,5374.4
E01000259 ,2058.3
E01000260 ,2653.4
E01000126 ,14080.5
E01000151 ,12102.7
E01000152 ,14564.6
E01000153 ,11690.9
E01000154 ,14216.8
E01000176 ,7834.4
E01000178 ,4005.3
E01000184 ,2730.3
E01000297 ,6127.6
E01000316 ,5627.5
E01000319 ,8817.6
E01000196 ,8641.2
E01000200 ,7115.1
E01000201 ,3913.2
E01000202 ,7402.7
E01000203 ,6040.0
E01000177 ,9840.2
E01000179 ,12475.6
E01000180 ,9466.9
E01000181 ,11787.7
E01000182 ,7385.9
E01000185 ,11925.6
E01000239 ,4811.8
E01000240 ,3916.9
E01000241 ,5263.5
E01000309 ,7065.1
E01000237 ,6471.5
E01000242 ,5790.2
E01000243 ,11785.5
E01000244 ,7325.6
E01000245 ,11358.4
E01000314 ,8632.9
E01000183 ,6580.2
E01000206 ,1136.1
E01000207 ,4554.4
E01000208 ,4003.4
E01000210 ,3119.1
E01000213 ,3180.3
E01000236 ,8509.2
E01000238 ,9928.9
E01000310 ,7194.9
E01000311 ,5074.5
E01000205 ,3959.0
E01000209 ,3694.6
E01000211 ,7760.8
E01000212 ,3872.9
E01000216 ,10143.6
E01000217 ,8317.8
E01000150 ,4852.6
E01000305 ,2352.3
E01000306 ,13444.7
E01000308 ,3989.4
E01000312 ,12060.0
E01000313 ,8712.2
E01000145 ,7798.2
E01000215 ,9808.0
E01000218 ,12155.6
E01000219 ,11485.4
E01000220 ,12309.2
E01000225 ,6020.6
E01000135 ,5140.6
E01000136 ,2854.9
E01000144 ,8379.6
E01000146 ,9061.0
E01000214 ,4911.0
E01000141 ,5029.7
E01000221 ,3348.4
E01000223 ,3731.9
E01000307 ,3297.4
E01000138 ,6187.4
E01000142 ,11208.0
E01000222 ,4899.0
E01000224 ,10542.1
E01000137 ,13479.7
E01000139 ,3954.4
E01000140 ,13422.5
E01000143 ,9575.9
E01033915 ,8146.9
E01033916 ,11882.9
E01033917 ,46146.8
E01033918 ,14455.8
E01033919 ,22681.7
E01033920 ,9098.0
E01000147 ,9456.3
E01033921 ,43552.6
E01033922 ,16712.3
E01033923 ,16659.6
E01033924 ,10997.2
E01033925 ,6282.2
E01000466 ,726.0
E01000467 ,9750.3
E01000468 ,10177.0
E01000469 ,4575.9
E01000416 ,9147.5
E01000418 ,3775.0
E01000422 ,12840.7
E01000464 ,10440.2
E01000465 ,6298.9
E01000470 ,3619.5
E01000333 ,6596.7
E01000335 ,1961.9
E01000336 ,11050.9
E01000337 ,6319.6
E01000338 ,10704.4
E01000403 ,3829.5
E01000404 ,14153.0
E01000405 ,4120.3
E01000408 ,1634.3
E01000332 ,5726.1
E01000402 ,5145.9
E01000406 ,5001.2
E01000407 ,4323.7
E01000334 ,6320.8
E01000417 ,2333.0
E01000419 ,5669.3
E01000420 ,5544.6
E01000442 ,5461.9
E01000437 ,5159.7
E01000438 ,9219.0
E01000439 ,5646.3
E01000440 ,5730.2
E01000441 ,7651.8
E01000373 ,14887.6
E01000429 ,5471.9
E01000430 ,1355.1
E01000431 ,8191.1
E01000433 ,6288.6
E01000434 ,1029.3
E01033789 ,7520.2
E01033790 ,5925.6
E01000356 ,5067.9
E01000357 ,6959.3
E01000359 ,6203.3
E01000421 ,5272.1
E01000450 ,7857.8
E01000451 ,8401.3
E01000452 ,8914.0
E01000367 ,8658.8
E01000368 ,7064.8
E01000372 ,7365.9
E01000380 ,7729.3
E01000435 ,8504.6
E01000353 ,4846.1
E01000354 ,7263.9
E01000355 ,3426.1
E01000358 ,5629.9
E01000436 ,6340.7
E01000401 ,6728.4
E01000453 ,7023.3
E01000454 ,7944.5
E01000455 ,6813.7
E01000456 ,8424.2
E01000325 ,4209.0
E01000326 ,5053.1
E01000369 ,6490.0
E01000370 ,4783.5
E01000371 ,6997.8
E01000360 ,4343.9
E01000362 ,4726.2
E01000365 ,5067.4
E01000366 ,6955.0
E01000394 ,6869.2
E01000388 ,2854.7
E01000392 ,8859.2
E01000409 ,7690.9
E01000411 ,7813.8
E01000414 ,6431.2
E01000415 ,6405.8
E01000327 ,4154.1
E01000328 ,3013.1
E01000329 ,3523.2
E01000330 ,6491.6
E01000331 ,3161.7
E01000340 ,6810.0
E01000395 ,4760.3
E01000396 ,6627.1
E01000410 ,6084.4
E01000412 ,7055.5
E01000413 ,6671.6
E01000374 ,2121.5
E01000375 ,4958.1
E01000376 ,2934.0
E01000377 ,3423.9
E01000379 ,5280.7
E01033791 ,3638.0
E01033792 ,1566.4
E01000348 ,5163.6
E01000349 ,5169.5
E01000361 ,5576.6
E01000363 ,3724.3
E01000389 ,3845.3
E01000390 ,2445.4
E01000393 ,6136.9
E01000346 ,4563.2
E01000347 ,7740.5
E01000350 ,5513.9
E01000352 ,4699.4
E01000391 ,3756.7
E01000341 ,6345.7
E01000342 ,6965.3
E01000343 ,4980.2
E01000345 ,6461.2
E01000460 ,2443.3
E01000364 ,3923.3
E01000444 ,1190.1
E01000447 ,1975.8
E01000448 ,2955.0
E01000449 ,3420.9
E01000351 ,5156.7
E01000443 ,4857.6
E01000445 ,2818.0
E01000446 ,5373.1
E01000461 ,3025.3
E01000339 ,6346.5
E01000344 ,7025.6
E01000423 ,5674.4
E01000425 ,4906.0
E01000463 ,5303.1
E01000424 ,4478.7
E01000426 ,6531.3
E01000427 ,4937.4
E01000457 ,7306.0
E01000462 ,4436.3
E01000382 ,2687.6
E01000384 ,5733.8
E01000387 ,5066.7
E01000428 ,2130.1
E01000458 ,4556.7
E01000459 ,6033.5
E01000381 ,786.2
E01000383 ,571.8
E01000385 ,3357.9
E01000386 ,2787.7
E01000398 ,6816.4
E01000399 ,5391.2
E01000400 ,5578.0
E01032566 ,3406.8
E01000587 ,8211.2
E01000589 ,8765.5
E01000590 ,7253.7
E01000592 ,9247.5
E01000593 ,11731.2
E01000594 ,7475.3
E01000513 ,9994.0
E01000514 ,10006.4
E01000516 ,9532.5
E01000520 ,6909.8
E01033929 ,8463.5
E01033930 ,9649.8
E01000515 ,4905.8
E01000517 ,7075.0
E01000543 ,8278.1
E01000591 ,6769.0
E01033463 ,7540.6
E01000536 ,4672.4
E01000538 ,4069.2
E01000539 ,5559.1
E01000540 ,3877.5
E01000541 ,5813.8
E01000518 ,3828.5
E01000519 ,2746.6
E01000623 ,9838.0
E01000624 ,6617.4
E01000629 ,10797.4
E01000480 ,5659.6
E01000484 ,5662.5
E01000485 ,9031.5
E01000486 ,2281.0
E01000487 ,6474.4
E01000572 ,6943.8
E01000573 ,7089.5
E01000574 ,7509.1
E01000575 ,7983.7
E01000577 ,7468.9
E01000562 ,4823.9
E01000563 ,4233.5
E01000566 ,7423.4
E01000568 ,2754.3
E01000569 ,3864.1
E01000479 ,5600.1
E01000481 ,6426.9
E01000483 ,8205.6
E01000625 ,6248.1
E01033931 ,7575.3
E01033932 ,10209.1
E01000498 ,5913.6
E01000622 ,3162.4
E01000626 ,7459.0
E01033933 ,14721.7
E01033934 ,11634.7
E01000497 ,6859.9
E01000499 ,3593.0
E01000501 ,12646.3
E01000502 ,5000.0
E01000503 ,5162.8
E01000570 ,11589.2
E01000571 ,5007.1
E01000576 ,6400.3
E01000578 ,7044.6
E01000564 ,8011.8
E01000565 ,8271.4
E01000607 ,13205.9
E01000608 ,4118.4
E01000613 ,8065.3
E01000506 ,5638.0
E01000509 ,11087.1
E01000510 ,9500.0
E01000511 ,10510.7
E01000627 ,9279.6
E01000628 ,5015.6
E01000553 ,14346.0
E01000554 ,9090.9
E01000555 ,7665.5
E01000556 ,21359.9
E01000557 ,15899.4
E01000558 ,7991.9
E01000567 ,6792.8
E01000606 ,7949.0
E01000609 ,8295.7
E01000611 ,15662.1
E01000504 ,12398.3
E01000505 ,10715.7
E01000507 ,6993.9
E01000512 ,11189.2
E01000559 ,12085.9
E01000610 ,7648.7
E01000612 ,6901.1
E01000631 ,8200.2
E01000633 ,15873.8
E01000634 ,15657.6
E01000616 ,11353.3
E01000620 ,3986.3
E01000621 ,8482.4
E01000636 ,12196.2
E01033935 ,13072.9
E01033936 ,20811.2
E01000596 ,9736.6
E01000601 ,1988.8
E01000602 ,10835.2
E01000603 ,11775.2
E01000604 ,10278.3
E01000605 ,10268.1
E01000488 ,10135.4
E01000637 ,20973.6
E01000639 ,17753.6
E01000642 ,13915.8
E01000644 ,15503.2
E01000490 ,13414.1
E01000494 ,8033.8
E01000495 ,9255.4
E01000560 ,7526.5
E01000561 ,16415.3
E01000638 ,7287.3
E01000640 ,17964.3
E01000641 ,18098.3
E01000643 ,3923.7
E01000508 ,11420.5
E01000521 ,16134.8
E01000522 ,14232.1
E01000526 ,15839.9
E01000527 ,14833.9
E01000528 ,15512.6
E01000471 ,12372.4
E01000474 ,11568.2
E01000476 ,9661.2
E01000477 ,6169.8
E01000630 ,9531.8
E01000595 ,9296.9
E01000599 ,21563.9
E01033456 ,9909.4
E01033937 ,13468.2
E01033938 ,687.9
E01033939 ,12788.1
E01000545 ,16574.6
E01000546 ,17263.2
E01000547 ,21847.0
E01000548 ,18268.9
E01000549 ,16362.8
E01000472 ,5554.5
E01000473 ,15567.1
E01000475 ,6803.3
E01000478 ,13159.8
E01000632 ,8707.9
E01000489 ,5408.5
E01000491 ,5555.3
E01000492 ,8046.8
E01000493 ,8531.0
E01000581 ,9120.0
E01000523 ,16407.1
E01000524 ,15384.1
E01000525 ,11857.8
E01000533 ,11627.4
E01000535 ,10920.2
E01033455 ,18421.9
E01033485 ,11335.6
E01000579 ,14069.1
E01000580 ,4683.4
E01000582 ,9565.9
E01000583 ,10496.7
E01000586 ,15930.4
E01000530 ,10347.0
E01000531 ,16719.3
E01000532 ,14693.3
E01000534 ,11387.6
E01000584 ,12410.5
E01000585 ,14980.1
E01000544 ,24521.5
E01000550 ,14202.4
E01000551 ,21170.4
E01000552 ,17399.3
E01033457 ,11005.0
E01033940 ,23310.2
E01033941 ,35694.8
E01033942 ,5654.5
E01000615 ,4798.5
E01000617 ,8367.8
E01000618 ,9189.0
E01000619 ,7951.2
E01000779 ,1206.2
E01000780 ,7672.5
E01000781 ,9134.2
E01000782 ,5449.7
E01000783 ,8597.1
E01000785 ,7498.8
E01000689 ,1180.2
E01000690 ,4182.2
E01000691 ,6350.8
E01000692 ,4737.6
E01000784 ,6950.9
E01000799 ,8343.4
E01000802 ,9983.8
E01000803 ,6164.8
E01000804 ,2216.2
E01000805 ,10553.8
E01000741 ,13365.2
E01000742 ,7942.3
E01000745 ,4020.1
E01000746 ,11178.1
E01034383 ,2068.6
E01034384 ,16240.9
E01000709 ,5630.9
E01000710 ,4346.0
E01000711 ,6673.8
E01000714 ,6534.1
E01000718 ,6089.4
E01000645 ,1858.0
E01000649 ,2421.3
E01000694 ,2279.1
E01000695 ,2005.8
E01000696 ,794.2
E01000697 ,3440.7
E01000674 ,8520.4
E01000676 ,6119.8
E01000820 ,2712.6
E01000822 ,7354.7
E01000823 ,6925.6
E01000824 ,8491.8
E01000825 ,9443.5
E01000743 ,5973.8
E01000744 ,7271.5
E01000796 ,15494.0
E01000798 ,11294.4
E01000800 ,7213.3
E01000806 ,10431.9
E01000693 ,566.9
E01000698 ,1057.2
E01000736 ,4120.9
E01000737 ,3813.1
E01000672 ,5119.3
E01000673 ,3497.4
E01000716 ,4105.9
E01000717 ,5437.1
E01000828 ,4982.4
E01000712 ,4981.9
E01000713 ,4453.3
E01000715 ,5841.9
E01000770 ,2219.6
E01000772 ,4891.6
E01000700 ,7579.8
E01000702 ,10361.3
E01000703 ,7185.6
E01000706 ,4563.6
E01000797 ,2525.2
E01000729 ,7525.9
E01000730 ,4847.2
E01000735 ,3010.5
E01000738 ,3275.8
E01000739 ,7469.9
E01000699 ,10645.2
E01000701 ,10762.3
E01000704 ,4514.7
E01000705 ,8909.3
E01000801 ,8174.9
E01000646 ,5199.1
E01000647 ,6776.5
E01000648 ,4981.5
E01000653 ,3092.4
E01000678 ,6183.2
E01000670 ,4010.3
E01000677 ,4984.3
E01000762 ,5460.8
E01000829 ,7936.3
E01034385 ,3438.4
E01034386 ,8093.1
E01000719 ,6063.0
E01000720 ,240.1
E01000721 ,6021.0
E01000724 ,4068.5
E01000728 ,592.1
E01000651 ,5784.6
E01000668 ,3166.6
E01000669 ,10023.1
E01000671 ,6622.9
E01000679 ,6068.4
E01000826 ,3160.7
E01000827 ,4755.5
E01000830 ,2737.1
E01000831 ,4195.2
E01000833 ,4031.8
E01000650 ,2037.5
E01000652 ,2962.8
E01000807 ,2079.7
E01000809 ,2840.8
E01000722 ,3201.7
E01000725 ,5152.9
E01000731 ,5909.3
E01000732 ,4276.0
E01000733 ,4468.8
E01000769 ,1156.2
E01000773 ,5112.8
E01000775 ,2058.4
E01000777 ,6550.2
E01000778 ,7877.9
E01000808 ,4677.9
E01000810 ,4141.8
E01000811 ,4578.0
E01000813 ,2565.7
E01000815 ,3096.2
E01000661 ,3003.2
E01000662 ,3443.5
E01000663 ,5264.6
E01000664 ,2099.2
E01000763 ,1744.5
E01000764 ,3589.5
E01000766 ,4914.7
E01000767 ,5156.5
E01000834 ,6494.3
E01000727 ,4395.3
E01000734 ,4286.6
E01000790 ,4413.1
E01000812 ,4297.0
E01000814 ,3186.7
E01000723 ,2925.5
E01000726 ,4622.5
E01000787 ,4343.5
E01000788 ,4379.7
E01000791 ,3766.8
E01000832 ,1816.0
E01000835 ,5277.9
E01000836 ,6519.5
E01000837 ,3270.7
E01000838 ,2650.0
E01000839 ,5054.5
E01000840 ,1870.1
E01000841 ,4972.2
E01000753 ,2222.1
E01000754 ,4566.6
E01000755 ,4779.9
E01000757 ,2894.8
E01000758 ,4780.9
E01000786 ,1539.8
E01000789 ,13070.5
E01000792 ,4778.3
E01000793 ,3345.5
E01000795 ,4846.0
E01000665 ,2229.8
E01000666 ,634.1
E01000667 ,1569.5
E01000756 ,1685.6
E01000759 ,357.8
E01000760 ,3225.1
E01000761 ,2679.5
E01000765 ,778.5
E01000768 ,3109.1
E01000681 ,5587.4
E01000682 ,5767.2
E01000683 ,6547.6
E01000684 ,5202.7
E01000794 ,3329.0
E01000749 ,178.9
E01000750 ,4683.2
E01000751 ,1232.2
E01000752 ,1262.6
E01000680 ,199.1
E01000685 ,1464.6
E01000686 ,3386.2
E01000687 ,2672.0
E01000688 ,1508.9
E01000654 ,1225.6
E01000655 ,3489.2
E01000656 ,442.9
E01000657 ,5113.8
E01000659 ,2875.1
E01000816 ,5033.0
E01000818 ,1294.9
E01000819 ,4738.7
E01032562 ,7023.0
E01032563 ,3868.7
E01000707 ,9805.1
E01000708 ,7032.9
E01000771 ,4527.2
E01000774 ,3971.5
E01032568 ,4147.4
E01000658 ,614.0
E01000747 ,204.1
E01000748 ,170.8
E01032570 ,3815.4
E01000907 ,13834.0
E01000908 ,8702.9
E01000909 ,6776.0
E01000912 ,1771.2
E01000913 ,991.3
E01000893 ,2608.9
E01000894 ,5727.8
E01000895 ,15820.6
E01000896 ,9516.9
E01000899 ,1441.2
E01000910 ,10291.9
E01000911 ,16322.4
E01000921 ,15072.3
E01000923 ,16943.8
E01000928 ,6784.2
E01000878 ,8922.4
E01000879 ,7332.2
E01000880 ,6931.8
E01000884 ,6001.6
E01000885 ,4205.0
E01000871 ,5411.5
E01000872 ,11836.7
E01000873 ,12967.2
E01000874 ,17309.9
E01000877 ,13194.6
E01000886 ,12887.6
E01000887 ,13903.9
E01000888 ,15671.6
E01000892 ,14596.6
E01000903 ,13846.9
E01000889 ,15089.5
E01000890 ,17260.8
E01000891 ,19136.6
E01000901 ,18629.5
E01000922 ,10047.1
E01000927 ,15258.4
E01000881 ,9384.3
E01000882 ,11911.4
E01000883 ,10733.1
E01000897 ,7878.8
E01000898 ,9302.1
E01000866 ,13402.1
E01000870 ,12636.1
E01000924 ,15961.3
E01000925 ,18055.6
E01000926 ,15896.3
E01000969 ,10971.2
E01000970 ,20465.1
E01000971 ,16475.7
E01000972 ,13982.9
E01000973 ,10883.6
E01000842 ,13625.1
E01000844 ,14354.7
E01000848 ,14717.5
E01000849 ,17529.0
E01000900 ,17005.0
E01000902 ,16813.3
E01000904 ,17716.7
E01000905 ,21765.4
E01000906 ,10501.5
E01000875 ,13407.3
E01000876 ,16472.6
E01000931 ,13997.3
E01000932 ,26626.3
E01000974 ,13850.2
E01000843 ,14357.7
E01000845 ,12711.9
E01000846 ,17569.5
E01000847 ,16200.6
E01000867 ,21458.6
E01000868 ,20835.3
E01000869 ,16995.6
E01035707 ,11880.8
E01000962 ,16106.5
E01000964 ,13708.4
E01000965 ,15990.7
E01000966 ,12442.2
E01000968 ,18046.7
E01000960 ,16449.3
E01000961 ,14974.9
E01000963 ,9963.7
E01000967 ,4136.0
E01000857 ,17130.5
E01000858 ,8870.5
E01000859 ,15103.3
E01000860 ,5441.7
E01000862 ,9911.8
E01000856 ,13403.5
E01000861 ,11982.5
E01000957 ,11311.1
E01000958 ,12147.0
E01000959 ,23101.1
E01000929 ,19600.8
E01000930 ,17943.2
E01000933 ,16256.9
E01000934 ,17370.8
E01000935 ,25732.7
E01000863 ,9150.7
E01000946 ,3169.2
E01000947 ,10679.5
E01000948 ,7778.3
E01000952 ,19436.8
E01000954 ,31549.5
E01000955 ,21079.8
E01000956 ,9477.3
E01035708 ,4397.1
E01035709 ,9655.0
E01000944 ,25111.5
E01000949 ,25723.5
E01000951 ,31929.5
E01035710 ,7598.8
E01000850 ,7300.2
E01000851 ,11078.7
E01035711 ,7763.2
E01000915 ,20647.8
E01000916 ,12586.6
E01000917 ,22010.7
E01000920 ,11986.7
E01000855 ,4086.1
E01000914 ,3166.7
E01000918 ,10647.7
E01000919 ,9424.1
E01000853 ,24017.1
E01000937 ,8909.2
E01000938 ,16666.7
E01000939 ,18433.1
E01000941 ,27534.6
E01000942 ,13876.7
E01000943 ,22642.9
E01035712 ,17883.6
E01000001 ,11363.6
E01000002 ,6062.2
E01000003 ,27385.4
E01000005 ,5801.7
E01032739 ,983.9
E01032740 ,2195.6
E01001137 ,6002.8
E01001138 ,5767.6
E01001156 ,6378.7
E01001162 ,5772.0
E01001164 ,10831.1
E01001084 ,3228.0
E01001157 ,5576.6
E01001159 ,4820.2
E01001160 ,6065.4
E01001163 ,6998.6
E01001083 ,5009.3
E01001086 ,7516.3
E01001087 ,7527.9
E01001161 ,5847.3
E01001085 ,9395.3
E01001088 ,10776.6
E01001089 ,11368.6
E01001090 ,12743.6
E01001091 ,4932.7
E01001147 ,8870.1
E01001148 ,12385.6
E01001151 ,10485.3
E01001152 ,11981.4
E01001158 ,7308.2
E01001146 ,11608.5
E01001149 ,11576.6
E01001150 ,6131.7
E01001153 ,11665.5
E01001154 ,11129.4
E01001136 ,7238.2
E01001139 ,9213.7
E01001140 ,4646.5
E01001142 ,6195.2
E01001144 ,14625.6
E01001141 ,8337.7
E01001143 ,8645.5
E01001145 ,13078.0
E01001191 ,13189.1
E01001192 ,8535.3
E01000994 ,9060.4
E01000995 ,11952.6
E01000996 ,12633.1
E01000997 ,14088.3
E01000999 ,13579.5
E01001002 ,13757.0
E01000998 ,10756.5
E01001000 ,9646.7
E01001003 ,10166.5
E01001111 ,8571.4
E01001155 ,13230.1
E01001174 ,7387.5
E01001175 ,10811.3
E01001176 ,7320.7
E01001182 ,10438.1
E01001183 ,13478.9
E01001184 ,6883.9
E01001001 ,11604.9
E01001109 ,4988.3
E01001112 ,5668.9
E01001113 ,11391.3
E01001114 ,8459.4
E01001116 ,9658.0
E01000992 ,3786.8
E01001185 ,8463.5
E01001186 ,9344.8
E01001188 ,10420.2
E01001193 ,9546.0
E01001004 ,14001.3
E01001115 ,8302.9
E01001178 ,9002.8
E01001181 ,15000.0
E01034139 ,13604.8
E01034140 ,29975.9
E01001006 ,6128.0
E01001007 ,13333.3
E01001177 ,5601.2
E01001179 ,14532.8
E01001180 ,12958.1
E01000980 ,10324.6
E01000981 ,10117.0
E01000982 ,12300.9
E01000983 ,11645.3
E01001187 ,11936.3
E01000989 ,6666.7
E01000991 ,3892.9
E01001131 ,9585.1
E01001132 ,3752.0
E01001134 ,4283.8
E01001005 ,18919.2
E01001008 ,9075.1
E01001009 ,17864.0
E01001010 ,2332.6
E01001011 ,18896.2
E01001012 ,14695.2
E01001013 ,11041.2
E01001110 ,13941.6
E01001118 ,11581.5
E01034141 ,18794.7
E01034142 ,10915.1
E01034143 ,9443.6
E01000985 ,3816.3
E01000986 ,5449.0
E01000987 ,8466.3
E01000993 ,10048.7
E01000975 ,12374.7
E01000976 ,13099.0
E01000977 ,11224.7
E01000978 ,11011.5
E01000979 ,13430.1
E01000984 ,11049.9
E01001044 ,4648.2
E01001046 ,9826.5
E01001049 ,1037.5
E01001050 ,11071.7
E01001042 ,10412.3
E01001165 ,10227.0
E01001166 ,11200.9
E01001168 ,8104.4
E01034144 ,6593.4
E01034145 ,8060.6
E01034146 ,5291.7
E01001127 ,4931.8
E01001128 ,7301.7
E01001130 ,12773.4
E01001135 ,3724.5
E01001062 ,1215.2
E01001063 ,4819.5
E01001064 ,463.6
E01001129 ,4793.4
E01001133 ,3974.0
E01001167 ,4127.5
E01001169 ,8202.1
E01001171 ,5899.3
E01001172 ,3136.5
E01001173 ,2692.1
E01001036 ,1914.9
E01001037 ,9814.7
E01001038 ,9397.5
E01001039 ,3399.0
E01001040 ,8857.4
E01001051 ,6273.0
E01001052 ,9060.6
E01001054 ,7402.5
E01001056 ,11664.5
E01001057 ,12987.7
E01001033 ,5591.3
E01001034 ,5389.5
E01001041 ,8653.0
E01001095 ,6375.0
E01001100 ,6212.0
E01001053 ,6926.4
E01001055 ,5375.4
E01001077 ,7322.7
E01001078 ,3872.7
E01001082 ,2807.2
E01001120 ,4397.6
E01001122 ,1163.5
E01001123 ,2160.3
E01001124 ,2607.0
E01001125 ,4236.4
E01001058 ,6888.7
E01001059 ,7869.9
E01001060 ,1066.3
E01001061 ,3573.6
E01001065 ,1126.9
E01001066 ,8914.1
E01001119 ,2088.5
E01001126 ,6446.8
E01001032 ,2407.2
E01001101 ,2616.1
E01001102 ,2378.0
E01001107 ,2208.2
E01001108 ,3283.1
E01001076 ,4857.2
E01001079 ,5330.3
E01001080 ,6774.9
E01001081 ,3233.8
E01001073 ,4694.9
E01001092 ,3284.6
E01001093 ,4425.0
E01001096 ,3744.6
E01001097 ,5417.2
E01001098 ,3071.5
E01001028 ,1898.2
E01001029 ,3440.7
E01001030 ,3468.5
E01001031 ,3624.6
E01001094 ,1405.8
E01001103 ,2217.5
E01001105 ,1757.7
E01001106 ,3487.2
E01001121 ,597.6
E01001069 ,3427.6
E01001070 ,3376.2
E01001075 ,3645.1
E01001099 ,7457.5
E01001015 ,3725.0
E01001016 ,1677.6
E01001023 ,4540.0
E01001067 ,2414.2
E01001074 ,4812.3
E01001068 ,2383.8
E01001071 ,2534.1
E01001072 ,683.8
E01001104 ,980.7
E01001017 ,1226.0
E01001024 ,4802.9
E01001025 ,5914.1
E01001026 ,6788.2
E01001027 ,2013.1
E01001018 ,1735.2
E01001019 ,2440.2
E01001020 ,4582.8
E01001021 ,664.3
E01001022 ,1485.7
E01000990 ,8547.6
E01001189 ,10330.8
E01001190 ,6153.8
E01001194 ,2977.0
E01032569 ,5718.8
E01034147 ,115567.0
E01034148 ,10489.7
E01034149 ,6380.9
E01034150 ,7627.4
E01034151 ,25504.4
E01001035 ,8520.4
E01001047 ,9538.0
E01001170 ,7536.9
E01034152 ,13541.7
E01001269 ,7802.2
E01001271 ,5662.0
E01001309 ,5558.2
E01001310 ,8981.1
E01001311 ,7834.5
E01001307 ,3289.1
E01001308 ,1746.4
E01001312 ,9604.7
E01001313 ,9965.3
E01001314 ,5203.0
E01001315 ,8917.9
E01001316 ,9535.9
E01001317 ,6456.5
E01001318 ,7658.2
E01001320 ,3543.7
E01001321 ,6826.5
E01001270 ,6252.2
E01001319 ,11072.2
E01001322 ,3800.0
E01001323 ,5952.7
E01001341 ,7818.5
E01001342 ,9984.2
E01001343 ,4991.3
E01001345 ,9707.3
E01001265 ,3437.7
E01001266 ,2499.7
E01001267 ,5301.0
E01001272 ,3138.6
E01001349 ,2073.8
E01001344 ,4738.1
E01001346 ,8508.0
E01001347 ,2932.8
E01001348 ,4064.2
E01001257 ,13549.8
E01001324 ,5256.0
E01001326 ,2648.3
E01001330 ,6258.0
E01001332 ,11618.1
E01001325 ,2084.1
E01001327 ,6817.7
E01001328 ,4753.6
E01001329 ,6502.2
E01001331 ,12612.4
E01001258 ,8814.7
E01001262 ,6247.6
E01001263 ,5932.4
E01001264 ,6000.0
E01032743 ,23834.9
E01032744 ,8108.7
E01001276 ,4933.4
E01001277 ,3762.9
E01001278 ,4595.8
E01001280 ,4888.3
E01001218 ,7428.7
E01001260 ,7605.4
E01001261 ,5396.8
E01001268 ,6463.6
E01001209 ,6078.0
E01001211 ,9639.1
E01001279 ,5901.9
E01001281 ,5464.0
E01001217 ,7783.1
E01001259 ,6128.8
E01001291 ,10633.7
E01001292 ,8986.1
E01001293 ,12530.9
E01001196 ,7055.0
E01001239 ,3567.0
E01001246 ,1817.2
E01001247 ,1998.6
E01034026 ,21665.2
E01034027 ,8571.9
E01001210 ,8342.9
E01001282 ,10771.8
E01001283 ,6834.2
E01001285 ,8297.4
E01001286 ,7810.0
E01001287 ,17548.8
E01001294 ,6831.6
E01001295 ,11218.8
E01001296 ,9096.1
E01001297 ,7332.3
E01001298 ,12029.6
E01001204 ,9584.3
E01001205 ,7234.0
E01001206 ,10534.0
E01001207 ,11047.0
E01001208 ,2523.2
E01001212 ,6191.3
E01001224 ,6521.7
E01001226 ,6604.1
E01001227 ,8797.0
E01001228 ,6897.3
E01034028 ,12487.3
E01034029 ,16813.7
E01001195 ,4402.6
E01001197 ,4598.0
E01001198 ,14268.7
E01001199 ,15703.5
E01001284 ,3637.1
E01001288 ,8536.7
E01001289 ,10661.9
E01001290 ,4044.2
E01001213 ,13302.4
E01001214 ,7511.8
E01001215 ,11828.6
E01001216 ,12328.9
E01001361 ,5879.6
E01001240 ,9297.0
E01001241 ,5253.5
E01001242 ,7775.6
E01001243 ,10766.5
E01001244 ,13046.7
E01001245 ,19629.6
E01001200 ,11781.2
E01001201 ,12985.3
E01001202 ,15312.1
E01001203 ,18327.9
E01001351 ,10164.9
E01001359 ,18540.3
E01001360 ,15750.9
E01001362 ,10758.5
E01001363 ,14737.6
E01001364 ,15450.7
E01001365 ,5555.1
E01001231 ,5089.6
E01001234 ,4477.1
E01001350 ,4824.0
E01001352 ,9893.8
E01001354 ,7600.7
E01001249 ,15655.5
E01001250 ,8815.7
E01001255 ,8957.2
E01001383 ,15168.5
E01001388 ,8113.4
E01001389 ,13096.8
E01001219 ,13246.8
E01001220 ,1626.6
E01001334 ,10484.3
E01001337 ,1743.5
E01001338 ,3413.2
E01001339 ,3007.9
E01001340 ,12851.3
E01001251 ,9684.2
E01001252 ,12724.5
E01001253 ,13031.2
E01001254 ,8330.9
E01001229 ,7452.1
E01001230 ,7157.8
E01001232 ,7219.6
E01001233 ,8453.4
E01001237 ,6622.9
E01001386 ,5828.2
E01001303 ,10734.3
E01001382 ,7259.8
E01001384 ,16051.4
E01001385 ,10474.4
E01001387 ,6105.8
E01001353 ,7234.2
E01001355 ,13376.6
E01001356 ,17861.4
E01001357 ,24708.0
E01001358 ,7671.5
E01001375 ,12259.9
E01001377 ,8599.2
E01001379 ,13033.0
E01001381 ,6576.7
E01001248 ,2390.5
E01001299 ,7694.0
E01001305 ,11466.5
E01001306 ,10657.6
E01001333 ,8857.3
E01001335 ,3667.5
E01001336 ,7268.1
E01001369 ,13750.8
E01001300 ,11736.9
E01001301 ,7508.0
E01001302 ,4755.1
E01001304 ,14330.2
E01001374 ,14984.6
E01001376 ,10977.5
E01001380 ,13132.1
E01032572 ,7162.6
E01001223 ,6508.5
E01001225 ,7727.5
E01001273 ,4307.0
E01001274 ,6009.0
E01001275 ,5156.1
E01001235 ,6465.0
E01001236 ,10527.8
E01034030 ,6864.6
E01034031 ,41388.0
E01001367 ,13323.5
E01001372 ,19883.4
E01001373 ,13546.3
E01001366 ,12030.5
E01001368 ,13706.3
E01001370 ,4843.9
E01001371 ,11402.5
E01001444 ,5495.4
E01001446 ,10282.2
E01001546 ,7598.5
E01001552 ,6934.0
E01001442 ,15047.8
E01001545 ,5462.2
E01001547 ,8411.7
E01001548 ,6447.0
E01001551 ,5860.8
E01001445 ,1978.5
E01001447 ,10669.9
E01001448 ,12600.1
E01001449 ,6976.6
E01033148 ,4916.8
E01033150 ,10286.1
E01001408 ,11469.8
E01001411 ,10236.7
E01001412 ,122.6
E01001413 ,3200.9
E01001414 ,4241.9
E01001407 ,1543.9
E01001409 ,10779.0
E01001410 ,13752.4
E01001516 ,6476.5
E01001537 ,9011.0
E01001439 ,10147.6
E01001441 ,4945.9
E01001517 ,11267.2
E01001549 ,7356.0
E01001550 ,8123.0
E01001433 ,5448.6
E01001434 ,9014.2
E01001435 ,9631.7
E01001436 ,9887.5
E01001438 ,6053.5
E01001469 ,7863.8
E01001536 ,4546.5
E01001540 ,7361.9
E01001541 ,8440.8
E01001542 ,8497.0
E01001538 ,6584.2
E01001539 ,7545.6
E01001543 ,7766.6
E01001544 ,5590.4
E01001457 ,6831.2
E01001468 ,1805.2
E01001471 ,5227.4
E01001472 ,6596.2
E01001474 ,4918.4
E01001415 ,1894.0
E01001417 ,331.0
E01001418 ,2806.9
E01001422 ,1146.0
E01001440 ,5330.6
E01001504 ,11778.6
E01001505 ,10072.0
E01001507 ,9641.7
E01001508 ,11778.3
E01001513 ,2085.2
E01001416 ,5322.2
E01001470 ,869.5
E01001473 ,1894.1
E01001475 ,5340.6
E01001437 ,861.4
E01001509 ,12168.8
E01033926 ,1257.1
E01001405 ,6540.8
E01001406 ,8123.5
E01001450 ,6647.1
E01001512 ,11946.5
E01001515 ,15806.9
E01001401 ,9416.9
E01001478 ,5218.8
E01001484 ,4292.7
E01001511 ,4948.5
E01001514 ,12902.0
E01001518 ,3021.3
E01001451 ,2688.8
E01001452 ,2150.0
E01001453 ,3230.8
E01001454 ,4396.5
E01001476 ,8655.5
E01001477 ,2933.8
E01001481 ,10447.9
E01001502 ,6961.2
E01001503 ,11079.8
E01001520 ,5266.6
E01001522 ,8854.8
E01001523 ,3547.1
E01001524 ,6061.3
E01001526 ,5658.0
E01001419 ,2959.5
E01001420 ,5011.2
E01001421 ,8641.5
E01001525 ,8382.4
E01033927 ,8139.8
E01033928 ,8693.9
E01001398 ,7671.6
E01001399 ,6106.3
E01001400 ,6402.8
E01001402 ,5277.9
E01001403 ,4605.6
E01001455 ,6117.6
E01001456 ,5242.2
E01001564 ,7185.5
E01001567 ,4971.0
E01001568 ,2098.0
E01001569 ,6012.2
E01001479 ,7327.3
E01001482 ,10895.2
E01001487 ,14980.7
E01001489 ,10594.8
E01001491 ,13157.9
E01001459 ,7940.9
E01001460 ,17234.9
E01001462 ,13336.4
E01001480 ,8048.7
E01001488 ,15060.9
E01001483 ,2122.7
E01001485 ,14722.7
E01001486 ,11900.3
E01001492 ,13276.9
E01033146 ,11112.7
E01033151 ,2187.2
E01001404 ,2863.2
E01001493 ,8205.2
E01001494 ,9106.0
E01001496 ,7266.8
E01001570 ,4670.4
E01001423 ,9029.7
E01001425 ,5027.3
E01001428 ,10953.6
E01001461 ,5447.6
E01001464 ,6519.6
E01001521 ,3874.0
E01001531 ,6298.2
E01001532 ,5760.3
E01001533 ,5074.8
E01001535 ,3580.5
E01001495 ,11971.5
E01001498 ,9638.0
E01001563 ,8925.4
E01001565 ,7521.3
E01001566 ,8967.8
E01001424 ,17089.1
E01001426 ,5909.8
E01001427 ,1293.1
E01001429 ,9564.5
E01001430 ,17234.6
E01001463 ,5958.7
E01001465 ,6837.5
E01001466 ,20202.4
E01001467 ,18965.8
E01001497 ,7165.4
E01001499 ,7389.6
E01001392 ,11640.7
E01001528 ,8092.0
E01001529 ,10751.2
E01001530 ,8279.0
E01001534 ,4186.9
E01001431 ,13151.7
E01001432 ,12170.8
E01001555 ,15968.5
E01001557 ,13325.6
E01001558 ,13836.4
E01001559 ,2308.6
E01001394 ,11583.5
E01001395 ,6809.8
E01001397 ,7239.9
E01001500 ,7074.8
E01001556 ,7327.2
E01001560 ,5944.0
E01001390 ,11829.4
E01001391 ,13441.5
E01001393 ,10974.9
E01001396 ,9865.0
E01001501 ,7321.9
E01001527 ,5221.1
E01001458 ,10976.1
E01001553 ,8743.1
E01001554 ,14896.4
E01001562 ,15684.2
E01032574 ,5684.9
E01001690 ,12566.0
E01001692 ,19811.6
E01001693 ,11437.0
E01001694 ,4549.0
E01001687 ,3979.8
E01001688 ,7525.4
E01033739 ,15100.6
E01033740 ,9855.2
E01033741 ,4731.7
E01033743 ,1941.4
E01033745 ,3161.3
E01001575 ,8299.8
E01001576 ,8370.3
E01001577 ,9554.7
E01001578 ,8484.2
E01001579 ,6864.6
E01001705 ,12772.7
E01001708 ,9603.8
E01001710 ,20453.5
E01034173 ,8668.2
E01001672 ,5366.5
E01001673 ,13770.8
E01001674 ,10242.7
E01001675 ,15260.8
E01001677 ,10788.0
E01001631 ,10700.5
E01001632 ,16926.9
E01001635 ,7798.9
E01001636 ,13482.8
E01033742 ,10736.6
E01033744 ,12290.4
E01001571 ,12214.7
E01001572 ,10291.0
E01001573 ,11382.1
E01001574 ,1913.9
E01001629 ,10418.5
E01001633 ,17734.4
E01001634 ,14952.6
E01001637 ,9698.4
E01001695 ,15474.5
E01001696 ,18241.1
E01001697 ,17376.7
E01001700 ,16531.8
E01001703 ,24458.8
E01001704 ,11795.4
E01001588 ,3244.4
E01001589 ,8798.7
E01001591 ,10406.3
E01001595 ,6007.0
E01001590 ,10958.2
E01001592 ,8084.5
E01001593 ,9665.8
E01001594 ,15769.5
E01001698 ,14856.3
E01001699 ,2132.1
E01001701 ,1839.7
E01001702 ,17511.8
E01001581 ,7557.5
E01001585 ,8532.4
E01001586 ,6657.3
E01001587 ,7222.0
E01001678 ,6776.2
E01001683 ,11531.6
E01001684 ,1219.9
E01001685 ,8610.8
E01001646 ,13352.3
E01001650 ,8808.8
E01001651 ,6105.5
E01001652 ,6408.7
E01001679 ,6352.1
E01001680 ,2495.5
E01001681 ,9063.3
E01001682 ,1580.9
E01001686 ,10594.5
E01001580 ,5516.7
E01001582 ,4481.1
E01001583 ,5337.0
E01001584 ,4575.1
E01001645 ,6386.2
E01001647 ,4291.5
E01001648 ,4131.1
E01001649 ,4741.3
E01001605 ,2298.5
E01001606 ,7718.2
E01001610 ,7971.9
E01001611 ,8781.7
E01001620 ,6068.3
E01001621 ,4561.1
E01001623 ,6526.9
E01001624 ,7254.9
E01001625 ,6622.0
E01001604 ,6530.4
E01001607 ,7615.9
E01001608 ,3061.3
E01001609 ,5020.8
E01001613 ,2399.4
E01001614 ,1691.2
E01001615 ,2085.3
E01001617 ,2345.8
E01001653 ,5979.0
E01001654 ,5335.5
E01001655 ,3624.0
E01001660 ,4655.1
E01001661 ,3657.1
E01001618 ,5481.7
E01001619 ,6091.8
E01033729 ,3568.1
E01001597 ,4799.5
E01001598 ,3458.7
E01001602 ,8275.6
E01001603 ,8346.0
E01001596 ,5932.4
E01001599 ,3692.2
E01001600 ,4980.2
E01001601 ,6232.4
E01001669 ,4947.4
E01001671 ,8533.5
E01001676 ,13713.9
E01032567 ,3854.2
E01001656 ,4858.7
E01001657 ,3882.3
E01001658 ,3805.8
E01001659 ,4286.1
E01034174 ,3464.2
E01034175 ,4859.9
E01034176 ,8459.9
E01034177 ,10006.2
E01033727 ,17256.5
E01033728 ,23197.4
E01034178 ,71392.4
E01034179 ,20328.6
E01034180 ,29520.5
E01034181 ,25922.7
E01034182 ,13962.1
E01001664 ,13324.8
E01001665 ,10139.5
E01033738 ,6424.9
E01034183 ,14159.7
E01034184 ,33567.7
E01034185 ,13400.0
E01001638 ,16248.8
E01001641 ,5024.2
E01001642 ,1448.3
E01001644 ,13764.4
E01033746 ,11582.7
E01033734 ,15025.6
E01033736 ,17795.4
E01034186 ,28668.1
E01034187 ,7977.1
E01034188 ,1389.8
E01034189 ,6067.0
E01034190 ,6685.2
E01034191 ,32794.4
E01034192 ,12486.0
E01001666 ,4564.1
E01033732 ,10104.2
E01034193 ,13745.4
E01034194 ,49618.3
E01034195 ,66839.4
E01034196 ,8040.2
E01001712 ,12815.7
E01033735 ,12123.0
E01033737 ,8205.3
E01034198 ,2486.1
E01001808 ,12866.1
E01001809 ,16511.8
E01001814 ,14903.5
E01001823 ,10822.3
E01001825 ,12711.9
E01001714 ,13637.0
E01001811 ,21120.3
E01001813 ,19989.8
E01035638 ,19454.7
E01035639 ,11220.5
E01001799 ,14207.5
E01001802 ,13139.3
E01001804 ,15081.2
E01001807 ,15418.1
E01001812 ,7255.1
E01001725 ,19344.6
E01001726 ,26185.8
E01001800 ,20636.8
E01001824 ,7534.8
E01001826 ,13945.0
E01001723 ,16666.7
E01001724 ,24862.5
E01001727 ,18631.7
E01001768 ,18367.7
E01001769 ,12315.8
E01001715 ,16810.5
E01001716 ,22266.5
E01001717 ,11525.1
E01001718 ,16746.9
E01001719 ,25801.9
E01001720 ,16968.2
E01001742 ,14024.0
E01001801 ,11658.8
E01001803 ,11053.9
E01001806 ,4496.5
E01001741 ,16582.3
E01001805 ,8324.3
E01001829 ,15734.8
E01001831 ,15167.1
E01001832 ,16274.5
E01001764 ,16654.0
E01001765 ,14327.8
E01001767 ,15184.1
E01001770 ,13235.5
E01033703 ,21574.9
E01033713 ,5055.4
E01001792 ,11033.1
E01001793 ,9881.3
E01001794 ,14886.3
E01001795 ,12886.7
E01001796 ,16089.3
E01001736 ,17268.7
E01001737 ,17627.1
E01001738 ,19099.9
E01001739 ,16165.2
E01001786 ,1966.9
E01001787 ,7247.0
E01001788 ,13074.2
E01001790 ,27459.2
E01001740 ,17861.3
E01001747 ,16355.3
E01001830 ,18197.7
E01001833 ,18234.3
E01001834 ,20904.3
E01001835 ,16844.3
E01001733 ,12883.7
E01001785 ,17582.8
E01001789 ,18335.1
E01001791 ,14015.4
E01001745 ,19269.2
E01001746 ,34338.1
E01001757 ,31763.5
E01001758 ,20962.3
E01001759 ,15974.8
E01001761 ,16959.0
E01001731 ,15374.9
E01001734 ,13653.3
E01001760 ,13081.2
E01001762 ,11756.9
E01001846 ,2230.4
E01001847 ,12601.7
E01001848 ,12994.7
E01001849 ,4940.5
E01001729 ,15556.4
E01001730 ,21138.3
E01001732 ,29366.3
E01001735 ,11769.1
E01001838 ,26342.5
E01001850 ,25949.4
E01001749 ,13971.8
E01001763 ,16289.1
E01001816 ,11372.0
E01001819 ,11660.5
E01035640 ,13263.6
E01035641 ,19874.8
E01001836 ,14074.4
E01001840 ,14751.4
E01001841 ,9985.4
E01001844 ,12320.1
E01001845 ,14356.9
E01001837 ,12980.3
E01001839 ,21877.3
E01001842 ,23653.3
E01001843 ,16261.8
E01033704 ,10703.2
E01033712 ,9507.1
E01001772 ,27229.8
E01001774 ,11045.0
E01001775 ,12876.3
E01001815 ,16242.0
E01001820 ,16391.5
E01001821 ,19650.7
E01001753 ,20589.0
E01001755 ,16463.7
E01001773 ,20335.8
E01001776 ,16820.9
E01035642 ,32619.5
E01035643 ,17697.8
E01035644 ,38496.7
E01035645 ,19893.5
E01001781 ,10588.2
E01001783 ,26113.8
E01035646 ,15592.7
E01035647 ,29138.4
E01035648 ,29092.6
E01035649 ,17119.4
E01001798 ,22159.8
E01001828 ,18462.2
E01033702 ,14495.5
E01033705 ,8951.3
E01033710 ,26737.6
E01001722 ,21788.1
E01001728 ,21628.4
E01001822 ,23773.8
E01001827 ,9603.5
E01001756 ,12558.6
E01033699 ,15000.0
E01033700 ,22645.5
E01001744 ,14833.5
E01001750 ,14554.2
E01001751 ,9609.9
E01035650 ,12286.1
E01001780 ,16554.2
E01001784 ,23315.8
E01033709 ,20854.2
E01033711 ,24811.9
E01001777 ,17086.3
E01033706 ,10718.5
E01033708 ,5230.9
E01001875 ,10864.4
E01001876 ,2651.2
E01001877 ,1077.2
E01001878 ,11540.7
E01035484 ,2197.3
E01035485 ,5458.1
E01001955 ,9612.4
E01001957 ,22335.2
E01001958 ,37912.1
E01001961 ,22340.4
E01001954 ,17440.0
E01001956 ,11745.0
E01001959 ,10423.3
E01001960 ,22245.7
E01001943 ,5079.7
E01001944 ,25925.9
E01001945 ,14453.1
E01001946 ,15186.1
E01001862 ,19245.1
E01001940 ,18848.0
E01001941 ,10867.5
E01001942 ,19784.7
E01001858 ,14062.5
E01001860 ,19791.7
E01001861 ,18708.4
E01001863 ,17000.0
E01001864 ,20376.9
E01001852 ,21576.2
E01001853 ,18211.7
E01001854 ,26666.7
E01001857 ,21912.2
E01001859 ,25238.1
E01001865 ,13558.6
E01001927 ,6806.4
E01001930 ,6829.3
E01001895 ,16777.9
E01001896 ,16642.9
E01001897 ,13558.8
E01001929 ,15791.3
E01001851 ,14783.0
E01001855 ,21653.6
E01001856 ,19891.2
E01001869 ,5821.9
E01001873 ,24304.2
E01001928 ,9637.1
E01001931 ,19058.8
E01001932 ,8854.3
E01001933 ,8201.8
E01001866 ,10053.4
E01001867 ,12938.5
E01001868 ,21087.0
E01001870 ,16660.1
E01001871 ,11532.0
E01001872 ,19250.4
E01001893 ,18983.5
E01001894 ,8762.8
E01001898 ,7294.9
E01001899 ,12843.4
E01001900 ,12567.9
E01001889 ,9672.7
E01001910 ,16645.9
E01001913 ,12715.6
E01001914 ,22481.3
E01001885 ,23115.9
E01001908 ,31921.3
E01001909 ,20056.9
E01001911 ,10947.5
E01001912 ,15321.4
E01001886 ,15604.5
E01001887 ,13400.7
E01001890 ,13134.1
E01001892 ,18706.0
E01001880 ,11577.3
E01001881 ,16587.1
E01001882 ,20862.9
E01001883 ,14137.7
E01001884 ,22304.8
E01001888 ,15826.5
E01001891 ,14620.7
E01001917 ,13791.5
E01001918 ,14463.6
E01001919 ,10826.9
E01001879 ,18047.3
E01001901 ,19538.5
E01001902 ,22823.7
E01001903 ,13019.0
E01001920 ,8792.5
E01001921 ,14776.0
E01001922 ,8516.8
E01001923 ,13401.1
E01001924 ,15701.2
E01001947 ,25716.9
E01001948 ,16301.1
E01001949 ,18320.9
E01001950 ,13784.8
E01001951 ,14751.7
E01001953 ,15850.5
E01001904 ,11460.0
E01001905 ,19346.6
E01001906 ,23248.0
E01001907 ,18667.7
E01001935 ,18887.9
E01032788 ,13675.6
E01032789 ,40066.7
E01032790 ,14468.6
E01035486 ,8174.7
E01035487 ,14141.7
E01001915 ,3416.4
E01001916 ,3385.0
E01001926 ,14966.9
E01001952 ,16979.4
E01001925 ,11078.2
E01001934 ,10786.6
E01001937 ,9212.2
E01001938 ,14756.6
E01001969 ,13652.8
E01001971 ,15019.7
E01001974 ,12566.7
E01001975 ,15586.0
E01002036 ,10868.8
E01002037 ,2156.8
E01002039 ,22145.7
E01002040 ,15300.5
E01001962 ,3548.1
E01001970 ,9006.6
E01001972 ,8231.6
E01001973 ,6360.5
E01002090 ,7688.2
E01002093 ,8062.3
E01002096 ,9175.3
E01002097 ,14755.3
E01002091 ,8864.8
E01002092 ,7737.4
E01002094 ,5712.6
E01002095 ,5603.0
E01002098 ,7810.1
E01002101 ,9625.7
E01002102 ,6052.1
E01002105 ,15835.2
E01002099 ,12768.6
E01002100 ,12623.8
E01002103 ,10780.0
E01002104 ,8568.1
E01001963 ,3521.1
E01001964 ,2577.6
E01001965 ,13247.0
E01001966 ,2734.1
E01002027 ,13000.0
E01002028 ,13833.3
E01002032 ,17511.9
E01002033 ,14674.3
E01001976 ,18021.2
E01001977 ,16784.5
E01001978 ,14553.7
E01001979 ,11705.8
E01002074 ,16938.2
E01002077 ,16080.8
E01002079 ,17228.6
E01002081 ,13860.5
E01002082 ,7366.2
E01002086 ,6115.2
E01002088 ,8551.1
E01002089 ,29008.6
E01001967 ,8508.8
E01001968 ,11663.1
E01001996 ,6108.8
E01001997 ,9344.5
E01002075 ,5285.4
E01002076 ,17096.8
E01002078 ,9033.6
E01033943 ,5211.4
E01033944 ,17221.5
E01002026 ,15131.7
E01002029 ,8966.8
E01002030 ,5615.8
E01002031 ,13340.5
E01001991 ,13237.6
E01001992 ,4370.9
E01001993 ,6062.5
E01001995 ,6417.1
E01001980 ,16389.9
E01001981 ,18530.3
E01001982 ,17743.8
E01001983 ,16643.3
E01002083 ,9051.3
E01002084 ,5770.9
E01002085 ,16651.3
E01002087 ,16722.0
E01002014 ,10212.0
E01002015 ,11786.6
E01002018 ,11316.9
E01033086 ,19734.7
E01033945 ,18013.2
E01033946 ,16957.6
E01002020 ,5280.1
E01002022 ,10607.2
E01002023 ,8388.5
E01002025 ,3695.5
E01002013 ,11257.2
E01002019 ,5440.8
E01002021 ,7703.5
E01002024 ,8200.0
E01001998 ,12446.9
E01001999 ,16639.3
E01002003 ,11523.2
E01002004 ,15248.5
E01002067 ,12031.8
E01002069 ,12830.3
E01002070 ,15750.5
E01002073 ,14846.8
E01002066 ,13253.8
E01002068 ,7548.8
E01002071 ,16512.1
E01002072 ,10319.2
E01002043 ,16620.8
E01002045 ,15308.9
E01002046 ,9551.4
E01002049 ,15204.2
E01002042 ,6491.3
E01002044 ,19955.2
E01002047 ,16241.4
E01002048 ,15576.5
E01002016 ,11319.5
E01002017 ,11475.5
E01002059 ,6658.1
E01002060 ,13598.7
E01002050 ,18273.6
E01002051 ,15273.5
E01002052 ,10308.6
E01002055 ,21974.9
E01001994 ,5317.5
E01002008 ,2084.2
E01002010 ,2671.8
E01002011 ,2693.4
E01002000 ,10883.8
E01002001 ,15028.2
E01002002 ,2595.5
E01002058 ,10194.2
E01002053 ,14150.9
E01002054 ,20434.3
E01002056 ,13778.3
E01002057 ,11311.5
E01001984 ,8758.1
E01001985 ,8618.5
E01001987 ,5573.7
E01001989 ,5993.7
E01001986 ,11566.9
E01001988 ,9663.8
E01001990 ,12828.9
E01002062 ,8770.2
E01002005 ,15510.6
E01002006 ,13947.4
E01002007 ,8575.7
E01002009 ,5961.2
E01002061 ,9206.9
E01002063 ,10667.6
E01002064 ,15841.4
E01002065 ,11901.6
E01002034 ,8818.1
E01002038 ,12932.3
E01002041 ,14685.5
E01032575 ,14744.5
E01002112 ,2545.6
E01002114 ,772.9
E01002225 ,859.5
E01002226 ,4302.8
E01002113 ,2534.5
E01002115 ,4252.1
E01002116 ,5214.8
E01002118 ,6896.6
E01034589 ,7024.9
E01034590 ,9623.3
E01002227 ,6959.3
E01002228 ,5368.5
E01002229 ,2899.3
E01002230 ,4274.4
E01002144 ,547.3
E01002146 ,1736.8
E01002147 ,2167.2
E01002149 ,4482.5
E01002140 ,7178.3
E01002141 ,6246.9
E01002142 ,5090.4
E01002143 ,9021.0
E01002145 ,5368.0
E01002139 ,6470.1
E01002148 ,4362.3
E01002150 ,5781.7
E01002151 ,5142.9
E01002152 ,3482.1
E01002119 ,10727.1
E01002120 ,7955.6
E01002121 ,6449.6
E01002122 ,9103.8
E01002123 ,9970.9
E01002106 ,7570.9
E01002108 ,9122.5
E01002109 ,3671.5
E01002110 ,6833.7
E01002111 ,8076.4
E01002185 ,10778.6
E01002186 ,6119.5
E01002187 ,4103.9
E01002190 ,1251.8
E01002124 ,10672.6
E01002125 ,11622.4
E01002198 ,10378.0
E01002200 ,6302.7
E01002203 ,6498.0
E01002232 ,9786.4
E01002233 ,11990.1
E01002234 ,11948.8
E01002235 ,10936.6
E01002236 ,10577.3
E01002107 ,6411.7
E01002197 ,7642.9
E01002199 ,9202.8
E01002201 ,6456.8
E01002202 ,11600.6
E01002179 ,10345.9
E01002183 ,11321.2
E01002184 ,9255.9
E01002231 ,9576.2
E01034591 ,7373.4
E01034592 ,8730.7
E01002156 ,4109.0
E01002162 ,10530.1
E01002163 ,6736.0
E01034593 ,1324.4
E01034594 ,8088.1
E01002188 ,3287.0
E01002189 ,3901.0
E01002192 ,3717.7
E01002193 ,6122.8
E01002165 ,8558.3
E01002166 ,10166.7
E01002167 ,9793.1
E01002168 ,8860.9
E01002169 ,8119.8
E01002153 ,6453.8
E01002155 ,2310.0
E01002157 ,6446.5
E01002158 ,4732.6
E01002128 ,11569.2
E01002130 ,8756.8
E01002181 ,5711.5
E01002182 ,10683.3
E01002159 ,8286.1
E01002160 ,8179.1
E01002161 ,8731.4
E01002164 ,7315.6
E01002191 ,4130.4
E01002194 ,4321.7
E01002195 ,5949.0
E01002196 ,4878.2
E01002127 ,6630.6
E01002129 ,6654.5
E01002131 ,10407.5
E01034595 ,10756.9
E01034596 ,35261.7
E01034597 ,11910.3
E01034598 ,13716.1
E01002237 ,14690.8
E01002238 ,5492.1
E01002240 ,11621.1
E01002242 ,6918.8
E01002208 ,4652.8
E01002209 ,6841.9
E01002239 ,5371.8
E01002241 ,8083.3
E01002133 ,5169.7
E01002136 ,5472.9
E01002138 ,10959.8
E01034599 ,10301.9
E01034600 ,15831.3
E01002211 ,8669.8
E01002212 ,6870.5
E01002216 ,6445.9
E01002217 ,14599.6
E01002132 ,5023.4
E01002134 ,1199.7
E01002135 ,4787.4
E01002137 ,2946.0
E01002218 ,5565.1
E01002219 ,6584.8
E01002221 ,9543.3
E01002222 ,7675.8
E01002214 ,10541.1
E01002215 ,10110.7
E01002220 ,8661.0
E01002223 ,8798.4
E01002224 ,8893.8
E01002204 ,10561.5
E01002206 ,7926.9
E01002207 ,9774.0
E01002210 ,7543.9
E01032576 ,7422.6
E01002170 ,7827.3
E01002171 ,9063.3
E01002172 ,4473.1
E01002173 ,9478.6
E01002174 ,7538.5
E01002175 ,6886.5
E01002176 ,4445.3
E01002177 ,7238.0
E01002178 ,8045.2
E01002276 ,475.4
E01002278 ,7580.1
E01002312 ,1943.2
E01002313 ,5747.7
E01002277 ,1103.7
E01002279 ,4856.7
E01002281 ,6039.7
E01002283 ,7491.2
E01002299 ,5380.5
E01002301 ,5970.1
E01002303 ,7523.6
E01002304 ,290.7
E01002306 ,10273.7
E01002307 ,7964.8
E01002280 ,11839.6
E01002282 ,7066.0
E01002284 ,7569.5
E01002297 ,7559.9
E01002314 ,9856.5
E01002316 ,8441.2
E01002302 ,6020.3
E01002305 ,618.9
E01002308 ,4090.9
E01002326 ,6144.9
E01002331 ,5380.1
E01002309 ,6416.5
E01002310 ,6666.7
E01002311 ,2024.4
E01002315 ,7900.3
E01002294 ,1249.3
E01002296 ,418.1
E01002298 ,3535.2
E01002300 ,6041.7
E01033784 ,2919.5
E01033785 ,8973.4
E01002333 ,4838.0
E01002334 ,1788.0
E01002336 ,6397.8
E01002339 ,4132.4
E01002341 ,6084.8
E01002327 ,5535.4
E01002328 ,6268.3
E01002332 ,6286.7
E01002335 ,7115.4
E01002338 ,5785.8
E01002340 ,6217.9
E01002268 ,1758.0
E01002269 ,2415.5
E01002295 ,7198.8
E01002377 ,4124.6
E01002378 ,7114.3
E01002383 ,5699.6
E01002244 ,5419.8
E01002245 ,6453.8
E01002325 ,2829.6
E01002329 ,4625.8
E01002330 ,3805.5
E01002337 ,1177.0
E01002354 ,4476.0
E01002376 ,4276.0
E01002379 ,4474.3
E01002380 ,7597.2
E01002381 ,4205.3
E01002243 ,8348.9
E01002353 ,4446.6
E01002356 ,5782.4
E01032741 ,5250.4
E01032742 ,7814.2
E01002272 ,6035.5
E01002274 ,5421.7
E01002317 ,4122.7
E01002318 ,5544.0
E01002355 ,6523.8
E01002382 ,5771.1
E01002270 ,2564.1
E01002271 ,2900.1
E01002273 ,1608.1
E01002275 ,3061.6
E01002319 ,4927.2
E01002350 ,6040.6
E01002351 ,9038.9
E01002352 ,6870.7
E01002358 ,9282.6
E01002246 ,3392.3
E01002247 ,7604.8
E01002248 ,3273.6
E01002250 ,1710.5
E01002251 ,4901.7
E01033786 ,9418.9
E01033787 ,8085.2
E01033788 ,6165.4
E01002252 ,1377.5
E01002256 ,5431.1
E01002258 ,6121.8
E01002259 ,823.9
E01002391 ,201.5
E01002253 ,1535.7
E01002254 ,2898.3
E01002257 ,2286.9
E01002384 ,3431.0
E01002359 ,5766.4
E01002360 ,3852.5
E01002361 ,5454.3
E01002363 ,5967.7
E01002367 ,4602.6
E01002320 ,7366.1
E01002321 ,3953.3
E01002322 ,4523.3
E01002323 ,5859.4
E01002324 ,3268.3
E01002255 ,2613.5
E01002289 ,6126.7
E01002292 ,4906.5
E01002362 ,4457.3
E01002386 ,3766.7
E01002287 ,7088.3
E01002291 ,4991.7
E01002364 ,5746.4
E01002365 ,5895.5
E01002366 ,5479.6
E01002385 ,158.6
E01002387 ,1174.9
E01002388 ,4498.1
E01002389 ,1824.3
E01002390 ,4376.5
E01002265 ,2927.6
E01002285 ,2983.6
E01002286 ,6824.1
E01002288 ,4700.0
E01002290 ,5349.6
E01002260 ,1623.5
E01002261 ,8628.0
E01002262 ,7876.3
E01002263 ,1888.4
E01002264 ,8261.7
E01002266 ,4481.6
E01002267 ,8611.1
E01002372 ,7715.1
E01002373 ,5457.2
E01002374 ,1790.9
E01002368 ,1904.0
E01002369 ,4229.6
E01002370 ,1001.2
E01002371 ,6048.9
E01002375 ,7364.6
E01002343 ,3646.4
E01002344 ,192.6
E01002348 ,565.8
E01002349 ,2668.4
E01002342 ,9410.2
E01002345 ,4424.6
E01002346 ,7473.5
E01002347 ,3299.0
E01002473 ,432.9
E01002475 ,2158.6
E01002476 ,2623.9
E01002477 ,4268.6
E01002482 ,2591.3
E01002472 ,3108.5
E01002474 ,1887.5
E01002478 ,4377.2
E01002483 ,5349.3
E01002484 ,6071.4
E01002485 ,6705.2
E01002438 ,389.8
E01002439 ,2202.8
E01002440 ,897.1
E01002441 ,226.2
E01002442 ,821.8
E01002433 ,5422.4
E01002436 ,3677.2
E01002479 ,2354.1
E01002480 ,2928.5
E01002481 ,4470.5
E01002533 ,1090.7
E01002534 ,3721.0
E01002538 ,1654.3
E01002539 ,4590.4
E01002418 ,6429.1
E01002419 ,5715.3
E01002431 ,4773.6
E01002432 ,4641.8
E01002437 ,3280.1
E01002430 ,1523.4
E01002434 ,1593.7
E01002435 ,4294.1
E01002470 ,4764.9
E01002535 ,5358.8
E01002416 ,8441.4
E01002417 ,5495.5
E01002420 ,5494.7
E01002421 ,4900.7
E01002471 ,6170.1
E01002465 ,5771.0
E01002467 ,4344.5
E01002494 ,677.6
E01002536 ,3392.9
E01002537 ,5494.6
E01002415 ,6376.5
E01002466 ,7495.7
E01002468 ,8700.5
E01002469 ,7159.5
E01002495 ,4152.9
E01002458 ,1477.2
E01002459 ,3270.0
E01002460 ,3724.5
E01002462 ,3588.9
E01002464 ,2068.8
E01002461 ,598.8
E01002463 ,2410.1
E01002512 ,1729.9
E01002513 ,2535.7
E01002516 ,2497.4
E01002450 ,6976.7
E01002451 ,7124.6
E01002452 ,4501.0
E01002453 ,6607.4
E01002454 ,1163.4
E01002414 ,2936.0
E01002514 ,6872.4
E01034601 ,4318.9
E01034602 ,4862.7
E01034603 ,3302.2
E01034604 ,6021.1
E01034605 ,6185.8
E01002520 ,4022.9
E01002521 ,3795.5
E01002523 ,9251.3
E01034606 ,12129.5
E01034607 ,3943.8
E01002410 ,4766.5
E01002412 ,3259.9
E01002456 ,5548.4
E01002509 ,3282.0
E01002511 ,6657.1
E01002422 ,8086.9
E01002423 ,2685.7
E01002424 ,4587.3
E01002425 ,4696.3
E01002427 ,7842.8
E01002428 ,2679.3
E01002408 ,8205.8
E01002409 ,8291.4
E01002429 ,4251.4
E01002455 ,5406.4
E01002457 ,7074.4
E01002392 ,3759.1
E01002393 ,6531.7
E01002540 ,8061.0
E01002542 ,11970.6
E01002543 ,7031.1
E01002394 ,5946.9
E01002395 ,8011.6
E01002397 ,11062.1
E01002398 ,11317.9
E01002399 ,9490.7
E01002426 ,9548.8
E01002411 ,4382.5
E01002413 ,5267.6
E01002518 ,5724.8
E01002519 ,3113.3
E01002550 ,7536.8
E01034608 ,2237.9
E01034609 ,11747.9
E01002541 ,5255.6
E01002544 ,2736.7
E01002545 ,5271.7
E01002546 ,9074.8
E01002547 ,9549.2
E01002400 ,3308.5
E01002401 ,7047.6
E01002402 ,8190.0
E01002403 ,12109.6
E01002404 ,9735.6
E01002548 ,1840.8
E01002549 ,3097.1
E01002551 ,6719.1
E01002552 ,6708.9
E01002553 ,9287.2
E01002396 ,5386.2
E01002501 ,7766.4
E01002502 ,10524.4
E01002505 ,2516.2
E01002508 ,6205.3
E01002405 ,1953.9
E01002503 ,10052.1
E01002506 ,7289.3
E01002507 ,1795.9
E01034610 ,6071.4
E01034611 ,8149.3
E01034612 ,6131.8
E01034613 ,1007.4
E01002486 ,2195.2
E01002487 ,9897.0
E01002526 ,9946.3
E01002528 ,5397.4
E01034614 ,16138.4
E01034615 ,4659.2
E01002445 ,9180.1
E01002525 ,3534.0
E01002529 ,9863.8
E01002530 ,6664.2
E01002531 ,4919.6
E01002488 ,5849.1
E01002489 ,7181.6
E01002490 ,6374.5
E01002492 ,6735.3
E01034616 ,13378.0
E01034617 ,6224.3
E01002444 ,119.9
E01002446 ,1006.2
E01002447 ,1101.0
E01002527 ,1830.3
E01002443 ,784.3
E01002448 ,3003.2
E01002449 ,5638.5
E01002491 ,9020.4
E01002493 ,11299.4
E01002496 ,3336.7
E01002497 ,3689.8
E01002498 ,3571.6
E01002499 ,899.9
E01032577 ,4945.9
E01002569 ,10276.3
E01002570 ,11164.7
E01002573 ,8431.4
E01002574 ,10658.1
E01002575 ,7135.3
E01002620 ,9058.9
E01002625 ,8752.6
E01002626 ,4630.5
E01002627 ,14374.0
E01002631 ,8865.8
E01002633 ,2254.7
E01002634 ,7301.7
E01002637 ,2752.3
E01002638 ,2770.9
E01002563 ,3789.7
E01002565 ,5552.8
E01002567 ,8349.3
E01002686 ,1797.5
E01034032 ,7178.5
E01034033 ,12141.4
E01002571 ,6351.5
E01002572 ,1701.5
E01002577 ,4676.4
E01002578 ,3064.7
E01002689 ,11183.6
E01002690 ,7665.4
E01002576 ,9033.3
E01002579 ,4267.0
E01002580 ,12286.2
E01002581 ,10312.5
E01002582 ,9736.4
E01002675 ,8556.2
E01002678 ,555.5
E01002679 ,4009.5
E01002680 ,5081.9
E01002619 ,8807.9
E01002622 ,9343.1
E01002632 ,5226.2
E01002635 ,3773.3
E01002636 ,10119.2
E01002618 ,8937.1
E01002621 ,7069.4
E01002623 ,9586.7
E01002628 ,6118.5
E01002629 ,4994.4
E01002630 ,8801.0
E01002639 ,9295.8
E01002640 ,10103.0
E01002674 ,7318.6
E01002676 ,1730.9
E01002583 ,4477.7
E01002584 ,6476.7
E01002585 ,8819.8
E01002586 ,4287.0
E01002589 ,2539.0
E01002668 ,6657.9
E01002669 ,6189.2
E01002681 ,7846.1
E01002682 ,5392.2
E01034034 ,16984.8
E01034035 ,10394.2
E01002643 ,8456.1
E01002645 ,8724.9
E01002658 ,7707.3
E01002677 ,8909.4
E01034036 ,16306.1
E01034037 ,12318.9
E01002587 ,10604.4
E01002588 ,14257.6
E01002660 ,7785.2
E01002661 ,8473.1
E01002665 ,12548.6
E01002624 ,7987.4
E01002646 ,16083.0
E01002662 ,10249.2
E01002663 ,12478.3
E01034038 ,11795.5
E01034039 ,15977.9
E01002641 ,13191.2
E01002649 ,10024.4
E01002657 ,8291.1
E01033083 ,16340.2
E01033084 ,14626.2
E01034040 ,13515.5
E01034041 ,13513.3
E01002653 ,8865.5
E01002654 ,4476.7
E01002655 ,7354.3
E01002656 ,6890.2
E01002659 ,5126.5
E01002667 ,7008.6
E01002670 ,4402.8
E01002671 ,7776.8
E01002672 ,6023.5
E01002673 ,29945.8
E01002647 ,12699.1
E01002650 ,1478.9
E01002651 ,14572.5
E01002652 ,9943.0
E01002666 ,7322.1
E01002555 ,2884.2
E01002556 ,9251.9
E01002590 ,7556.7
E01002592 ,1248.0
E01002595 ,8345.0
E01002557 ,6146.8
E01002558 ,9349.2
E01002559 ,1083.4
E01002560 ,6031.8
E01002561 ,7016.0
E01002591 ,5853.8
E01002593 ,5091.1
E01002594 ,8636.0
E01002611 ,2351.4
E01002612 ,6333.5
E01002613 ,8613.6
E01002598 ,8583.5
E01002599 ,8652.1
E01002600 ,10415.4
E01002603 ,8742.7
E01033000 ,20782.9
E01033030 ,25686.5
E01002604 ,5452.7
E01002605 ,7172.5
E01002606 ,8124.1
E01002607 ,7117.5
E01002615 ,1710.0
E01002596 ,4644.6
E01002601 ,1197.3
E01002602 ,7131.3
E01002614 ,3561.6
E01002616 ,7141.6
E01002608 ,5509.4
E01002609 ,8569.4
E01002610 ,1163.9
E01002617 ,3622.3
E01002687 ,9462.7
E01002691 ,3204.8
E01002692 ,6431.4
E01002693 ,8718.9
E01032573 ,7794.1
E01002562 ,1557.2
E01034042 ,2702.4
E01034043 ,21899.7
E01034044 ,20602.0
E01002564 ,7899.1
E01033081 ,16308.8
E01033082 ,5329.7
E01034045 ,28191.8
E01034046 ,14338.2
E01002755 ,13445.5
E01002756 ,11396.4
E01002758 ,14551.6
E01002804 ,13978.2
E01002807 ,18492.4
E01002811 ,17071.5
E01002753 ,17857.1
E01002754 ,12583.3
E01002757 ,15923.1
E01002759 ,14135.3
E01002760 ,19140.0
E01002772 ,18177.4
E01002735 ,27287.8
E01002805 ,11195.3
E01002806 ,14735.9
E01002808 ,14580.8
E01002809 ,19100.1
E01002810 ,21162.2
E01002768 ,15535.2
E01002770 ,8768.4
E01002771 ,12898.9
E01002773 ,17046.6
E01002774 ,11989.9
E01002732 ,13326.0
E01002734 ,20084.9
E01002736 ,20177.6
E01002737 ,25318.6
E01002751 ,23764.6
E01002742 ,18709.1
E01002747 ,15160.7
E01002748 ,11705.6
E01002749 ,18317.3
E01033493 ,36270.7
E01033494 ,14390.2
E01002730 ,12432.6
E01002733 ,16231.7
E01002763 ,13191.5
E01035651 ,19565.2
E01035652 ,13638.3
E01002769 ,8637.8
E01002785 ,13089.4
E01002788 ,14861.3
E01002789 ,13814.5
E01002738 ,7339.3
E01002741 ,14407.9
E01002743 ,15689.3
E01002744 ,13262.6
E01002752 ,17971.2
E01002764 ,13695.3
E01002783 ,17286.6
E01002784 ,13562.6
E01002786 ,17821.7
E01002787 ,13264.2
E01002762 ,11700.0
E01002767 ,18099.2
E01033486 ,15540.5
E01033487 ,49139.3
E01033488 ,16351.9
E01033491 ,10304.3
E01035653 ,12595.2
E01035654 ,31432.4
E01002777 ,14220.3
E01002778 ,18476.2
E01002779 ,15840.9
E01002781 ,19078.9
E01002782 ,16254.3
E01002739 ,15677.7
E01002740 ,10184.7
E01002745 ,13233.4
E01002795 ,10975.1
E01002796 ,14217.9
E01002716 ,17291.5
E01002718 ,15897.2
E01002721 ,13490.1
E01002775 ,11891.9
E01002776 ,16039.7
E01002780 ,21506.3
E01002708 ,6270.4
E01002712 ,11993.0
E01002713 ,19636.9
E01002765 ,16717.4
E01002766 ,15947.3
E01002717 ,9710.4
E01002719 ,10219.3
E01002720 ,20916.3
E01002790 ,17896.1
E01002791 ,12995.8
E01002793 ,17307.7
E01002698 ,18537.7
E01002699 ,16229.5
E01002700 ,7652.9
E01002714 ,13452.8
E01002792 ,17504.7
E01002722 ,17048.4
E01002797 ,16780.1
E01002798 ,14274.4
E01002799 ,22553.2
E01002800 ,21313.3
E01002694 ,23751.8
E01002697 ,17664.0
E01002709 ,21061.2
E01002710 ,11495.3
E01002715 ,29152.2
E01002696 ,11796.1
E01002794 ,11295.7
E01002801 ,13644.9
E01002802 ,17075.6
E01035655 ,13476.2
E01035656 ,28947.4
E01002695 ,12440.9
E01002711 ,13401.6
E01002727 ,13074.3
E01002728 ,14472.5
E01002729 ,11375.4
E01002707 ,15328.3
E01002723 ,16000.0
E01002724 ,7284.1
E01002725 ,22278.7
E01002726 ,10142.3
E01033489 ,15449.7
E01033490 ,11648.6
E01002701 ,17732.2
E01002702 ,21312.6
E01002703 ,27220.9
E01002704 ,7030.7
E01002706 ,14963.3
E01002852 ,4309.6
E01002853 ,22488.2
E01002854 ,8583.7
E01002855 ,15033.1
E01002857 ,22933.3
E01002904 ,13028.2
E01002905 ,9922.8
E01002906 ,9044.9
E01002907 ,24664.1
E01002876 ,14679.5
E01002877 ,13019.7
E01002878 ,11850.9
E01002908 ,14460.6
E01002909 ,21460.2
E01002829 ,24065.7
E01002830 ,23140.9
E01002831 ,15575.7
E01002832 ,21587.3
E01002856 ,18356.9
E01002870 ,12602.8
E01002872 ,13911.2
E01002879 ,22894.1
E01002880 ,17736.4
E01002881 ,23225.3
E01002882 ,8841.9
E01002883 ,12757.1
E01002884 ,17974.0
E01002885 ,24407.4
E01002886 ,10748.0
E01002833 ,16712.7
E01002871 ,11202.1
E01002873 ,10469.2
E01002874 ,13679.1
E01002875 ,7889.8
E01002824 ,8144.5
E01002825 ,9301.7
E01002826 ,5709.1
E01002827 ,6786.7
E01002828 ,12372.5
E01002864 ,4994.9
E01002866 ,11616.0
E01002867 ,15864.0
E01002868 ,5497.0
E01002869 ,17159.8
E01002887 ,13576.1
E01002889 ,13070.5
E01002890 ,8898.8
E01002891 ,11983.8
E01002892 ,17598.9
E01002813 ,13405.6
E01002815 ,18140.6
E01002816 ,17777.8
E01002817 ,8556.9
E01002865 ,11069.5
E01002818 ,7324.2
E01002819 ,5074.6
E01002859 ,9750.2
E01002860 ,10287.8
E01002863 ,8993.6
E01002812 ,16440.3
E01002834 ,19951.8
E01002839 ,24428.6
E01002850 ,18833.8
E01002888 ,19623.1
E01002821 ,5646.3
E01002823 ,15223.9
E01002858 ,22500.0
E01002861 ,14570.8
E01002862 ,24750.0
E01002814 ,15253.1
E01002847 ,19293.6
E01002848 ,15256.1
E01002851 ,22225.9
E01002835 ,9387.9
E01002836 ,18118.9
E01002837 ,16101.7
E01035713 ,7135.7
E01002846 ,12218.0
E01002849 ,23759.6
E01002893 ,16081.6
E01002894 ,13024.6
E01002898 ,12993.0
E01002899 ,16751.7
E01002900 ,13141.5
E01002901 ,3206.2
E01002902 ,8871.2
E01002903 ,11537.1
E01002844 ,9264.9
E01002845 ,16605.1
E01002910 ,9613.8
E01002911 ,10637.4
E01002914 ,6704.1
E01002896 ,13949.0
E01002897 ,10419.0
E01002912 ,13199.6
E01035714 ,11528.6
E01002840 ,11764.0
E01002841 ,10933.6
E01002842 ,55769.2
E01002843 ,19242.2
E01002913 ,16141.2
E01003006 ,4744.5
E01003007 ,8017.8
E01003008 ,7195.4
E01003009 ,6785.5
E01003010 ,4765.2
E01002952 ,979.7
E01002953 ,1139.6
E01002955 ,3041.1
E01002956 ,2172.1
E01002959 ,3241.5
E01002935 ,10215.1
E01002938 ,8445.9
E01002951 ,6726.4
E01002954 ,5950.5
E01002957 ,6939.2
E01002933 ,12402.7
E01002934 ,9196.1
E01002937 ,12134.3
E01003011 ,6707.6
E01033569 ,10854.2
E01034576 ,14793.9
E01034577 ,30420.4
E01002964 ,8005.7
E01002969 ,27460.1
E01002971 ,5660.4
E01002972 ,12246.1
E01002974 ,9832.8
E01002932 ,8876.4
E01002960 ,6022.0
E01002962 ,6601.1
E01002970 ,6310.6
E01002973 ,5293.3
E01002929 ,2825.7
E01002930 ,7367.0
E01002931 ,6567.7
E01002963 ,9866.4
E01002985 ,9994.2
E01002927 ,7616.7
E01002928 ,7622.4
E01002958 ,9389.5
E01002961 ,5186.3
E01002986 ,3122.2
E01002965 ,7229.7
E01002967 ,9436.8
E01002968 ,5234.0
E01002990 ,10112.5
E01002991 ,6868.7
E01002922 ,5173.5
E01002926 ,5552.1
E01002966 ,3930.6
E01002992 ,4751.5
E01002921 ,10034.9
E01002987 ,8917.6
E01002988 ,5881.5
E01002989 ,12541.3
E01002975 ,5023.6
E01002977 ,5682.3
E01002980 ,6101.5
E01002981 ,4250.9
E01002984 ,5272.7
E01002923 ,14302.8
E01002925 ,6792.0
E01002993 ,9488.3
E01002995 ,3907.6
E01002999 ,8104.5
E01002915 ,4759.3
E01002916 ,3360.6
E01002917 ,5183.2
E01002920 ,3428.8
E01002924 ,4742.3
E01002976 ,6164.9
E01002978 ,5104.5
E01002979 ,4521.0
E01002982 ,5753.6
E01002983 ,2570.5
E01002994 ,4719.7
E01002996 ,7599.6
E01002997 ,6523.8
E01002998 ,11225.6
E01003002 ,6277.2
E01002918 ,4100.3
E01002919 ,2593.5
E01003000 ,1629.9
E01003001 ,5206.5
E01003003 ,7396.1
E01002939 ,6287.2
E01002941 ,2664.4
E01002942 ,6617.9
E01003004 ,5265.9
E01003005 ,6662.3
E01002944 ,4418.7
E01002945 ,6347.9
E01002946 ,3229.2
E01002947 ,5581.9
E01002940 ,7502.2
E01002943 ,4749.2
E01002948 ,420.2
E01002949 ,6197.2
E01002950 ,1683.6
E01003015 ,18000.0
E01003108 ,19375.8
E01003110 ,13603.2
E01003111 ,26938.8
E01003112 ,12061.8
E01003101 ,12355.5
E01003105 ,17807.9
E01003106 ,17941.2
E01003107 ,14293.4
E01033862 ,8309.5
E01033863 ,13105.8
E01003102 ,10271.1
E01003104 ,21263.8
E01003122 ,18477.2
E01003129 ,20810.2
E01033208 ,33774.7
E01033864 ,16753.2
E01033865 ,10958.9
E01033866 ,27250.6
E01003098 ,18447.2
E01003099 ,5589.9
E01003100 ,19822.8
E01003180 ,11371.7
E01003183 ,10566.5
E01003097 ,15881.8
E01003121 ,25553.7
E01003123 ,11021.4
E01003124 ,16642.1
E01003125 ,24458.2
E01003181 ,18697.8
E01003184 ,25529.6
E01003185 ,21931.8
E01003186 ,11685.8
E01003187 ,16339.9
E01003089 ,14670.2
E01003091 ,21281.1
E01003092 ,14908.1
E01003126 ,17034.8
E01003128 ,18927.3
E01003046 ,17721.5
E01003048 ,15757.8
E01003075 ,21971.8
E01003182 ,9900.3
E01003188 ,15629.6
E01003088 ,16822.0
E01003093 ,31294.3
E01003094 ,18228.8
E01003096 ,14663.9
E01003127 ,15577.1
E01003045 ,17440.8
E01003047 ,9900.4
E01003049 ,14869.6
E01003059 ,28554.8
E01003060 ,19906.1
E01003061 ,16738.0
E01003034 ,14315.6
E01003035 ,14333.1
E01003036 ,15566.4
E01003090 ,16905.1
E01003095 ,10600.4
E01003037 ,12604.9
E01003038 ,12806.6
E01003039 ,11043.8
E01003040 ,8256.0
E01003042 ,11579.5
E01003072 ,8371.1
E01003073 ,9490.8
E01003076 ,7181.6
E01003077 ,18017.4
E01003078 ,7795.9
E01003019 ,13530.6
E01003053 ,14443.5
E01003054 ,25011.4
E01003056 ,20541.5
E01003058 ,21723.4
E01003020 ,12663.4
E01003050 ,16146.8
E01003052 ,17680.7
E01003055 ,11695.9
E01003176 ,15177.0
E01003029 ,12293.2
E01003032 ,9561.1
E01003041 ,15833.3
E01003057 ,17705.1
E01003043 ,15648.0
E01003044 ,20997.0
E01003051 ,11455.8
E01003071 ,13096.8
E01003074 ,3316.5
E01003026 ,4318.2
E01003027 ,11241.9
E01003028 ,10849.2
E01003030 ,10305.2
E01003033 ,10895.6
E01003018 ,13487.0
E01003171 ,15781.4
E01003173 ,13032.7
E01003177 ,16491.8
E01003178 ,13949.8
E01003021 ,13395.5
E01003022 ,13956.9
E01003023 ,20352.9
E01003024 ,14834.8
E01003025 ,13056.8
E01003136 ,14252.6
E01003137 ,14028.4
E01003159 ,12251.4
E01003160 ,14356.4
E01003162 ,16983.5
E01003031 ,17392.3
E01003156 ,13672.9
E01003157 ,9450.4
E01003158 ,13086.2
E01003161 ,11067.2
E01003163 ,7983.0
E01003132 ,10147.0
E01003172 ,15955.7
E01003174 ,13443.3
E01003175 ,13000.8
E01003179 ,22161.4
E01003164 ,12380.2
E01003165 ,8973.8
E01003168 ,7990.4
E01003169 ,12372.4
E01003170 ,5927.3
E01003130 ,12692.0
E01003131 ,11748.6
E01003135 ,18701.6
E01003138 ,11164.0
E01003151 ,14527.9
E01003079 ,7582.3
E01003080 ,13174.0
E01003133 ,9528.2
E01003134 ,9906.9
E01003152 ,8659.7
E01003064 ,9586.9
E01003066 ,5472.7
E01003081 ,9041.4
E01003166 ,11093.8
E01003167 ,8844.2
E01003116 ,6338.8
E01003117 ,11044.2
E01003118 ,8812.7
E01003153 ,17759.6
E01003155 ,11078.8
E01003083 ,10384.1
E01003084 ,10680.4
E01003085 ,7976.0
E01003149 ,6611.4
E01003154 ,10645.3
E01003065 ,13657.1
E01003068 ,8849.0
E01003082 ,10956.2
E01003086 ,10693.7
E01003087 ,12407.5
E01003113 ,10917.9
E01003114 ,12205.4
E01003119 ,12096.0
E01003120 ,16547.7
E01003148 ,9459.3
E01003150 ,11979.0
E01003062 ,13525.1
E01003063 ,11047.1
E01003067 ,10366.7
E01003069 ,5821.3
E01003070 ,12048.3
E01003115 ,14894.2
E01003141 ,11312.1
E01003144 ,3062.8
E01003145 ,9981.9
E01003147 ,11706.2
E01003139 ,11982.8
E01003140 ,10888.7
E01003142 ,10000.0
E01003143 ,9293.7
E01003146 ,13461.2
E01003013 ,5640.2
E01003014 ,8055.7
E01003016 ,7225.2
E01003017 ,12536.5
E01032582 ,7151.4
E01003244 ,28473.1
E01003245 ,18101.7
E01003247 ,10632.0
E01003249 ,18431.9
E01034387 ,36873.6
E01034388 ,22839.3
E01034389 ,18473.5
E01003246 ,9991.7
E01003248 ,6430.3
E01003251 ,7555.6
E01003252 ,22053.1
E01003253 ,9588.7
E01003297 ,4566.7
E01003299 ,11838.6
E01003301 ,12230.5
E01003302 ,14829.2
E01003305 ,20193.8
E01003207 ,19296.9
E01003209 ,15007.9
E01003210 ,9411.1
E01003212 ,8933.8
E01003215 ,8882.1
E01003338 ,14416.8
E01003339 ,11304.3
E01003340 ,11817.1
E01003341 ,7590.6
E01003343 ,11452.2
E01003199 ,6221.6
E01003201 ,10721.1
E01003204 ,6272.4
E01003205 ,15455.6
E01003206 ,6859.8
E01003211 ,7722.1
E01003213 ,9160.4
E01003214 ,11366.5
E01033324 ,8593.0
E01033325 ,22483.6
E01003198 ,8824.6
E01003200 ,1997.6
E01003202 ,6750.4
E01003203 ,13265.9
E01003336 ,12158.7
E01003337 ,10831.4
E01003342 ,10366.7
E01003344 ,8913.7
E01003345 ,12227.1
E01003273 ,8145.9
E01003277 ,11714.5
E01003278 ,13863.0
E01003279 ,8614.9
E01003282 ,11175.4
E01003283 ,9101.4
E01003284 ,11709.3
E01003286 ,9127.2
E01003272 ,13418.6
E01003274 ,10831.1
E01003275 ,8734.6
E01003276 ,4125.0
E01003225 ,7487.1
E01003231 ,8970.5
E01003232 ,8382.5
E01003233 ,13292.3
E01003280 ,8265.5
E01003281 ,4312.5
E01003285 ,7951.9
E01003287 ,8099.5
E01003292 ,13466.2
E01003293 ,14122.4
E01003295 ,9840.2
E01033320 ,10702.6
E01033322 ,17957.1
E01003319 ,13653.0
E01003320 ,8490.4
E01003323 ,8908.6
E01003325 ,13572.5
E01003226 ,10154.7
E01003227 ,6643.7
E01003228 ,11097.0
E01003229 ,7893.3
E01003230 ,9473.4
E01003318 ,5876.5
E01003321 ,10498.5
E01003322 ,11040.5
E01003324 ,18092.2
E01034390 ,9260.6
E01034391 ,6882.7
E01003254 ,4457.5
E01003255 ,11012.7
E01003260 ,7722.0
E01003261 ,8440.3
E01003262 ,9465.8
E01003217 ,12010.0
E01003218 ,10907.2
E01003220 ,9287.3
E01003222 ,8600.3
E01003224 ,11387.2
E01003263 ,5104.9
E01003268 ,6317.8
E01003269 ,7582.8
E01003270 ,5837.5
E01003271 ,5527.2
E01003307 ,11050.4
E01003308 ,11351.5
E01003314 ,10606.1
E01003315 ,9082.1
E01003316 ,10214.4
E01003216 ,7901.7
E01003219 ,8224.3
E01003221 ,6472.9
E01003223 ,5595.8
E01003346 ,4822.3
E01003349 ,11244.5
E01003351 ,9204.8
E01003354 ,5617.1
E01003309 ,10207.9
E01003310 ,9931.3
E01003311 ,8531.0
E01003312 ,8850.8
E01003313 ,6702.2
E01003256 ,9586.5
E01003257 ,7352.0
E01003258 ,12870.2
E01003259 ,8472.7
E01003193 ,5163.6
E01003194 ,5357.8
E01003195 ,7581.6
E01003196 ,6598.1
E01003197 ,7806.0
E01003347 ,12246.3
E01003348 ,5530.5
E01003350 ,5456.4
E01003352 ,10246.3
E01003353 ,6899.9
E01003264 ,7231.5
E01003265 ,7134.8
E01003266 ,10064.3
E01003267 ,5324.0
E01003329 ,9313.3
E01003330 ,6133.4
E01003331 ,9675.8
E01003332 ,7792.5
E01003334 ,10506.2
E01003189 ,9251.3
E01003190 ,7108.2
E01003191 ,8402.4
E01003192 ,1760.5
E01003326 ,13202.3
E01003327 ,7925.2
E01003328 ,9277.9
E01003333 ,12211.6
E01003335 ,12918.1
E01003236 ,9542.4
E01003237 ,6516.2
E01003238 ,11410.9
E01003239 ,7337.3
E01032564 ,8537.7
E01003235 ,2910.4
E01003240 ,9550.5
E01003241 ,5583.3
E01003243 ,6174.3
E01032565 ,6708.3
E01003298 ,9349.9
E01003300 ,12569.7
E01003303 ,7778.3
E01003304 ,13204.0
E01032579 ,12390.8
E01034392 ,16074.4
E01034393 ,16615.9
E01034394 ,12098.6
E01034395 ,19505.2
E01003288 ,12649.5
E01003290 ,13254.7
E01003291 ,5465.5
E01033327 ,6771.0
E01033341 ,10376.2
E01003472 ,14889.9
E01003473 ,7166.5
E01003474 ,2251.6
E01003478 ,5704.5
E01034578 ,2866.5
E01034579 ,5580.4
E01003460 ,395.8
E01003462 ,3211.9
E01003464 ,1758.5
E01003465 ,2113.2
E01003400 ,8023.1
E01003454 ,8675.2
E01003456 ,6715.6
E01003476 ,7913.5
E01003477 ,8764.4
E01003401 ,7844.0
E01003402 ,6544.9
E01003403 ,5895.7
E01003404 ,8564.1
E01003461 ,5313.8
E01003369 ,17532.1
E01003370 ,13017.0
E01003371 ,12818.2
E01003455 ,7873.6
E01034580 ,7860.9
E01034581 ,5429.2
E01003359 ,10306.6
E01003360 ,12965.9
E01003457 ,11577.8
E01003458 ,12834.2
E01003459 ,11521.4
E01003394 ,12875.9
E01003395 ,7581.1
E01003396 ,15829.8
E01003397 ,12079.4
E01003398 ,9130.4
E01003368 ,11259.3
E01003372 ,13364.7
E01003393 ,21011.7
E01003406 ,8893.6
E01003407 ,9818.3
E01003355 ,12485.9
E01003356 ,4004.4
E01003358 ,11681.9
E01003383 ,6561.8
E01003384 ,10985.6
E01003442 ,6715.9
E01003443 ,7358.9
E01003444 ,6111.5
E01003445 ,3795.9
E01003463 ,2771.1
E01003380 ,7621.1
E01003382 ,10793.0
E01003385 ,8241.8
E01003399 ,10773.9
E01003423 ,7921.9
E01003357 ,5632.0
E01003376 ,8011.2
E01003377 ,14972.6
E01003408 ,12321.3
E01003410 ,12898.9
E01003386 ,14316.3
E01003388 ,11780.4
E01003389 ,9750.3
E01003392 ,5851.2
E01003409 ,8000.0
E01003387 ,8967.7
E01003391 ,15230.4
E01003411 ,9746.2
E01003412 ,8417.3
E01003435 ,2587.0
E01003361 ,7946.8
E01003424 ,5144.3
E01003425 ,5490.8
E01003426 ,4461.4
E01003428 ,5014.9
E01003366 ,3044.0
E01003381 ,10181.3
E01003446 ,8214.1
E01003447 ,3996.0
E01003471 ,5645.5
E01003413 ,6910.1
E01003414 ,7706.8
E01003415 ,10978.4
E01003416 ,4936.2
E01003434 ,8699.3
E01003373 ,9064.9
E01003378 ,9995.5
E01003379 ,14977.8
E01003390 ,19402.8
E01003405 ,8621.1
E01003429 ,10653.6
E01003430 ,13752.1
E01003431 ,13507.9
E01003432 ,3509.7
E01003433 ,5840.4
E01003466 ,7219.4
E01003467 ,4493.6
E01003468 ,3774.1
E01003469 ,5591.7
E01003470 ,7844.5
E01003362 ,3256.4
E01003363 ,3665.8
E01003364 ,8251.6
E01003365 ,4429.2
E01003421 ,5819.6
E01003374 ,5427.0
E01003375 ,972.5
E01003437 ,5198.4
E01003440 ,3666.5
E01003441 ,8666.7
E01003427 ,5719.2
E01003436 ,8049.9
E01003439 ,4377.8
E01003448 ,11505.0
E01003453 ,8930.5
E01003438 ,9432.1
E01003449 ,6247.5
E01003450 ,7966.3
E01003451 ,3391.5
E01003452 ,6576.1
E01003417 ,5299.8
E01003418 ,9549.7
E01003419 ,3019.4
E01003420 ,7760.3
E01003422 ,5093.9
E01003543 ,14088.2
E01003544 ,11938.0
E01003546 ,15387.3
E01003550 ,15362.7
E01003576 ,12030.7
E01003581 ,17736.2
E01003582 ,18646.4
E01003583 ,21344.2
E01003578 ,2408.2
E01003584 ,5772.8
E01003586 ,12285.5
E01003590 ,6235.9
E01003579 ,20203.5
E01003585 ,22332.0
E01003587 ,15431.4
E01003591 ,13706.0
E01003528 ,17072.9
E01003575 ,11262.7
E01003577 ,13655.6
E01003580 ,8957.0
E01003545 ,10336.1
E01003548 ,9769.7
E01003549 ,17912.1
E01003557 ,11094.7
E01003547 ,10964.7
E01003555 ,11174.4
E01003561 ,21532.7
E01003567 ,19735.0
E01003556 ,14268.1
E01003558 ,11410.5
E01003570 ,18596.5
E01003571 ,21695.2
E01003572 ,17878.5
E01003551 ,19171.9
E01003553 ,19414.0
E01003554 ,19417.2
E01003559 ,15429.3
E01003529 ,20517.8
E01003530 ,15700.1
E01003531 ,10125.8
E01003532 ,20634.5
E01003534 ,16931.5
E01003533 ,20218.3
E01003560 ,21081.8
E01003563 ,28791.2
E01003588 ,20939.6
E01003589 ,13498.2
E01003616 ,12678.6
E01003618 ,14145.9
E01003619 ,9775.6
E01034199 ,17225.4
E01034200 ,12352.5
E01003562 ,21363.2
E01003564 ,21755.5
E01003565 ,23159.6
E01003566 ,20164.4
E01003625 ,5276.0
E01003626 ,16409.8
E01003627 ,19986.9
E01003628 ,18202.4
E01003629 ,29907.8
E01003552 ,15009.4
E01003596 ,15371.5
E01003597 ,24430.8
E01003635 ,4602.8
E01003568 ,23551.9
E01003569 ,23521.0
E01003573 ,23383.5
E01003574 ,13477.8
E01003520 ,15218.7
E01003521 ,15947.1
E01003522 ,23682.9
E01003525 ,16080.6
E01003526 ,17553.7
E01003488 ,15253.8
E01003489 ,24373.0
E01003490 ,19821.1
E01003524 ,21882.1
E01003631 ,11268.1
E01003632 ,17713.7
E01003633 ,19303.5
E01003634 ,12050.9
E01003636 ,11203.5
E01003598 ,26378.8
E01003600 ,14755.4
E01003630 ,18103.4
E01003637 ,20074.4
E01003491 ,19130.4
E01003592 ,12913.8
E01003599 ,12313.4
E01034201 ,20641.9
E01034202 ,17444.3
E01003535 ,3729.2
E01003536 ,12128.1
E01003621 ,24656.7
E01003622 ,7537.3
E01003623 ,6449.8
E01003523 ,11990.3
E01003527 ,11126.0
E01003537 ,11139.2
E01003542 ,16646.8
E01003624 ,11819.5
E01003492 ,21617.0
E01003494 ,20018.9
E01003495 ,17481.0
E01034203 ,28773.8
E01034204 ,21315.5
E01003594 ,15775.9
E01003595 ,19567.6
E01003602 ,18347.3
E01003607 ,15075.6
E01003496 ,7085.5
E01003498 ,8010.3
E01003500 ,2792.3
E01003593 ,13860.3
E01003601 ,6224.5
E01003603 ,9566.1
E01003605 ,19509.9
E01003608 ,21871.0
E01003538 ,12270.1
E01003539 ,10132.9
E01003540 ,9778.5
E01003541 ,12559.0
E01003499 ,13926.1
E01003501 ,14867.4
E01003502 ,17724.0
E01003503 ,19592.1
E01003507 ,15911.3
E01003508 ,19571.5
E01003509 ,19798.7
E01003604 ,10347.9
E01003483 ,6742.8
E01003484 ,17749.3
E01003516 ,14003.0
E01003518 ,9069.8
E01003519 ,26028.9
E01003480 ,7044.8
E01003486 ,5519.5
E01003487 ,10867.5
E01034205 ,654.5
E01034206 ,1634.1
E01034207 ,11917.7
E01003497 ,2419.6
E01003506 ,13418.1
E01033584 ,11308.1
E01034208 ,12968.6
E01034209 ,10270.6
E01034210 ,15835.1
E01034211 ,5119.3
E01034212 ,6679.4
E01003479 ,5114.0
E01003481 ,2838.5
E01003485 ,11171.4
E01003513 ,4366.8
E01003511 ,20959.7
E01003512 ,15348.8
E01003514 ,9319.8
E01003515 ,2825.7
E01003517 ,6863.4
E01034213 ,5979.9
E01034214 ,44334.3
E01034215 ,41069.5
E01034216 ,26877.0
E01034217 ,7071.2
E01003615 ,15783.1
E01034218 ,8814.1
E01034219 ,11643.0
E01034220 ,3647.7
E01034221 ,12162.3
E01033579 ,4284.7
E01033586 ,2996.6
E01034222 ,3011.2
E01034223 ,22689.8
E01003611 ,13082.1
E01033581 ,1464.6
E01033582 ,8840.8
E01034224 ,3726.6
E01033580 ,16809.5
E01034225 ,3425.2
E01034226 ,36443.3
E01034227 ,34507.7
E01034228 ,21029.6
E01034229 ,3221.3
E01034230 ,29382.4
E01034231 ,19435.6
E01003744 ,2186.9
E01003745 ,2891.1
E01003746 ,2526.9
E01003747 ,4562.5
E01003748 ,4038.5
E01003749 ,8626.6
E01003750 ,5127.3
E01003720 ,3646.4
E01003722 ,8760.9
E01003723 ,6571.7
E01003726 ,666.8
E01003721 ,10366.5
E01003724 ,7105.9
E01003725 ,11639.1
E01003727 ,8291.4
E01003654 ,7270.4
E01003655 ,6997.8
E01003658 ,7391.5
E01003660 ,3277.3
E01003656 ,2875.3
E01003657 ,5009.2
E01003659 ,4731.9
E01003698 ,8217.6
E01003699 ,1809.3
E01003700 ,3830.4
E01003701 ,6961.7
E01003702 ,7264.5
E01003703 ,2669.2
E01003704 ,6963.7
E01003668 ,7804.5
E01003669 ,8716.9
E01003670 ,6286.4
E01003671 ,7700.3
E01003672 ,9268.2
E01003673 ,9706.3
E01003674 ,9061.7
E01003707 ,6103.8
E01003708 ,4686.6
E01003709 ,7492.6
E01003710 ,6937.5
E01003759 ,7005.3
E01003760 ,6227.4
E01003761 ,17454.5
E01003762 ,6916.0
E01003763 ,2887.9
E01003764 ,3959.7
E01003765 ,8375.8
E01003705 ,7763.9
E01003706 ,8750.6
E01003711 ,5245.5
E01003712 ,8907.4
E01003646 ,9350.9
E01003648 ,6972.4
E01003649 ,9064.4
E01003651 ,7790.3
E01003639 ,2176.8
E01003640 ,319.5
E01003641 ,7679.2
E01003642 ,5778.8
E01003774 ,7545.8
E01003775 ,5009.1
E01003776 ,5010.1
E01003777 ,7745.2
E01003778 ,5555.6
E01003779 ,9850.6
E01003780 ,5208.3
E01003647 ,12360.3
E01003650 ,9184.3
E01003652 ,9544.9
E01003653 ,10649.9
E01003638 ,7131.6
E01003643 ,11364.3
E01003644 ,10554.5
E01003645 ,11037.6
E01003789 ,4606.9
E01003794 ,4352.3
E01003795 ,1568.5
E01003796 ,6412.3
E01003751 ,3808.4
E01003753 ,11432.7
E01003754 ,10348.8
E01003757 ,9415.6
E01003769 ,7769.0
E01003770 ,4147.1
E01003771 ,7829.7
E01003773 ,7718.6
E01003752 ,12314.5
E01003755 ,11068.8
E01003756 ,9846.2
E01034480 ,12060.9
E01034481 ,11863.7
E01003766 ,14432.6
E01003767 ,10909.1
E01003768 ,11013.2
E01003772 ,11916.0
E01003781 ,12019.1
E01003782 ,10394.3
E01003786 ,12574.9
E01003787 ,12194.2
E01003790 ,1751.0
E01003791 ,1162.1
E01003792 ,1821.6
E01003793 ,2770.3
E01003783 ,10738.5
E01003784 ,14522.4
E01003785 ,5670.7
E01003788 ,11526.4
E01003737 ,8381.7
E01003738 ,10236.8
E01003739 ,8325.2
E01003740 ,4906.2
E01003741 ,8575.6
E01003742 ,16532.0
E01003743 ,10937.3
E01003729 ,14945.1
E01003730 ,20862.7
E01003732 ,15343.4
E01003733 ,18774.3
E01034482 ,38956.8
E01034483 ,18320.4
E01034484 ,10943.5
E01003731 ,10143.6
E01003734 ,14652.8
E01003735 ,10394.3
E01003736 ,20596.6
E01003713 ,12755.6
E01003714 ,13633.3
E01003715 ,14223.4
E01003716 ,5236.0
E01003718 ,14033.6
E01003719 ,6247.4
E01032581 ,6671.3
E01003690 ,2773.8
E01003691 ,7031.5
E01003692 ,10824.5
E01003693 ,3830.7
E01003694 ,6868.3
E01003695 ,11985.8
E01003696 ,9286.8
E01003697 ,6341.3
E01003675 ,7475.1
E01003676 ,10231.9
E01003677 ,2955.7
E01003678 ,6118.0
E01003679 ,7845.7
E01003680 ,8115.9
E01003681 ,4187.3
E01003682 ,6678.6
E01003663 ,6207.2
E01003664 ,11443.1
E01003665 ,9982.5
E01033590 ,12794.3
E01033592 ,13154.4
E01003661 ,10681.7
E01003662 ,11711.3
E01003666 ,13159.6
E01003689 ,8985.1
E01033589 ,16029.5
E01033591 ,11683.7
E01003683 ,18179.6
E01003684 ,16571.9
E01003685 ,16856.4
E01003686 ,12212.8
E01003688 ,13736.0
E01003797 ,3390.4
E01003798 ,6333.3
E01003799 ,1906.2
E01003800 ,5850.5
E01003801 ,4006.9
E01003802 ,3532.0
E01003803 ,7652.6
E01003846 ,7151.8
E01003847 ,1059.7
E01003849 ,7639.7
E01003851 ,6512.2
E01003860 ,1133.9
E01003864 ,5709.8
E01003852 ,2024.7
E01003853 ,4761.0
E01003854 ,10078.3
E01003855 ,6589.3
E01003856 ,13894.8
E01003857 ,12476.8
E01003858 ,10128.3
E01003848 ,9553.7
E01003861 ,10161.1
E01003862 ,9133.9
E01003863 ,6825.0
E01003865 ,10555.1
E01033570 ,4034.8
E01033571 ,4460.3
E01003804 ,10542.6
E01003807 ,10697.2
E01003808 ,13938.1
E01003809 ,4353.4
E01003859 ,8457.5
E01003873 ,8421.1
E01003874 ,11187.7
E01003875 ,3281.7
E01003878 ,1476.4
E01003866 ,11007.1
E01003868 ,11807.2
E01003871 ,9131.6
E01003872 ,4969.9
E01003821 ,5714.8
E01003876 ,3905.9
E01003877 ,9451.1
E01003879 ,7556.0
E01003892 ,5093.8
E01003893 ,7307.5
E01003894 ,10012.0
E01003895 ,3965.6
E01003905 ,3503.8
E01003906 ,8174.8
E01003907 ,7020.1
E01003908 ,6213.6
E01003909 ,7350.4
E01003867 ,3829.4
E01003869 ,5145.3
E01003870 ,4907.6
E01003910 ,5585.6
E01003805 ,2164.2
E01003806 ,355.4
E01003816 ,572.3
E01003817 ,484.4
E01003840 ,9134.6
E01003841 ,7441.5
E01003842 ,4359.8
E01003843 ,6677.7
E01003844 ,5113.6
E01003845 ,4157.3
E01003882 ,9319.7
E01003883 ,10563.7
E01003896 ,6106.4
E01003897 ,9974.6
E01003898 ,9358.8
E01003899 ,8859.7
E01003900 ,2265.7
E01003901 ,6380.2
E01003902 ,8481.5
E01003903 ,2435.3
E01003904 ,6727.3
E01003880 ,6682.3
E01003881 ,5344.8
E01003884 ,6179.3
E01003885 ,3501.7
E01003818 ,3308.6
E01003819 ,1684.2
E01003820 ,6887.1
E01003811 ,10325.3
E01003812 ,6395.6
E01003890 ,7742.2
E01003891 ,5709.6
E01003810 ,8610.7
E01003813 ,5108.8
E01003814 ,4204.3
E01003815 ,3835.6
E01003828 ,4925.8
E01003829 ,4225.0
E01003830 ,3691.6
E01003831 ,5309.5
E01003832 ,6683.1
E01003833 ,7465.8
E01003886 ,8033.2
E01003887 ,8065.7
E01003888 ,2578.5
E01003889 ,657.4
E01003834 ,1477.4
E01003835 ,4542.7
E01003836 ,5568.5
E01003837 ,3992.2
E01003838 ,5897.9
E01003839 ,9943.4
E01003822 ,3946.0
E01003823 ,396.5
E01003824 ,5003.1
E01003825 ,5154.0
E01003826 ,1642.1
E01003827 ,4246.8
E01004029 ,18498.6
E01004032 ,10966.3
E01004053 ,12496.7
E01004054 ,12428.9
E01004055 ,6759.8
E01003929 ,8456.0
E01003934 ,8220.4
E01003935 ,9067.8
E01003939 ,12883.2
E01033867 ,9410.0
E01033868 ,11920.5
E01003975 ,21760.4
E01004023 ,14477.6
E01004028 ,20141.7
E01033869 ,16587.6
E01033870 ,30980.7
E01033871 ,10543.9
E01033872 ,15982.8
E01003938 ,23784.1
E01003940 ,29174.3
E01003941 ,21194.0
E01003942 ,15888.8
E01003979 ,11849.6
E01003981 ,7928.5
E01004030 ,15925.1
E01004031 ,6102.8
E01004033 ,16698.9
E01004034 ,12139.6
E01004036 ,21816.3
E01004056 ,12357.3
E01004057 ,9187.9
E01004058 ,12229.4
E01004059 ,6602.9
E01004060 ,20132.9
E01003936 ,17576.7
E01003937 ,16016.7
E01003943 ,24572.4
E01033873 ,15742.2
E01033874 ,20017.4
E01003977 ,14478.0
E01004037 ,13654.8
E01004038 ,11168.5
E01004042 ,13240.9
E01004043 ,11356.8
E01003986 ,8791.6
E01003987 ,13394.0
E01004024 ,16345.5
E01004035 ,6357.6
E01003960 ,13993.7
E01003961 ,17211.6
E01003994 ,12898.4
E01033875 ,20245.4
E01033876 ,23062.7
E01033877 ,20064.9
E01003980 ,10314.6
E01004039 ,18025.7
E01004040 ,17105.3
E01004041 ,21237.0
E01004044 ,20483.6
E01003992 ,21607.6
E01003995 ,21401.9
E01003998 ,15245.7
E01003999 ,16976.2
E01032639 ,21492.7
E01032719 ,34819.3
E01003966 ,20992.1
E01003971 ,22421.4
E01033878 ,14852.5
E01033879 ,23418.9
E01033880 ,5780.5
E01003963 ,28922.6
E01003972 ,20151.1
E01003973 ,18634.3
E01033881 ,7287.2
E01003923 ,13765.8
E01003969 ,8658.9
E01003991 ,16113.9
E01003993 ,23539.0
E01003997 ,17075.1
E01003983 ,15950.6
E01003988 ,5245.0
E01003989 ,9212.9
E01003990 ,16137.2
E01004007 ,18060.1
E01003912 ,23921.6
E01004011 ,18479.0
E01004012 ,16685.6
E01004013 ,16099.4
E01004014 ,23318.7
E01003911 ,18593.1
E01003916 ,15962.9
E01003917 ,16914.8
E01003918 ,16877.9
E01003925 ,23001.1
E01003919 ,10440.6
E01003920 ,24246.3
E01003921 ,16055.3
E01003922 ,16118.3
E01003924 ,26314.5
E01003926 ,13056.1
E01004008 ,20776.9
E01004010 ,11709.4
E01004067 ,9505.8
E01033882 ,18488.8
E01033883 ,16243.7
E01003984 ,13828.5
E01004003 ,14433.9
E01004004 ,13387.8
E01004005 ,15143.2
E01004006 ,12291.9
E01003913 ,8678.8
E01003914 ,12740.4
E01003915 ,18993.8
E01004050 ,7524.4
E01004052 ,10115.8
E01004061 ,7936.8
E01004062 ,13313.3
E01004063 ,10705.3
E01004065 ,13428.3
E01004066 ,14663.4
E01004000 ,12002.5
E01004001 ,9043.5
E01004019 ,15533.6
E01004064 ,11849.8
E01004068 ,10165.3
E01004045 ,25432.7
E01004047 ,16235.2
E01004048 ,4025.2
E01004049 ,12523.3
E01004051 ,8504.3
E01003953 ,9945.7
E01003955 ,13565.3
E01004015 ,3155.0
E01004021 ,13942.0
E01004046 ,10568.7
E01004002 ,5051.9
E01004016 ,4531.8
E01004017 ,4613.4
E01004020 ,8917.3
E01003952 ,12537.9
E01003954 ,15746.8
E01003956 ,16000.0
E01004071 ,12157.6
E01004072 ,5942.5
E01004069 ,1411.3
E01004070 ,6071.5
E01004073 ,9498.5
E01004074 ,4820.6
E01004075 ,2908.8
E01003949 ,8267.4
E01003950 ,8148.0
E01003957 ,10604.3
E01003958 ,12168.4
E01004018 ,7035.9
E01003945 ,2068.3
E01003946 ,4148.5
E01003947 ,11510.4
E01003948 ,6545.8
E01003951 ,1405.2
E01003930 ,18263.7
E01003932 ,12600.2
E01003933 ,10728.2
E01032583 ,13486.8
E01032584 ,15530.0
E01032637 ,26069.7
E01032638 ,27277.2
E01032640 ,22747.3
E01032834 ,28873.2
E01033884 ,5207.9
E01003976 ,19958.3
E01032646 ,12327.1
E01032803 ,24851.5
E01033885 ,14631.5
E01004125 ,11600.6
E01004183 ,8325.5
E01004184 ,6173.1
E01004185 ,5241.6
E01004189 ,6294.6
E01004123 ,5599.5
E01004124 ,10919.5
E01004126 ,12175.6
E01004128 ,8466.9
E01004129 ,7132.6
E01004130 ,2609.5
E01004131 ,9205.3
E01004134 ,7351.6
E01004135 ,5249.3
E01004136 ,6476.2
E01004164 ,6143.0
E01004166 ,6345.2
E01004169 ,12470.7
E01004186 ,5743.4
E01034153 ,8643.6
E01034154 ,8086.2
E01004127 ,8951.5
E01004163 ,7989.8
E01004165 ,7095.5
E01004167 ,9957.3
E01004187 ,9621.1
E01004117 ,5617.9
E01004121 ,6255.9
E01004192 ,4777.0
E01004193 ,7662.3
E01004195 ,7154.9
E01004144 ,4348.9
E01004145 ,4974.9
E01004146 ,9262.0
E01004147 ,5518.0
E01004116 ,4896.6
E01004122 ,5360.6
E01004190 ,5246.0
E01004191 ,7684.5
E01004194 ,7789.2
E01004196 ,6455.2
E01004115 ,7080.1
E01004118 ,6669.1
E01004119 ,5633.3
E01004132 ,8690.1
E01004133 ,8167.1
E01004171 ,4375.8
E01004172 ,10873.9
E01004173 ,6034.5
E01004175 ,6670.5
E01004176 ,9466.2
E01004076 ,475.1
E01004077 ,6159.1
E01004078 ,5463.3
E01004079 ,4340.1
E01004080 ,4719.0
E01004081 ,9653.3
E01004082 ,7905.5
E01004137 ,11031.5
E01004140 ,14236.0
E01004141 ,15145.2
E01004149 ,6794.5
E01034155 ,13230.2
E01034156 ,6155.9
E01004101 ,6290.2
E01004103 ,10113.9
E01004138 ,10704.6
E01004139 ,9974.1
E01004168 ,7166.4
E01004143 ,12958.6
E01004148 ,7739.5
E01004159 ,4837.3
E01004160 ,7307.4
E01004161 ,4647.9
E01004097 ,6086.0
E01004098 ,5805.0
E01004099 ,4158.5
E01004100 ,4349.2
E01004102 ,3867.8
E01004110 ,6566.8
E01004111 ,3540.3
E01004112 ,3178.9
E01004120 ,5262.4
E01004157 ,4954.1
E01004087 ,4366.6
E01004170 ,8782.3
E01004174 ,9177.4
E01004178 ,9797.3
E01004179 ,7036.6
E01004152 ,8662.1
E01004155 ,9947.8
E01004156 ,9706.6
E01004158 ,6732.4
E01004162 ,9527.6
E01004083 ,6113.1
E01004086 ,3607.2
E01004088 ,4135.2
E01004089 ,11998.2
E01004182 ,11987.8
E01004104 ,4255.8
E01004107 ,6703.8
E01004177 ,8120.5
E01004180 ,2949.7
E01004181 ,6168.1
E01004090 ,7084.9
E01004096 ,10169.4
E01004150 ,12304.8
E01004151 ,9790.8
E01004153 ,11157.4
E01004091 ,3426.9
E01004092 ,2322.7
E01004105 ,4879.1
E01004106 ,1998.0
E01004154 ,4359.0
E01004084 ,2851.8
E01004085 ,1989.4
E01004108 ,428.8
E01004109 ,2577.4
E01004093 ,4255.6
E01004094 ,6708.6
E01004095 ,5384.4
E01004114 ,1153.9
E01032623 ,2186.5
E01004222 ,19754.0
E01004223 ,3740.7
E01004226 ,25937.5
E01035657 ,4838.3
E01035658 ,13706.1
E01035659 ,12253.3
E01004198 ,15684.2
E01004199 ,24565.2
E01004201 ,13012.3
E01035660 ,13217.6
E01035661 ,27112.2
E01004228 ,15342.8
E01004230 ,13590.9
E01004232 ,9249.9
E01004233 ,26522.3
E01004234 ,4468.7
E01004229 ,13657.4
E01004231 ,15114.8
E01032764 ,7266.9
E01032765 ,21654.3
E01032784 ,26414.2
E01035662 ,38477.5
E01035663 ,13753.9
E01004200 ,26167.2
E01004202 ,17994.7
E01004203 ,17186.3
E01004204 ,22106.5
E01004311 ,21757.1
E01004315 ,16527.2
E01035664 ,17773.0
E01004259 ,13150.8
E01004260 ,18195.7
E01004263 ,16944.8
E01004266 ,17685.7
E01004235 ,33047.9
E01004236 ,15204.7
E01004237 ,23430.3
E01004239 ,16601.1
E01035665 ,11386.5
E01035666 ,34540.5
E01035667 ,11473.0
E01004312 ,21928.1
E01004313 ,25851.6
E01004316 ,29601.1
E01035668 ,11872.9
E01035669 ,14431.7
E01004264 ,23700.7
E01032785 ,34560.4
E01032786 ,27684.4
E01035670 ,13675.3
E01004207 ,20787.2
E01004209 ,17251.2
E01004212 ,25410.0
E01032787 ,23110.3
E01004240 ,19423.3
E01004241 ,14315.1
E01004267 ,10436.4
E01004268 ,34216.6
E01035671 ,35533.7
E01035672 ,24949.3
E01035673 ,50583.0
E01004205 ,16306.4
E01004206 ,19037.7
E01004208 ,12225.0
E01004211 ,9890.7
E01004270 ,8248.1
E01004271 ,25683.0
E01004272 ,28143.5
E01035674 ,15788.9
E01035675 ,26597.0
E01035676 ,15705.7
E01035677 ,22081.5
E01004306 ,15123.2
E01004307 ,10880.3
E01004308 ,17298.9
E01004309 ,22026.8
E01004310 ,22004.4
E01004283 ,14444.4
E01004287 ,26439.5
E01004289 ,18419.0
E01004290 ,19268.3
E01004322 ,9880.1
E01004323 ,22998.6
E01004324 ,20984.3
E01004326 ,22517.9
E01004245 ,13846.9
E01004248 ,17777.8
E01004249 ,13415.8
E01035678 ,23507.3
E01035679 ,13209.6
E01004286 ,15878.2
E01004288 ,18015.6
E01035680 ,21891.3
E01035681 ,18861.7
E01035682 ,25773.9
E01035683 ,27261.9
E01004243 ,13319.0
E01004244 ,14901.8
E01004247 ,22184.9
E01035684 ,32350.5
E01035685 ,28716.0
E01004319 ,27906.5
E01004321 ,20595.0
E01032767 ,11645.6
E01035686 ,23421.1
E01035687 ,24325.5
E01035688 ,61814.8
E01035689 ,30204.8
E01004298 ,17453.8
E01004300 ,27777.8
E01004304 ,20778.2
E01004305 ,20438.6
E01004251 ,20251.4
E01004255 ,16890.3
E01004258 ,15349.3
E01035690 ,30819.4
E01035691 ,18464.5
E01004256 ,11793.4
E01004257 ,17772.5
E01035692 ,24813.6
E01035693 ,20327.2
E01035694 ,21674.8
E01035695 ,21682.0
E01004301 ,17359.4
E01004302 ,33581.5
E01004303 ,13163.7
E01032768 ,18898.4
E01032769 ,13205.1
E01004292 ,11139.2
E01004295 ,24637.1
E01004296 ,18000.0
E01035696 ,12216.5
E01035697 ,14390.0
E01004291 ,16704.5
E01004293 ,6035.8
E01004297 ,16328.8
E01004214 ,24000.0
E01004216 ,19955.4
E01004217 ,5031.5
E01004218 ,13234.9
E01004274 ,23038.9
E01004275 ,18125.5
E01004276 ,25085.6
E01004281 ,15826.7
E01032775 ,34405.8
E01032783 ,15931.8
E01004280 ,14190.3
E01032770 ,48672.8
E01032772 ,29570.0
E01032774 ,8833.9
E01035698 ,80806.5
E01035699 ,80467.3
E01004277 ,3637.6
E01032771 ,4400.8
E01032781 ,31335.8
E01032782 ,29270.8
E01032776 ,26098.5
E01035700 ,76357.6
E01035701 ,53454.5
E01035702 ,5473.5
E01004219 ,13639.1
E01032777 ,11045.8
E01032779 ,47627.1
E01032780 ,5840.0
E01004221 ,14834.8
E01035703 ,17162.8
E01035704 ,85637.3
E01035705 ,10823.4
E01035706 ,15523.5
E01004349 ,2429.0
E01004350 ,6027.3
E01004351 ,3776.4
E01004356 ,3595.2
E01004357 ,4765.2
E01004352 ,1281.1
E01004353 ,3219.2
E01004354 ,6436.3
E01004358 ,7858.3
E01004359 ,7578.6
E01004384 ,7346.8
E01004385 ,3164.8
E01004386 ,4518.4
E01004389 ,4082.4
E01004390 ,4942.8
E01004355 ,6900.8
E01004360 ,5902.7
E01004413 ,4694.1
E01004415 ,6213.5
E01004416 ,3871.9
E01004361 ,6610.9
E01004414 ,6246.6
E01004417 ,6828.4
E01004451 ,9331.0
E01004452 ,8190.1
E01004450 ,5745.0
E01004453 ,5316.2
E01004454 ,10428.6
E01004455 ,3750.0
E01004456 ,6828.7
E01004379 ,9106.4
E01004380 ,3534.7
E01004381 ,8490.2
E01004383 ,7347.6
E01004387 ,5432.2
E01004388 ,6094.8
E01004343 ,6838.5
E01004344 ,4979.1
E01004382 ,14805.7
E01004418 ,9818.0
E01004419 ,10180.4
E01004398 ,4720.8
E01004399 ,2385.8
E01004400 ,10990.2
E01004402 ,9873.3
E01004403 ,6769.6
E01004345 ,12628.6
E01004348 ,10939.1
E01004377 ,2210.1
E01004378 ,8518.7
E01004342 ,5818.0
E01004346 ,9702.9
E01004347 ,9495.7
E01004460 ,14590.2
E01004462 ,17509.3
E01004396 ,17924.5
E01004457 ,15580.1
E01004458 ,15701.1
E01004459 ,15009.0
E01004463 ,14254.9
E01004407 ,17925.4
E01004410 ,9299.4
E01004464 ,15126.9
E01004469 ,9171.4
E01004470 ,11564.0
E01004471 ,13126.4
E01004391 ,3136.5
E01004393 ,11984.4
E01004401 ,2150.2
E01004404 ,18459.5
E01034485 ,15421.1
E01034486 ,19153.1
E01004412 ,11733.4
E01004465 ,13973.9
E01004466 ,11638.5
E01004467 ,11953.3
E01004468 ,2281.2
E01004406 ,13613.6
E01004408 ,14715.4
E01004409 ,11335.5
E01004411 ,15967.7
E01004443 ,17379.5
E01004447 ,14501.6
E01004392 ,12047.9
E01004394 ,16747.5
E01004397 ,12327.3
E01004444 ,14228.1
E01004446 ,21533.5
E01004395 ,1134.2
E01004421 ,16907.2
E01004445 ,12269.3
E01004448 ,3698.5
E01004449 ,10367.1
E01004363 ,5645.5
E01004364 ,9855.9
E01004366 ,6551.6
E01004367 ,12825.2
E01004368 ,17480.4
E01004365 ,21369.7
E01004405 ,14100.2
E01004420 ,13329.4
E01004423 ,16512.2
E01034487 ,18441.2
E01034488 ,20457.0
E01004362 ,1988.9
E01004436 ,6579.3
E01004437 ,11828.4
E01004439 ,10935.8
E01004442 ,10211.6
E01004422 ,1979.5
E01004424 ,9805.7
E01004425 ,14954.9
E01004426 ,14813.9
E01004427 ,4793.7
E01004369 ,17928.6
E01004370 ,15154.8
E01004372 ,16683.6
E01004432 ,10309.3
E01004435 ,13775.6
E01004333 ,16994.0
E01004334 ,17649.3
E01004438 ,8305.5
E01004440 ,8735.7
E01004441 ,11674.3
E01004371 ,15114.8
E01004373 ,18216.8
E01004374 ,15224.5
E01004375 ,16535.5
E01004376 ,17380.5
E01004336 ,7185.8
E01004428 ,12995.6
E01004429 ,3446.2
E01004430 ,5185.0
E01004434 ,6666.7
E01004335 ,14512.1
E01004337 ,15253.9
E01004338 ,22149.1
E01004339 ,18078.8
E01004340 ,7219.7
E01004341 ,12874.3
E01004327 ,12871.8
E01004328 ,18100.8
E01004329 ,15590.0
E01004330 ,17597.1
E01004331 ,15593.2
E01004332 ,16889.7
E01004560 ,2809.0
E01004566 ,17676.1
E01004582 ,16352.2
E01004583 ,11339.5
E01004539 ,15382.4
E01004540 ,16118.3
E01004577 ,15948.3
E01004584 ,33449.6
E01004579 ,15937.0
E01004580 ,19501.8
E01004581 ,15609.1
E01033099 ,18152.1
E01033133 ,19833.9
E01035488 ,18381.4
E01035489 ,28458.2
E01004565 ,19005.7
E01004590 ,12946.1
E01004591 ,15346.8
E01004592 ,17578.3
E01004604 ,4164.7
E01004605 ,9391.4
E01004606 ,15812.9
E01004607 ,9696.4
E01004608 ,17349.3
E01004535 ,24242.8
E01004537 ,17589.1
E01004538 ,21794.2
E01004541 ,17882.0
E01004534 ,7491.2
E01004536 ,15573.2
E01004552 ,18489.7
E01004585 ,14111.3
E01004588 ,12031.1
E01004554 ,4065.3
E01004556 ,16526.1
E01004586 ,21754.6
E01004587 ,16867.5
E01004589 ,19260.5
E01004511 ,9857.5
E01004602 ,11908.9
E01004609 ,10384.1
E01033135 ,11809.1
E01035490 ,7885.2
E01035491 ,5024.4
E01035492 ,30433.2
E01035493 ,11657.3
E01004506 ,10975.2
E01004638 ,5027.4
E01004639 ,7569.8
E01004640 ,10102.3
E01004641 ,9094.4
E01004508 ,14570.6
E01004510 ,11114.5
E01004514 ,11123.3
E01004515 ,16068.7
E01004551 ,7344.0
E01004568 ,7637.6
E01004574 ,10052.3
E01004575 ,3491.8
E01004576 ,3602.5
E01004500 ,12157.7
E01004501 ,9308.3
E01004503 ,8596.0
E01004505 ,8122.5
E01004507 ,14273.9
E01004553 ,8842.1
E01004557 ,15970.4
E01004558 ,8149.3
E01004559 ,8293.8
E01004619 ,2635.0
E01004572 ,2141.4
E01004642 ,9595.5
E01004643 ,11616.4
E01004644 ,6379.1
E01004645 ,13346.0
E01004477 ,8064.2
E01004478 ,16589.0
E01004479 ,10485.4
E01004550 ,9451.4
E01004555 ,12305.5
E01004494 ,14764.3
E01004513 ,12670.6
E01004601 ,8097.3
E01035494 ,28601.0
E01035495 ,22268.2
E01004493 ,13949.8
E01004512 ,12621.5
E01004620 ,15820.9
E01004621 ,3854.3
E01004623 ,11884.6
E01004627 ,14267.7
E01004499 ,11516.5
E01004502 ,11540.1
E01004504 ,6817.2
E01004594 ,11837.2
E01004596 ,13715.0
E01004629 ,6521.9
E01004472 ,13592.7
E01004474 ,13656.1
E01004476 ,9427.7
E01004542 ,11918.1
E01004544 ,14965.9
E01004628 ,10276.7
E01004630 ,15470.5
E01004631 ,11651.2
E01004633 ,19987.9
E01004569 ,8279.5
E01004570 ,16400.7
E01004571 ,15048.9
E01004573 ,1001.3
E01004495 ,13455.0
E01004496 ,10916.3
E01004497 ,8970.1
E01004622 ,9130.4
E01004624 ,3916.4
E01004593 ,9017.2
E01004595 ,8012.4
E01004597 ,13536.1
E01004598 ,15038.5
E01004599 ,14133.6
E01004473 ,16296.0
E01004475 ,14394.7
E01004480 ,21812.4
E01004483 ,4625.7
E01004484 ,4818.3
E01004486 ,5285.6
E01004543 ,8315.8
E01004545 ,13194.8
E01004546 ,16375.5
E01004549 ,13501.2
E01004625 ,5285.4
E01004626 ,3192.7
E01004632 ,5465.4
E01004634 ,12013.0
E01004635 ,10183.8
E01004636 ,9549.9
E01004637 ,10324.2
E01004481 ,15968.8
E01004488 ,12346.9
E01004547 ,12286.5
E01004548 ,12272.5
E01004482 ,13139.2
E01004485 ,11289.9
E01004487 ,14182.5
E01004489 ,7527.6
E01004490 ,12371.9
E01004491 ,14570.3
E01004492 ,6295.2
E01004498 ,14916.0
E01004532 ,15975.6
E01004611 ,12608.0
E01004612 ,13305.6
E01004618 ,12884.0
E01004531 ,20381.5
E01004533 ,16548.6
E01004610 ,6929.8
E01004613 ,16822.2
E01004614 ,13860.8
E01004615 ,9246.3
E01004616 ,17920.6
E01004617 ,4424.1
E01004525 ,13806.5
E01004526 ,17133.2
E01004527 ,16523.9
E01004528 ,11665.5
E01004529 ,17167.3
E01004530 ,12840.3
E01004516 ,8166.5
E01004518 ,13718.4
E01004519 ,12930.8
E01004520 ,12328.6
E01004523 ,5438.5
E01004517 ,14920.8
E01004521 ,16757.2
E01004522 ,14765.2
E01004524 ,13900.2
E01033098 ,5208.8
E01033132 ,7742.3
E01035496 ,7220.9
E01035497 ,24941.6
E01035498 ,4226.6
E01004563 ,14094.4
E01004564 ,4905.8
E01004567 ,19497.1
E01033100 ,16366.0
E01035499 ,11979.1
E01004647 ,7131.1
E01004649 ,7172.7
E01004724 ,23494.4
E01004730 ,3245.2
E01004646 ,8062.7
E01004648 ,10850.9
E01004650 ,10318.2
E01004710 ,15151.3
E01004711 ,25329.1
E01004651 ,17750.0
E01004725 ,4745.3
E01004726 ,9094.8
E01004728 ,19412.6
E01004729 ,24628.1
E01004718 ,25155.6
E01004719 ,18843.0
E01004720 ,19254.9
E01004721 ,15959.3
E01004722 ,33354.0
E01004674 ,21662.9
E01004675 ,26104.3
E01004677 ,24135.0
E01004678 ,22589.2
E01004679 ,25817.0
E01004723 ,23222.5
E01004676 ,18223.8
E01004706 ,10573.5
E01004707 ,14274.6
E01004708 ,18953.2
E01004756 ,25639.7
E01004701 ,19444.4
E01004703 ,9595.8
E01004705 ,18228.4
E01004709 ,19076.6
E01035715 ,23956.9
E01004659 ,14294.5
E01004660 ,21013.2
E01004712 ,14432.3
E01004727 ,1365.6
E01004670 ,32623.3
E01004702 ,17090.7
E01033598 ,25725.0
E01033601 ,36415.4
E01033602 ,26282.3
E01033603 ,25421.7
E01033604 ,16380.0
E01033605 ,22252.4
E01004754 ,22626.5
E01004755 ,21303.2
E01004757 ,13406.1
E01032512 ,14193.9
E01032513 ,23152.0
E01004713 ,7561.8
E01004714 ,4908.8
E01004716 ,5839.9
E01004717 ,12799.2
E01004762 ,5283.1
E01004657 ,9774.6
E01004658 ,14975.4
E01004661 ,15049.0
E01004662 ,14732.1
E01004663 ,15296.7
E01004715 ,16424.0
E01004763 ,6866.5
E01004765 ,6967.5
E01035716 ,3527.1
E01004653 ,21563.9
E01004654 ,20702.2
E01004656 ,13000.7
E01004760 ,23575.4
E01035717 ,17164.9
E01004680 ,10904.3
E01004683 ,11478.1
E01004684 ,16741.6
E01004686 ,22241.7
E01033593 ,18744.6
E01033594 ,7139.5
E01004681 ,10460.8
E01004682 ,13693.8
E01004694 ,14384.8
E01004697 ,24241.9
E01004700 ,25808.7
E01004652 ,34361.7
E01004693 ,14822.5
E01004695 ,19056.9
E01004696 ,21664.2
E01004698 ,14288.8
E01004699 ,15042.9
E01004734 ,5201.5
E01004735 ,4268.3
E01004736 ,1230.7
E01004761 ,2316.4
E01004687 ,7122.0
E01004690 ,4507.0
E01004691 ,3298.9
E01004692 ,6783.6
E01035718 ,961.1
E01004731 ,2967.0
E01004732 ,18753.6
E01004733 ,4720.4
E01004744 ,13447.3
E01004748 ,13974.8
E01004740 ,26741.8
E01004743 ,30612.2
E01004746 ,30839.5
E01004747 ,20138.5
E01035719 ,13692.1
E01035720 ,11459.5
E01004742 ,26937.9
E01004749 ,15860.6
E01004751 ,20236.4
E01004752 ,37938.7
E01004753 ,29645.3
E01004668 ,25818.2
E01004750 ,6181.2
E01033597 ,17255.6
E01033599 ,19772.0
E01035721 ,10728.4
E01004665 ,30397.5
E01004669 ,23902.8
E01004737 ,15074.3
E01004741 ,22895.2
E01035722 ,16489.4
