Lower layer Super Output Areas Code,Number of households
E01000027 ,662
E01000028 ,621
E01000029 ,681
E01000030 ,906
E01000031 ,595
E01000032 ,723
E01000110 ,522
E01000111 ,748
E01000112 ,700
E01000113 ,642
E01000034 ,514
E01000037 ,589
E01000038 ,564
E01000039 ,642
E01000063 ,623
E01000100 ,656
E01000101 ,582
E01000114 ,757
E01034469 ,542
E01034470 ,468
E01000033 ,552
E01000060 ,810
E01000061 ,752
E01000062 ,766
E01000064 ,795
E01000065 ,783
E01000078 ,619
E01000080 ,608
E01000081 ,653
E01000082 ,697
E01000083 ,633
E01000102 ,629
E01000021 ,591
E01000022 ,479
E01000024 ,459
E01000025 ,694
E01000077 ,593
E01034471 ,772
E01034472 ,666
E01000015 ,835
E01000016 ,627
E01000017 ,598
E01000018 ,645
E01000079 ,622
E01000035 ,595
E01000036 ,471
E01000107 ,603
E01000108 ,685
E01000066 ,709
E01000067 ,660
E01000069 ,536
E01000070 ,578
E01000071 ,806
E01000057 ,530
E01000073 ,665
E01000074 ,625
E01000075 ,640
E01000076 ,794
E01000013 ,619
E01000014 ,634
E01000059 ,570
E01000084 ,501
E01000085 ,576
E01000086 ,488
E01000103 ,533
E01000104 ,693
E01000105 ,935
E01000106 ,872
E01000007 ,"1,191"
E01000008 ,548
E01000012 ,783
E01034473 ,425
E01034474 ,864
E01000006 ,554
E01000009 ,601
E01000011 ,473
E01000044 ,660
E01000068 ,477
E01000041 ,602
E01000042 ,655
E01000045 ,577
E01000046 ,661
E01000072 ,739
E01000054 ,640
E01000055 ,567
E01000056 ,563
E01000058 ,699
E01000095 ,737
E01000040 ,656
E01000043 ,470
E01000050 ,631
E01000052 ,796
E01034475 ,587
E01034476 ,510
E01034477 ,551
E01034478 ,472
E01000053 ,651
E01000087 ,518
E01000088 ,603
E01000089 ,601
E01000090 ,558
E01000049 ,575
E01000051 ,433
E01033587 ,"1,039"
E01034479 ,749
E01000091 ,672
E01000093 ,664
E01000094 ,843
E01000096 ,484
E01000019 ,499
E01000020 ,664
E01000097 ,685
E01000098 ,622
E01000099 ,934
E01032580 ,486
E01000248 ,718
E01000249 ,619
E01000250 ,"1,145"
E01000254 ,633
E01000292 ,655
E01000293 ,707
E01000167 ,522
E01000246 ,643
E01000247 ,731
E01000251 ,"1,057"
E01000252 ,793
E01000166 ,653
E01000168 ,558
E01000169 ,694
E01000172 ,607
E01000285 ,612
E01000287 ,611
E01000288 ,564
E01000289 ,548
E01000291 ,619
E01000294 ,731
E01000267 ,579
E01000268 ,932
E01000269 ,546
E01000270 ,635
E01000170 ,697
E01000171 ,997
E01000173 ,608
E01000174 ,765
E01000175 ,643
E01000228 ,459
E01000253 ,707
E01000279 ,508
E01000280 ,508
E01000286 ,666
E01000290 ,669
E01000271 ,613
E01000272 ,498
E01000273 ,742
E01000281 ,782
E01000282 ,692
E01000115 ,478
E01000116 ,618
E01000119 ,629
E01000120 ,497
E01000122 ,519
E01000117 ,694
E01000118 ,751
E01000121 ,525
E01000123 ,731
E01000124 ,793
E01000265 ,771
E01000266 ,507
E01000274 ,698
E01000320 ,809
E01000322 ,803
E01000275 ,666
E01000277 ,746
E01000283 ,476
E01000284 ,813
E01000321 ,829
E01000195 ,719
E01000229 ,584
E01000230 ,659
E01000231 ,619
E01000232 ,705
E01000233 ,658
E01000186 ,510
E01000187 ,593
E01000188 ,509
E01000189 ,981
E01000190 ,569
E01000191 ,555
E01000158 ,546
E01000159 ,649
E01000160 ,802
E01000161 ,808
E01000162 ,551
E01000324 ,649
E01000256 ,677
E01000258 ,781
E01000263 ,501
E01000264 ,715
E01000255 ,632
E01000257 ,912
E01000261 ,678
E01033911 ,649
E01033912 ,638
E01000192 ,710
E01000193 ,711
E01000194 ,704
E01000226 ,601
E01000227 ,599
E01000299 ,905
E01000300 ,681
E01000302 ,838
E01000317 ,639
E01000318 ,634
E01000323 ,"1,019"
E01000276 ,496
E01000278 ,503
E01000301 ,530
E01000303 ,534
E01000304 ,603
E01000130 ,658
E01000132 ,505
E01000133 ,578
E01000234 ,674
E01000235 ,655
E01000156 ,748
E01000157 ,667
E01000163 ,799
E01000164 ,647
E01000165 ,709
E01000315 ,634
E01000197 ,731
E01000295 ,648
E01000296 ,767
E01000298 ,733
E01000127 ,516
E01000128 ,633
E01000129 ,574
E01000131 ,713
E01000134 ,635
E01033913 ,539
E01033914 ,598
E01000198 ,779
E01000199 ,657
E01000204 ,693
E01000259 ,981
E01000260 ,840
E01000126 ,769
E01000151 ,656
E01000152 ,927
E01000153 ,742
E01000154 ,707
E01000176 ,720
E01000178 ,677
E01000184 ,710
E01000297 ,540
E01000316 ,889
E01000319 ,498
E01000196 ,"1,092"
E01000200 ,875
E01000201 ,526
E01000202 ,616
E01000203 ,684
E01000177 ,692
E01000179 ,771
E01000180 ,669
E01000181 ,685
E01000182 ,731
E01000185 ,643
E01000239 ,934
E01000240 ,626
E01000241 ,702
E01000309 ,709
E01000237 ,727
E01000242 ,595
E01000243 ,901
E01000244 ,625
E01000245 ,877
E01000314 ,781
E01000183 ,603
E01000206 ,523
E01000207 ,644
E01000208 ,635
E01000210 ,585
E01000213 ,452
E01000236 ,698
E01000238 ,644
E01000310 ,845
E01000311 ,519
E01000205 ,605
E01000209 ,742
E01000211 ,925
E01000212 ,552
E01000216 ,721
E01000217 ,553
E01000150 ,775
E01000305 ,652
E01000306 ,618
E01000308 ,959
E01000312 ,721
E01000313 ,711
E01000145 ,488
E01000215 ,707
E01000218 ,583
E01000219 ,659
E01000220 ,681
E01000225 ,578
E01000135 ,626
E01000136 ,564
E01000144 ,743
E01000146 ,868
E01000214 ,772
E01000141 ,788
E01000221 ,528
E01000223 ,746
E01000307 ,553
E01000138 ,654
E01000142 ,892
E01000222 ,730
E01000224 ,557
E01000137 ,673
E01000139 ,540
E01000140 ,867
E01000143 ,679
E01033915 ,582
E01033916 ,651
E01033917 ,703
E01033918 ,631
E01033919 ,648
E01033920 ,640
E01000147 ,560
E01033921 ,693
E01033922 ,684
E01033923 ,587
E01033924 ,579
E01033925 ,617
E01000466 ,600
E01000467 ,593
E01000468 ,943
E01000469 ,639
E01000416 ,510
E01000418 ,727
E01000422 ,501
E01000464 ,552
E01000465 ,729
E01000470 ,528
E01000333 ,810
E01000335 ,"1,045"
E01000336 ,791
E01000337 ,645
E01000338 ,692
E01000403 ,"1,060"
E01000404 ,990
E01000405 ,564
E01000408 ,582
E01000332 ,615
E01000402 ,652
E01000406 ,788
E01000407 ,757
E01000334 ,637
E01000417 ,704
E01000419 ,583
E01000420 ,590
E01000442 ,626
E01000437 ,502
E01000438 ,602
E01000439 ,516
E01000440 ,515
E01000441 ,700
E01000373 ,461
E01000429 ,710
E01000430 ,706
E01000431 ,431
E01000433 ,713
E01000434 ,574
E01033789 ,604
E01033790 ,489
E01000356 ,628
E01000357 ,488
E01000359 ,494
E01000421 ,598
E01000450 ,633
E01000451 ,622
E01000452 ,492
E01000367 ,797
E01000368 ,627
E01000372 ,590
E01000380 ,904
E01000435 ,585
E01000353 ,654
E01000354 ,607
E01000355 ,601
E01000358 ,665
E01000436 ,622
E01000401 ,691
E01000453 ,514
E01000454 ,629
E01000455 ,620
E01000456 ,482
E01000325 ,585
E01000326 ,542
E01000369 ,629
E01000370 ,634
E01000371 ,629
E01000360 ,772
E01000362 ,777
E01000365 ,708
E01000366 ,659
E01000394 ,670
E01000388 ,599
E01000392 ,764
E01000409 ,654
E01000411 ,553
E01000414 ,728
E01000415 ,517
E01000327 ,623
E01000328 ,612
E01000329 ,658
E01000330 ,768
E01000331 ,617
E01000340 ,626
E01000395 ,546
E01000396 ,506
E01000410 ,598
E01000412 ,643
E01000413 ,524
E01000374 ,523
E01000375 ,786
E01000376 ,611
E01000377 ,653
E01000379 ,670
E01033791 ,630
E01033792 ,574
E01000348 ,525
E01000349 ,656
E01000361 ,600
E01000363 ,565
E01000389 ,712
E01000390 ,515
E01000393 ,626
E01000346 ,617
E01000347 ,627
E01000350 ,523
E01000352 ,667
E01000391 ,639
E01000341 ,623
E01000342 ,634
E01000343 ,558
E01000345 ,489
E01000460 ,483
E01000364 ,649
E01000444 ,635
E01000447 ,881
E01000448 ,512
E01000449 ,643
E01000351 ,624
E01000443 ,517
E01000445 ,673
E01000446 ,596
E01000461 ,570
E01000339 ,601
E01000344 ,637
E01000423 ,606
E01000425 ,607
E01000463 ,454
E01000424 ,749
E01000426 ,707
E01000427 ,908
E01000457 ,996
E01000462 ,833
E01000382 ,588
E01000384 ,758
E01000387 ,625
E01000428 ,908
E01000458 ,686
E01000459 ,883
E01000381 ,657
E01000383 ,626
E01000385 ,786
E01000386 ,645
E01000398 ,609
E01000399 ,622
E01000400 ,591
E01032566 ,752
E01000587 ,459
E01000589 ,804
E01000590 ,631
E01000592 ,618
E01000593 ,670
E01000594 ,558
E01000513 ,468
E01000514 ,493
E01000516 ,750
E01000520 ,611
E01033929 ,552
E01033930 ,590
E01000515 ,648
E01000517 ,489
E01000543 ,494
E01000591 ,641
E01033463 ,910
E01000536 ,504
E01000538 ,485
E01000539 ,539
E01000540 ,483
E01000541 ,486
E01000518 ,627
E01000519 ,630
E01000623 ,568
E01000624 ,589
E01000629 ,624
E01000480 ,513
E01000484 ,614
E01000485 ,531
E01000486 ,520
E01000487 ,697
E01000572 ,462
E01000573 ,480
E01000574 ,455
E01000575 ,660
E01000577 ,861
E01000562 ,477
E01000563 ,482
E01000566 ,464
E01000568 ,663
E01000569 ,482
E01000479 ,514
E01000481 ,601
E01000483 ,657
E01000625 ,588
E01033931 ,501
E01033932 ,525
E01000498 ,515
E01000622 ,706
E01000626 ,604
E01033933 ,416
E01033934 ,443
E01000497 ,685
E01000499 ,584
E01000501 ,759
E01000502 ,658
E01000503 ,776
E01000570 ,513
E01000571 ,496
E01000576 ,572
E01000578 ,835
E01000564 ,490
E01000565 ,484
E01000607 ,688
E01000608 ,808
E01000613 ,638
E01000506 ,667
E01000509 ,456
E01000510 ,576
E01000511 ,560
E01000627 ,687
E01000628 ,640
E01000553 ,743
E01000554 ,757
E01000555 ,528
E01000556 ,860
E01000557 ,831
E01000558 ,643
E01000567 ,460
E01000606 ,576
E01000609 ,632
E01000611 ,605
E01000504 ,697
E01000505 ,570
E01000507 ,519
E01000512 ,651
E01000559 ,656
E01000610 ,687
E01000612 ,544
E01000631 ,581
E01000633 ,615
E01000634 ,763
E01000616 ,591
E01000620 ,509
E01000621 ,516
E01000636 ,767
E01033935 ,567
E01033936 ,546
E01000596 ,626
E01000601 ,513
E01000602 ,502
E01000603 ,564
E01000604 ,513
E01000605 ,571
E01000488 ,551
E01000637 ,615
E01000639 ,750
E01000642 ,"1,028"
E01000644 ,763
E01000490 ,887
E01000494 ,721
E01000495 ,782
E01000560 ,664
E01000561 ,823
E01000638 ,790
E01000640 ,816
E01000641 ,735
E01000643 ,896
E01000508 ,863
E01000521 ,921
E01000522 ,698
E01000526 ,808
E01000527 ,734
E01000528 ,735
E01000471 ,492
E01000474 ,520
E01000476 ,555
E01000477 ,682
E01000630 ,908
E01000595 ,653
E01000599 ,698
E01033456 ,876
E01033937 ,483
E01033938 ,447
E01033939 ,796
E01000545 ,910
E01000546 ,753
E01000547 ,687
E01000548 ,"1,002"
E01000549 ,892
E01000472 ,914
E01000473 ,789
E01000475 ,614
E01000478 ,716
E01000632 ,594
E01000489 ,688
E01000491 ,864
E01000492 ,451
E01000493 ,564
E01000581 ,593
E01000523 ,865
E01000524 ,986
E01000525 ,758
E01000533 ,878
E01000535 ,847
E01033455 ,497
E01033485 ,708
E01000579 ,634
E01000580 ,853
E01000582 ,685
E01000583 ,902
E01000586 ,"1,087"
E01000530 ,674
E01000531 ,858
E01000532 ,610
E01000534 ,657
E01000584 ,551
E01000585 ,592
E01000544 ,740
E01000550 ,910
E01000551 ,"1,176"
E01000552 ,578
E01033457 ,581
E01033940 ,709
E01033941 ,730
E01033942 ,689
E01000615 ,827
E01000617 ,720
E01000618 ,480
E01000619 ,478
E01000779 ,590
E01000780 ,647
E01000781 ,626
E01000782 ,654
E01000783 ,636
E01000785 ,632
E01000689 ,616
E01000690 ,536
E01000691 ,636
E01000692 ,683
E01000784 ,592
E01000799 ,754
E01000802 ,802
E01000803 ,747
E01000804 ,564
E01000805 ,798
E01000741 ,931
E01000742 ,"1,022"
E01000745 ,899
E01000746 ,964
E01034383 ,630
E01034384 ,622
E01000709 ,737
E01000710 ,"1,158"
E01000711 ,"1,027"
E01000714 ,"1,092"
E01000718 ,928
E01000645 ,542
E01000649 ,817
E01000694 ,884
E01000695 ,622
E01000696 ,688
E01000697 ,779
E01000674 ,799
E01000676 ,965
E01000820 ,701
E01000822 ,713
E01000823 ,734
E01000824 ,578
E01000825 ,810
E01000743 ,851
E01000744 ,662
E01000796 ,620
E01000798 ,735
E01000800 ,797
E01000806 ,778
E01000693 ,645
E01000698 ,437
E01000736 ,629
E01000737 ,584
E01000672 ,695
E01000673 ,635
E01000716 ,709
E01000717 ,865
E01000828 ,768
E01000712 ,881
E01000713 ,888
E01000715 ,927
E01000770 ,688
E01000772 ,755
E01000700 ,669
E01000702 ,639
E01000703 ,701
E01000706 ,610
E01000797 ,689
E01000729 ,834
E01000730 ,666
E01000735 ,556
E01000738 ,646
E01000739 ,637
E01000699 ,665
E01000701 ,606
E01000704 ,599
E01000705 ,571
E01000801 ,651
E01000646 ,783
E01000647 ,648
E01000648 ,727
E01000653 ,595
E01000678 ,699
E01000670 ,834
E01000677 ,801
E01000762 ,747
E01000829 ,702
E01034385 ,578
E01034386 ,650
E01000719 ,864
E01000720 ,685
E01000721 ,615
E01000724 ,652
E01000728 ,699
E01000651 ,625
E01000668 ,974
E01000669 ,747
E01000671 ,"1,017"
E01000679 ,677
E01000826 ,561
E01000827 ,781
E01000830 ,555
E01000831 ,773
E01000833 ,497
E01000650 ,749
E01000652 ,674
E01000807 ,637
E01000809 ,641
E01000722 ,756
E01000725 ,793
E01000731 ,515
E01000732 ,584
E01000733 ,634
E01000769 ,454
E01000773 ,608
E01000775 ,855
E01000777 ,559
E01000778 ,639
E01000808 ,620
E01000810 ,595
E01000811 ,573
E01000813 ,621
E01000815 ,561
E01000661 ,"1,180"
E01000662 ,652
E01000663 ,664
E01000664 ,600
E01000763 ,527
E01000764 ,660
E01000766 ,645
E01000767 ,601
E01000834 ,461
E01000727 ,762
E01000734 ,511
E01000790 ,"1,045"
E01000812 ,675
E01000814 ,580
E01000723 ,552
E01000726 ,578
E01000787 ,674
E01000788 ,614
E01000791 ,622
E01000832 ,586
E01000835 ,699
E01000836 ,495
E01000837 ,652
E01000838 ,541
E01000839 ,541
E01000840 ,686
E01000841 ,661
E01000753 ,756
E01000754 ,735
E01000755 ,631
E01000757 ,603
E01000758 ,555
E01000786 ,636
E01000789 ,661
E01000792 ,573
E01000793 ,627
E01000795 ,537
E01000665 ,743
E01000666 ,803
E01000667 ,627
E01000756 ,649
E01000759 ,577
E01000760 ,582
E01000761 ,569
E01000765 ,703
E01000768 ,611
E01000681 ,649
E01000682 ,639
E01000683 ,704
E01000684 ,748
E01000794 ,605
E01000749 ,637
E01000750 ,653
E01000751 ,888
E01000752 ,786
E01000680 ,647
E01000685 ,612
E01000686 ,641
E01000687 ,660
E01000688 ,508
E01000654 ,488
E01000655 ,490
E01000656 ,565
E01000657 ,675
E01000659 ,523
E01000816 ,614
E01000818 ,640
E01000819 ,756
E01032562 ,620
E01032563 ,566
E01000707 ,530
E01000708 ,713
E01000771 ,622
E01000774 ,582
E01032568 ,642
E01000658 ,561
E01000747 ,791
E01000748 ,704
E01032570 ,732
E01000907 ,615
E01000908 ,772
E01000909 ,644
E01000912 ,681
E01000913 ,683
E01000893 ,657
E01000894 ,565
E01000895 ,783
E01000896 ,661
E01000899 ,707
E01000910 ,557
E01000911 ,632
E01000921 ,922
E01000923 ,628
E01000928 ,752
E01000878 ,764
E01000879 ,573
E01000880 ,578
E01000884 ,583
E01000885 ,528
E01000871 ,651
E01000872 ,855
E01000873 ,667
E01000874 ,630
E01000877 ,662
E01000886 ,593
E01000887 ,654
E01000888 ,640
E01000892 ,817
E01000903 ,626
E01000889 ,707
E01000890 ,604
E01000891 ,615
E01000901 ,732
E01000922 ,688
E01000927 ,688
E01000881 ,602
E01000882 ,665
E01000883 ,755
E01000897 ,654
E01000898 ,826
E01000866 ,923
E01000870 ,725
E01000924 ,726
E01000925 ,568
E01000926 ,609
E01000969 ,890
E01000970 ,760
E01000971 ,579
E01000972 ,958
E01000973 ,"1,121"
E01000842 ,708
E01000844 ,819
E01000848 ,740
E01000849 ,737
E01000900 ,716
E01000902 ,545
E01000904 ,897
E01000905 ,762
E01000906 ,734
E01000875 ,771
E01000876 ,827
E01000931 ,925
E01000932 ,879
E01000974 ,764
E01000843 ,651
E01000845 ,697
E01000846 ,581
E01000847 ,618
E01000867 ,767
E01000868 ,745
E01000869 ,878
E01035707 ,"1,126"
E01000962 ,757
E01000964 ,753
E01000965 ,814
E01000966 ,699
E01000968 ,728
E01000960 ,892
E01000961 ,725
E01000963 ,827
E01000967 ,638
E01000857 ,637
E01000858 ,798
E01000859 ,700
E01000860 ,675
E01000862 ,807
E01000856 ,646
E01000861 ,697
E01000957 ,652
E01000958 ,954
E01000959 ,686
E01000929 ,726
E01000930 ,"1,103"
E01000933 ,815
E01000934 ,719
E01000935 ,705
E01000863 ,694
E01000946 ,686
E01000947 ,816
E01000948 ,745
E01000952 ,657
E01000954 ,649
E01000955 ,536
E01000956 ,604
E01035708 ,734
E01035709 ,637
E01000944 ,566
E01000949 ,694
E01000951 ,562
E01035710 ,897
E01000850 ,573
E01000851 ,631
E01035711 ,902
E01000915 ,590
E01000916 ,933
E01000917 ,748
E01000920 ,817
E01000855 ,809
E01000914 ,764
E01000918 ,815
E01000919 ,713
E01000853 ,720
E01000937 ,418
E01000938 ,625
E01000939 ,486
E01000941 ,532
E01000942 ,508
E01000943 ,438
E01035712 ,742
E01000001 ,838
E01000002 ,824
E01000003 ,"1,017"
E01000005 ,480
E01032739 ,879
E01032740 ,877
E01001137 ,971
E01001138 ,719
E01001156 ,720
E01001162 ,801
E01001164 ,992
E01001084 ,665
E01001157 ,623
E01001159 ,740
E01001160 ,627
E01001163 ,835
E01001083 ,545
E01001086 ,590
E01001087 ,"1,130"
E01001161 ,551
E01001085 ,648
E01001088 ,575
E01001089 ,647
E01001090 ,886
E01001091 ,562
E01001147 ,670
E01001148 ,702
E01001151 ,671
E01001152 ,789
E01001158 ,670
E01001146 ,605
E01001149 ,621
E01001150 ,638
E01001153 ,615
E01001154 ,727
E01001136 ,983
E01001139 ,713
E01001140 ,759
E01001142 ,747
E01001144 ,800
E01001141 ,569
E01001143 ,825
E01001145 ,871
E01001191 ,863
E01001192 ,689
E01000994 ,536
E01000995 ,605
E01000996 ,448
E01000997 ,490
E01000999 ,433
E01001002 ,523
E01000998 ,587
E01001000 ,510
E01001003 ,596
E01001111 ,641
E01001155 ,785
E01001174 ,510
E01001175 ,555
E01001176 ,620
E01001182 ,461
E01001183 ,635
E01001184 ,446
E01001001 ,582
E01001109 ,963
E01001112 ,854
E01001113 ,858
E01001114 ,602
E01001116 ,606
E01000992 ,685
E01001185 ,744
E01001186 ,816
E01001188 ,748
E01001193 ,567
E01001004 ,781
E01001115 ,649
E01001178 ,601
E01001181 ,889
E01034139 ,658
E01034140 ,520
E01001006 ,690
E01001007 ,597
E01001177 ,554
E01001179 ,548
E01001180 ,674
E01000980 ,578
E01000981 ,658
E01000982 ,674
E01000983 ,724
E01001187 ,810
E01000989 ,629
E01000991 ,685
E01001131 ,658
E01001132 ,644
E01001134 ,679
E01001005 ,600
E01001008 ,530
E01001009 ,667
E01001010 ,607
E01001011 ,859
E01001012 ,810
E01001013 ,903
E01001110 ,893
E01001118 ,880
E01034141 ,591
E01034142 ,644
E01034143 ,670
E01000985 ,520
E01000986 ,688
E01000987 ,514
E01000993 ,604
E01000975 ,"1,039"
E01000976 ,872
E01000977 ,947
E01000978 ,838
E01000979 ,775
E01000984 ,785
E01001044 ,835
E01001046 ,798
E01001049 ,520
E01001050 ,790
E01001042 ,944
E01001165 ,725
E01001166 ,876
E01001168 ,733
E01034144 ,588
E01034145 ,558
E01034146 ,597
E01001127 ,586
E01001128 ,569
E01001130 ,558
E01001135 ,638
E01001062 ,557
E01001063 ,577
E01001064 ,614
E01001129 ,506
E01001133 ,729
E01001167 ,819
E01001169 ,639
E01001171 ,681
E01001172 ,729
E01001173 ,"1,120"
E01001036 ,661
E01001037 ,682
E01001038 ,949
E01001039 ,599
E01001040 ,744
E01001051 ,565
E01001052 ,456
E01001054 ,591
E01001056 ,576
E01001057 ,601
E01001033 ,682
E01001034 ,665
E01001041 ,727
E01001095 ,595
E01001100 ,602
E01001053 ,534
E01001055 ,575
E01001077 ,516
E01001078 ,510
E01001082 ,523
E01001120 ,508
E01001122 ,459
E01001123 ,601
E01001124 ,603
E01001125 ,609
E01001058 ,525
E01001059 ,668
E01001060 ,644
E01001061 ,652
E01001065 ,650
E01001066 ,525
E01001119 ,579
E01001126 ,595
E01001032 ,556
E01001101 ,506
E01001102 ,634
E01001107 ,668
E01001108 ,642
E01001076 ,568
E01001079 ,588
E01001080 ,585
E01001081 ,496
E01001073 ,581
E01001092 ,700
E01001093 ,711
E01001096 ,533
E01001097 ,"1,171"
E01001098 ,535
E01001028 ,540
E01001029 ,637
E01001030 ,493
E01001031 ,515
E01001094 ,565
E01001103 ,644
E01001105 ,625
E01001106 ,561
E01001121 ,540
E01001069 ,506
E01001070 ,647
E01001075 ,644
E01001099 ,599
E01001015 ,556
E01001016 ,653
E01001023 ,"1,119"
E01001067 ,576
E01001074 ,816
E01001068 ,753
E01001071 ,723
E01001072 ,539
E01001104 ,642
E01001017 ,630
E01001024 ,526
E01001025 ,492
E01001026 ,670
E01001027 ,990
E01001018 ,634
E01001019 ,593
E01001020 ,642
E01001021 ,548
E01001022 ,620
E01000990 ,535
E01001189 ,459
E01001190 ,602
E01001194 ,617
E01032569 ,682
E01034147 ,640
E01034148 ,838
E01034149 ,"1,091"
E01034150 ,668
E01034151 ,643
E01001035 ,838
E01001047 ,845
E01001170 ,895
E01034152 ,728
E01001269 ,794
E01001271 ,633
E01001309 ,598
E01001310 ,756
E01001311 ,954
E01001307 ,607
E01001308 ,685
E01001312 ,607
E01001313 ,519
E01001314 ,511
E01001315 ,500
E01001316 ,613
E01001317 ,727
E01001318 ,717
E01001320 ,547
E01001321 ,793
E01001270 ,585
E01001319 ,507
E01001322 ,734
E01001323 ,774
E01001341 ,588
E01001342 ,641
E01001343 ,478
E01001345 ,524
E01001265 ,631
E01001266 ,597
E01001267 ,820
E01001272 ,590
E01001349 ,490
E01001344 ,902
E01001346 ,680
E01001347 ,686
E01001348 ,669
E01001257 ,810
E01001324 ,644
E01001326 ,675
E01001330 ,644
E01001332 ,578
E01001325 ,620
E01001327 ,591
E01001328 ,593
E01001329 ,639
E01001331 ,629
E01001258 ,649
E01001262 ,542
E01001263 ,736
E01001264 ,627
E01032743 ,820
E01032744 ,518
E01001276 ,697
E01001277 ,717
E01001278 ,800
E01001280 ,775
E01001218 ,725
E01001260 ,691
E01001261 ,858
E01001268 ,639
E01001209 ,652
E01001211 ,718
E01001279 ,556
E01001281 ,618
E01001217 ,440
E01001259 ,516
E01001291 ,510
E01001292 ,508
E01001293 ,568
E01001196 ,695
E01001239 ,564
E01001246 ,818
E01001247 ,813
E01034026 ,626
E01034027 ,894
E01001210 ,757
E01001282 ,614
E01001283 ,774
E01001285 ,576
E01001286 ,613
E01001287 ,505
E01001294 ,570
E01001295 ,526
E01001296 ,417
E01001297 ,514
E01001298 ,583
E01001204 ,594
E01001205 ,654
E01001206 ,553
E01001207 ,758
E01001208 ,508
E01001212 ,724
E01001224 ,579
E01001226 ,671
E01001227 ,603
E01001228 ,826
E01034028 ,646
E01034029 ,700
E01001195 ,617
E01001197 ,719
E01001198 ,595
E01001199 ,671
E01001284 ,587
E01001288 ,536
E01001289 ,477
E01001290 ,795
E01001213 ,536
E01001214 ,500
E01001215 ,620
E01001216 ,495
E01001361 ,604
E01001240 ,657
E01001241 ,656
E01001242 ,612
E01001243 ,960
E01001244 ,"1,171"
E01001245 ,921
E01001200 ,630
E01001201 ,630
E01001202 ,999
E01001203 ,854
E01001351 ,833
E01001359 ,623
E01001360 ,553
E01001362 ,716
E01001363 ,527
E01001364 ,550
E01001365 ,677
E01001231 ,786
E01001234 ,608
E01001350 ,615
E01001352 ,644
E01001354 ,890
E01001249 ,"1,090"
E01001250 ,978
E01001255 ,589
E01001383 ,649
E01001388 ,669
E01001389 ,758
E01001219 ,765
E01001220 ,469
E01001334 ,517
E01001337 ,764
E01001338 ,535
E01001339 ,700
E01001340 ,546
E01001251 ,735
E01001252 ,966
E01001253 ,774
E01001254 ,744
E01001229 ,593
E01001230 ,607
E01001232 ,616
E01001233 ,621
E01001237 ,672
E01001386 ,754
E01001303 ,649
E01001382 ,563
E01001384 ,700
E01001385 ,666
E01001387 ,725
E01001353 ,634
E01001355 ,890
E01001356 ,632
E01001357 ,"1,139"
E01001358 ,821
E01001375 ,708
E01001377 ,696
E01001379 ,717
E01001381 ,857
E01001248 ,566
E01001299 ,644
E01001305 ,633
E01001306 ,697
E01001333 ,714
E01001335 ,516
E01001336 ,566
E01001369 ,553
E01001300 ,599
E01001301 ,809
E01001302 ,618
E01001304 ,698
E01001374 ,902
E01001376 ,734
E01001380 ,"1,058"
E01032572 ,755
E01001223 ,633
E01001225 ,847
E01001273 ,584
E01001274 ,589
E01001275 ,907
E01001235 ,780
E01001236 ,686
E01034030 ,876
E01034031 ,632
E01001367 ,747
E01001372 ,696
E01001373 ,585
E01001366 ,564
E01001368 ,471
E01001370 ,570
E01001371 ,618
E01001444 ,649
E01001446 ,706
E01001546 ,610
E01001552 ,662
E01001442 ,637
E01001545 ,664
E01001547 ,724
E01001548 ,674
E01001551 ,640
E01001445 ,"1,142"
E01001447 ,741
E01001448 ,666
E01001449 ,542
E01033148 ,674
E01033150 ,650
E01001408 ,709
E01001411 ,741
E01001412 ,658
E01001413 ,610
E01001414 ,693
E01001407 ,594
E01001409 ,782
E01001410 ,815
E01001516 ,669
E01001537 ,689
E01001439 ,768
E01001441 ,623
E01001517 ,686
E01001549 ,813
E01001550 ,577
E01001433 ,576
E01001434 ,539
E01001435 ,485
E01001436 ,651
E01001438 ,548
E01001469 ,671
E01001536 ,848
E01001540 ,798
E01001541 ,646
E01001542 ,656
E01001538 ,597
E01001539 ,640
E01001543 ,584
E01001544 ,639
E01001457 ,843
E01001468 ,575
E01001471 ,967
E01001472 ,756
E01001474 ,860
E01001415 ,871
E01001417 ,665
E01001418 ,722
E01001422 ,615
E01001440 ,575
E01001504 ,561
E01001505 ,597
E01001507 ,812
E01001508 ,785
E01001513 ,724
E01001416 ,592
E01001470 ,650
E01001473 ,546
E01001475 ,637
E01001437 ,894
E01001509 ,648
E01033926 ,977
E01001405 ,830
E01001406 ,651
E01001450 ,"1,113"
E01001512 ,992
E01001515 ,744
E01001401 ,500
E01001478 ,571
E01001484 ,500
E01001511 ,670
E01001514 ,668
E01001518 ,660
E01001451 ,694
E01001452 ,481
E01001453 ,649
E01001454 ,666
E01001476 ,611
E01001477 ,612
E01001481 ,558
E01001502 ,659
E01001503 ,646
E01001520 ,696
E01001522 ,746
E01001523 ,723
E01001524 ,549
E01001526 ,636
E01001419 ,768
E01001420 ,633
E01001421 ,621
E01001525 ,758
E01033927 ,681
E01033928 ,577
E01001398 ,498
E01001399 ,500
E01001400 ,574
E01001402 ,699
E01001403 ,642
E01001455 ,562
E01001456 ,493
E01001564 ,639
E01001567 ,608
E01001568 ,567
E01001569 ,750
E01001479 ,641
E01001482 ,657
E01001487 ,667
E01001489 ,655
E01001491 ,694
E01001459 ,559
E01001460 ,670
E01001462 ,528
E01001480 ,578
E01001488 ,664
E01001483 ,533
E01001485 ,665
E01001486 ,804
E01001492 ,666
E01033146 ,555
E01033151 ,502
E01001404 ,515
E01001493 ,731
E01001494 ,502
E01001496 ,641
E01001570 ,725
E01001423 ,624
E01001425 ,739
E01001428 ,566
E01001461 ,627
E01001464 ,420
E01001521 ,681
E01001531 ,530
E01001532 ,664
E01001533 ,538
E01001535 ,496
E01001495 ,722
E01001498 ,697
E01001563 ,700
E01001565 ,707
E01001566 ,627
E01001424 ,479
E01001426 ,618
E01001427 ,643
E01001429 ,"1,013"
E01001430 ,649
E01001463 ,512
E01001465 ,500
E01001466 ,623
E01001467 ,665
E01001497 ,508
E01001499 ,535
E01001392 ,667
E01001528 ,684
E01001529 ,653
E01001530 ,618
E01001534 ,604
E01001431 ,654
E01001432 ,732
E01001555 ,774
E01001557 ,549
E01001558 ,604
E01001559 ,675
E01001394 ,670
E01001395 ,598
E01001397 ,770
E01001500 ,551
E01001556 ,537
E01001560 ,512
E01001390 ,714
E01001391 ,733
E01001393 ,818
E01001396 ,524
E01001501 ,921
E01001527 ,785
E01001458 ,641
E01001553 ,546
E01001554 ,686
E01001562 ,827
E01032574 ,693
E01001690 ,812
E01001692 ,558
E01001693 ,613
E01001694 ,611
E01001687 ,513
E01001688 ,936
E01033739 ,649
E01033740 ,545
E01033741 ,641
E01033743 ,663
E01033745 ,589
E01001575 ,621
E01001576 ,670
E01001577 ,726
E01001578 ,849
E01001579 ,624
E01001705 ,848
E01001708 ,684
E01001710 ,652
E01034173 ,639
E01001672 ,642
E01001673 ,799
E01001674 ,711
E01001675 ,701
E01001677 ,728
E01001631 ,789
E01001632 ,664
E01001635 ,641
E01001636 ,599
E01033742 ,566
E01033744 ,660
E01001571 ,630
E01001572 ,651
E01001573 ,522
E01001574 ,751
E01001629 ,838
E01001633 ,775
E01001634 ,657
E01001637 ,688
E01001695 ,562
E01001696 ,"1,143"
E01001697 ,935
E01001700 ,798
E01001703 ,763
E01001704 ,619
E01001588 ,638
E01001589 ,677
E01001591 ,808
E01001595 ,731
E01001590 ,714
E01001592 ,736
E01001593 ,765
E01001594 ,834
E01001698 ,755
E01001699 ,664
E01001701 ,776
E01001702 ,440
E01001581 ,729
E01001585 ,602
E01001586 ,663
E01001587 ,952
E01001678 ,645
E01001683 ,599
E01001684 ,566
E01001685 ,652
E01001646 ,"1,130"
E01001650 ,610
E01001651 ,744
E01001652 ,706
E01001679 ,553
E01001680 ,617
E01001681 ,526
E01001682 ,551
E01001686 ,752
E01001580 ,792
E01001582 ,660
E01001583 ,767
E01001584 ,664
E01001645 ,706
E01001647 ,568
E01001648 ,692
E01001649 ,574
E01001605 ,568
E01001606 ,608
E01001610 ,704
E01001611 ,712
E01001620 ,502
E01001621 ,668
E01001623 ,669
E01001624 ,626
E01001625 ,618
E01001604 ,600
E01001607 ,669
E01001608 ,582
E01001609 ,740
E01001613 ,799
E01001614 ,546
E01001615 ,941
E01001617 ,734
E01001653 ,598
E01001654 ,569
E01001655 ,634
E01001660 ,564
E01001661 ,578
E01001618 ,756
E01001619 ,828
E01033729 ,758
E01001597 ,633
E01001598 ,606
E01001602 ,715
E01001603 ,739
E01001596 ,638
E01001599 ,603
E01001600 ,638
E01001601 ,569
E01001669 ,917
E01001671 ,683
E01001676 ,674
E01032567 ,600
E01001656 ,585
E01001657 ,704
E01001658 ,730
E01001659 ,551
E01034174 ,602
E01034175 ,657
E01034176 ,605
E01034177 ,652
E01033727 ,966
E01033728 ,868
E01034178 ,861
E01034179 ,554
E01034180 ,537
E01034181 ,751
E01034182 ,728
E01001664 ,884
E01001665 ,771
E01033738 ,743
E01034183 ,693
E01034184 ,574
E01034185 ,560
E01001638 ,679
E01001641 ,816
E01001642 ,757
E01001644 ,"1,180"
E01033746 ,706
E01033734 ,632
E01033736 ,"1,168"
E01034186 ,736
E01034187 ,698
E01034188 ,670
E01034189 ,562
E01034190 ,720
E01034191 ,757
E01034192 ,"1,060"
E01001666 ,743
E01033732 ,452
E01034193 ,741
E01034194 ,606
E01034195 ,509
E01034196 ,577
E01001712 ,912
E01033735 ,592
E01033737 ,813
E01034198 ,967
E01001808 ,543
E01001809 ,570
E01001814 ,554
E01001823 ,520
E01001825 ,402
E01001714 ,855
E01001811 ,670
E01001813 ,794
E01035638 ,848
E01035639 ,805
E01001799 ,449
E01001802 ,458
E01001804 ,459
E01001807 ,651
E01001812 ,568
E01001725 ,567
E01001726 ,464
E01001800 ,661
E01001824 ,505
E01001826 ,526
E01001723 ,681
E01001724 ,"1,070"
E01001727 ,561
E01001768 ,748
E01001769 ,632
E01001715 ,659
E01001716 ,836
E01001717 ,427
E01001718 ,825
E01001719 ,697
E01001720 ,789
E01001742 ,781
E01001801 ,546
E01001803 ,684
E01001806 ,674
E01001741 ,576
E01001805 ,507
E01001829 ,663
E01001831 ,785
E01001832 ,624
E01001764 ,673
E01001765 ,750
E01001767 ,629
E01001770 ,771
E01033703 ,558
E01033713 ,610
E01001792 ,715
E01001793 ,606
E01001794 ,644
E01001795 ,515
E01001796 ,634
E01001736 ,678
E01001737 ,706
E01001738 ,793
E01001739 ,884
E01001786 ,842
E01001787 ,648
E01001788 ,647
E01001790 ,584
E01001740 ,626
E01001747 ,"1,076"
E01001830 ,895
E01001833 ,921
E01001834 ,806
E01001835 ,492
E01001733 ,735
E01001785 ,585
E01001789 ,625
E01001791 ,493
E01001745 ,914
E01001746 ,599
E01001757 ,608
E01001758 ,"1,081"
E01001759 ,724
E01001761 ,924
E01001731 ,"1,156"
E01001734 ,852
E01001760 ,871
E01001762 ,799
E01001846 ,536
E01001847 ,556
E01001848 ,697
E01001849 ,"1,016"
E01001729 ,499
E01001730 ,"1,131"
E01001732 ,756
E01001735 ,652
E01001838 ,696
E01001850 ,707
E01001749 ,670
E01001763 ,816
E01001816 ,618
E01001819 ,747
E01035640 ,635
E01035641 ,613
E01001836 ,813
E01001840 ,660
E01001841 ,632
E01001844 ,709
E01001845 ,725
E01001837 ,637
E01001839 ,"1,039"
E01001842 ,643
E01001843 ,478
E01033704 ,"1,103"
E01033712 ,694
E01001772 ,766
E01001774 ,854
E01001775 ,704
E01001815 ,668
E01001820 ,575
E01001821 ,585
E01001753 ,626
E01001755 ,692
E01001773 ,"1,042"
E01001776 ,752
E01035642 ,854
E01035643 ,742
E01035644 ,606
E01035645 ,615
E01001781 ,684
E01001783 ,669
E01035646 ,665
E01035647 ,597
E01035648 ,706
E01035649 ,670
E01001798 ,726
E01001828 ,816
E01033702 ,561
E01033705 ,552
E01033710 ,515
E01001722 ,922
E01001728 ,588
E01001822 ,676
E01001827 ,596
E01001756 ,956
E01033699 ,714
E01033700 ,"1,132"
E01001744 ,815
E01001750 ,926
E01001751 ,647
E01035650 ,914
E01001780 ,851
E01001784 ,757
E01033709 ,872
E01033711 ,881
E01001777 ,"1,147"
E01033706 ,732
E01033708 ,937
E01001875 ,655
E01001876 ,812
E01001877 ,609
E01001878 ,590
E01035484 ,627
E01035485 ,581
E01001955 ,823
E01001957 ,583
E01001958 ,599
E01001961 ,531
E01001954 ,666
E01001956 ,599
E01001959 ,580
E01001960 ,772
E01001943 ,"1,101"
E01001944 ,799
E01001945 ,749
E01001946 ,849
E01001862 ,837
E01001940 ,709
E01001941 ,770
E01001942 ,867
E01001858 ,724
E01001860 ,773
E01001861 ,627
E01001863 ,627
E01001864 ,695
E01001852 ,920
E01001853 ,664
E01001854 ,883
E01001857 ,782
E01001859 ,"1,149"
E01001865 ,668
E01001927 ,517
E01001930 ,771
E01001895 ,643
E01001896 ,706
E01001897 ,558
E01001929 ,591
E01001851 ,647
E01001855 ,883
E01001856 ,722
E01001869 ,588
E01001873 ,707
E01001928 ,682
E01001931 ,656
E01001932 ,746
E01001933 ,688
E01001866 ,656
E01001867 ,536
E01001868 ,593
E01001870 ,911
E01001871 ,704
E01001872 ,714
E01001893 ,641
E01001894 ,705
E01001898 ,951
E01001899 ,792
E01001900 ,718
E01001889 ,576
E01001910 ,735
E01001913 ,711
E01001914 ,828
E01001885 ,517
E01001908 ,760
E01001909 ,858
E01001911 ,709
E01001912 ,522
E01001886 ,629
E01001887 ,636
E01001890 ,741
E01001892 ,581
E01001880 ,744
E01001881 ,821
E01001882 ,709
E01001883 ,943
E01001884 ,918
E01001888 ,614
E01001891 ,"1,154"
E01001917 ,698
E01001918 ,613
E01001919 ,599
E01001879 ,635
E01001901 ,683
E01001902 ,806
E01001903 ,595
E01001920 ,776
E01001921 ,604
E01001922 ,641
E01001923 ,649
E01001924 ,610
E01001947 ,587
E01001948 ,841
E01001949 ,644
E01001950 ,592
E01001951 ,694
E01001953 ,681
E01001904 ,711
E01001905 ,708
E01001906 ,622
E01001907 ,544
E01001935 ,922
E01032788 ,712
E01032789 ,594
E01032790 ,488
E01035486 ,881
E01035487 ,749
E01001915 ,628
E01001916 ,604
E01001926 ,581
E01001952 ,827
E01001925 ,619
E01001934 ,795
E01001937 ,724
E01001938 ,632
E01001969 ,870
E01001971 ,815
E01001974 ,973
E01001975 ,814
E01002036 ,697
E01002037 ,684
E01002039 ,621
E01002040 ,879
E01001962 ,640
E01001970 ,749
E01001972 ,729
E01001973 ,"1,002"
E01002090 ,637
E01002093 ,660
E01002096 ,588
E01002097 ,594
E01002091 ,634
E01002092 ,645
E01002094 ,528
E01002095 ,619
E01002098 ,647
E01002101 ,735
E01002102 ,719
E01002105 ,889
E01002099 ,803
E01002100 ,661
E01002103 ,687
E01002104 ,515
E01001963 ,677
E01001964 ,639
E01001965 ,629
E01001966 ,518
E01002027 ,550
E01002028 ,624
E01002032 ,733
E01002033 ,690
E01001976 ,686
E01001977 ,606
E01001978 ,786
E01001979 ,927
E01002074 ,855
E01002077 ,857
E01002079 ,607
E01002081 ,682
E01002082 ,570
E01002086 ,617
E01002088 ,670
E01002089 ,513
E01001967 ,603
E01001968 ,694
E01001996 ,615
E01001997 ,702
E01002075 ,722
E01002076 ,679
E01002078 ,"1,133"
E01033943 ,724
E01033944 ,693
E01002026 ,754
E01002029 ,728
E01002030 ,638
E01002031 ,750
E01001991 ,739
E01001992 ,678
E01001993 ,604
E01001995 ,942
E01001980 ,702
E01001981 ,646
E01001982 ,719
E01001983 ,651
E01002083 ,534
E01002084 ,657
E01002085 ,795
E01002087 ,849
E01002014 ,837
E01002015 ,631
E01002018 ,596
E01033086 ,512
E01033945 ,671
E01033946 ,672
E01002020 ,701
E01002022 ,980
E01002023 ,588
E01002025 ,598
E01002013 ,572
E01002019 ,545
E01002021 ,566
E01002024 ,527
E01001998 ,825
E01001999 ,962
E01002003 ,"1,139"
E01002004 ,719
E01002067 ,733
E01002069 ,966
E01002070 ,"1,078"
E01002073 ,662
E01002066 ,906
E01002068 ,857
E01002071 ,700
E01002072 ,677
E01002043 ,701
E01002045 ,825
E01002046 ,662
E01002049 ,699
E01002042 ,591
E01002044 ,712
E01002047 ,631
E01002048 ,738
E01002016 ,879
E01002017 ,654
E01002059 ,700
E01002060 ,751
E01002050 ,470
E01002051 ,686
E01002052 ,505
E01002055 ,502
E01001994 ,741
E01002008 ,527
E01002010 ,698
E01002011 ,778
E01002000 ,739
E01002001 ,686
E01002002 ,793
E01002058 ,648
E01002053 ,724
E01002054 ,680
E01002056 ,922
E01002057 ,596
E01001984 ,957
E01001985 ,726
E01001987 ,760
E01001989 ,758
E01001986 ,698
E01001988 ,789
E01001990 ,939
E01002062 ,826
E01002005 ,735
E01002006 ,772
E01002007 ,686
E01002009 ,652
E01002061 ,692
E01002063 ,713
E01002064 ,653
E01002065 ,740
E01002034 ,"1,021"
E01002038 ,712
E01002041 ,733
E01032575 ,661
E01002112 ,735
E01002114 ,"1,013"
E01002225 ,692
E01002226 ,"1,104"
E01002113 ,596
E01002115 ,507
E01002116 ,624
E01002118 ,675
E01034589 ,620
E01034590 ,615
E01002227 ,649
E01002228 ,787
E01002229 ,744
E01002230 ,632
E01002144 ,575
E01002146 ,506
E01002147 ,490
E01002149 ,473
E01002140 ,614
E01002141 ,655
E01002142 ,656
E01002143 ,540
E01002145 ,624
E01002139 ,501
E01002148 ,487
E01002150 ,895
E01002151 ,529
E01002152 ,632
E01002119 ,867
E01002120 ,479
E01002121 ,530
E01002122 ,560
E01002123 ,514
E01002106 ,645
E01002108 ,550
E01002109 ,646
E01002110 ,532
E01002111 ,682
E01002185 ,650
E01002186 ,785
E01002187 ,758
E01002190 ,604
E01002124 ,493
E01002125 ,553
E01002198 ,499
E01002200 ,570
E01002203 ,552
E01002232 ,738
E01002233 ,833
E01002234 ,615
E01002235 ,601
E01002236 ,759
E01002107 ,566
E01002197 ,421
E01002199 ,474
E01002201 ,504
E01002202 ,705
E01002179 ,911
E01002183 ,671
E01002184 ,653
E01002231 ,665
E01034591 ,518
E01034592 ,402
E01002156 ,521
E01002162 ,680
E01002163 ,539
E01034593 ,528
E01034594 ,476
E01002188 ,627
E01002189 ,725
E01002192 ,666
E01002193 ,741
E01002165 ,532
E01002166 ,487
E01002167 ,474
E01002168 ,506
E01002169 ,528
E01002153 ,622
E01002155 ,630
E01002157 ,591
E01002158 ,488
E01002128 ,805
E01002130 ,"1,109"
E01002181 ,849
E01002182 ,689
E01002159 ,685
E01002160 ,939
E01002161 ,713
E01002164 ,710
E01002191 ,659
E01002194 ,655
E01002195 ,602
E01002196 ,609
E01002127 ,648
E01002129 ,"1,196"
E01002131 ,608
E01034595 ,516
E01034596 ,579
E01034597 ,606
E01034598 ,604
E01002237 ,809
E01002238 ,618
E01002240 ,665
E01002242 ,625
E01002208 ,487
E01002209 ,665
E01002239 ,754
E01002241 ,657
E01002133 ,809
E01002136 ,711
E01002138 ,510
E01034599 ,571
E01034600 ,817
E01002211 ,470
E01002212 ,647
E01002216 ,517
E01002217 ,780
E01002132 ,817
E01002134 ,586
E01002135 ,710
E01002137 ,447
E01002218 ,645
E01002219 ,625
E01002221 ,520
E01002222 ,495
E01002214 ,616
E01002215 ,615
E01002220 ,495
E01002223 ,579
E01002224 ,530
E01002204 ,637
E01002206 ,455
E01002207 ,546
E01002210 ,491
E01032576 ,515
E01002170 ,407
E01002171 ,538
E01002172 ,490
E01002173 ,568
E01002174 ,494
E01002175 ,404
E01002176 ,516
E01002177 ,473
E01002178 ,507
E01002276 ,692
E01002278 ,628
E01002312 ,701
E01002313 ,852
E01002277 ,612
E01002279 ,650
E01002281 ,971
E01002283 ,604
E01002299 ,658
E01002301 ,624
E01002303 ,813
E01002304 ,529
E01002306 ,662
E01002307 ,665
E01002280 ,666
E01002282 ,718
E01002284 ,769
E01002297 ,675
E01002314 ,647
E01002316 ,815
E01002302 ,628
E01002305 ,616
E01002308 ,669
E01002326 ,643
E01002331 ,609
E01002309 ,653
E01002310 ,730
E01002311 ,677
E01002315 ,639
E01002294 ,633
E01002296 ,695
E01002298 ,645
E01002300 ,843
E01033784 ,679
E01033785 ,635
E01002333 ,517
E01002334 ,663
E01002336 ,617
E01002339 ,598
E01002341 ,546
E01002327 ,603
E01002328 ,640
E01002332 ,690
E01002335 ,572
E01002338 ,513
E01002340 ,507
E01002268 ,530
E01002269 ,679
E01002295 ,807
E01002377 ,747
E01002378 ,603
E01002383 ,652
E01002244 ,726
E01002245 ,624
E01002325 ,833
E01002329 ,646
E01002330 ,703
E01002337 ,493
E01002354 ,567
E01002376 ,526
E01002379 ,667
E01002380 ,"1,069"
E01002381 ,634
E01002243 ,833
E01002353 ,857
E01002356 ,947
E01032741 ,730
E01032742 ,831
E01002272 ,538
E01002274 ,677
E01002317 ,554
E01002318 ,625
E01002355 ,569
E01002382 ,752
E01002270 ,647
E01002271 ,520
E01002273 ,484
E01002275 ,500
E01002319 ,732
E01002350 ,681
E01002351 ,695
E01002352 ,808
E01002358 ,873
E01002246 ,635
E01002247 ,892
E01002248 ,631
E01002250 ,700
E01002251 ,513
E01033786 ,559
E01033787 ,567
E01033788 ,515
E01002252 ,634
E01002256 ,612
E01002258 ,767
E01002259 ,604
E01002391 ,629
E01002253 ,610
E01002254 ,635
E01002257 ,654
E01002384 ,677
E01002359 ,519
E01002360 ,729
E01002361 ,894
E01002363 ,627
E01002367 ,704
E01002320 ,539
E01002321 ,702
E01002322 ,731
E01002323 ,627
E01002324 ,654
E01002255 ,632
E01002289 ,633
E01002292 ,652
E01002362 ,626
E01002386 ,915
E01002287 ,603
E01002291 ,751
E01002364 ,538
E01002365 ,534
E01002366 ,564
E01002385 ,600
E01002387 ,604
E01002388 ,597
E01002389 ,617
E01002390 ,526
E01002265 ,627
E01002285 ,545
E01002286 ,608
E01002288 ,610
E01002290 ,622
E01002260 ,625
E01002261 ,656
E01002262 ,675
E01002263 ,604
E01002264 ,701
E01002266 ,602
E01002267 ,752
E01002372 ,613
E01002373 ,625
E01002374 ,633
E01002368 ,983
E01002369 ,740
E01002370 ,865
E01002371 ,654
E01002375 ,692
E01002343 ,636
E01002344 ,743
E01002348 ,647
E01002349 ,596
E01002342 ,613
E01002345 ,787
E01002346 ,551
E01002347 ,546
E01002473 ,683
E01002475 ,711
E01002476 ,633
E01002477 ,568
E01002482 ,622
E01002472 ,803
E01002474 ,691
E01002478 ,668
E01002483 ,727
E01002484 ,580
E01002485 ,836
E01002438 ,562
E01002439 ,622
E01002440 ,633
E01002441 ,707
E01002442 ,652
E01002433 ,"1,011"
E01002436 ,675
E01002479 ,656
E01002480 ,696
E01002481 ,653
E01002533 ,584
E01002534 ,598
E01002538 ,763
E01002539 ,693
E01002418 ,659
E01002419 ,644
E01002431 ,487
E01002432 ,634
E01002437 ,590
E01002430 ,525
E01002434 ,494
E01002435 ,573
E01002470 ,714
E01002535 ,"1,000"
E01002416 ,593
E01002417 ,749
E01002420 ,672
E01002421 ,627
E01002471 ,632
E01002465 ,640
E01002467 ,627
E01002494 ,637
E01002536 ,588
E01002537 ,"1,038"
E01002415 ,641
E01002466 ,632
E01002468 ,637
E01002469 ,643
E01002495 ,701
E01002458 ,530
E01002459 ,630
E01002460 ,616
E01002462 ,523
E01002464 ,621
E01002461 ,527
E01002463 ,522
E01002512 ,769
E01002513 ,585
E01002516 ,496
E01002450 ,498
E01002451 ,501
E01002452 ,511
E01002453 ,620
E01002454 ,652
E01002414 ,531
E01002514 ,883
E01034601 ,595
E01034602 ,627
E01034603 ,517
E01034604 ,609
E01034605 ,577
E01002520 ,784
E01002521 ,"1,015"
E01002523 ,545
E01034606 ,484
E01034607 ,574
E01002410 ,678
E01002412 ,793
E01002456 ,635
E01002509 ,509
E01002511 ,643
E01002422 ,495
E01002423 ,604
E01002424 ,533
E01002425 ,601
E01002427 ,517
E01002428 ,512
E01002408 ,660
E01002409 ,700
E01002429 ,524
E01002455 ,697
E01002457 ,525
E01002392 ,611
E01002393 ,723
E01002540 ,644
E01002542 ,703
E01002543 ,645
E01002394 ,517
E01002395 ,433
E01002397 ,576
E01002398 ,508
E01002399 ,493
E01002426 ,653
E01002411 ,713
E01002413 ,599
E01002518 ,487
E01002519 ,957
E01002550 ,795
E01034608 ,943
E01034609 ,851
E01002541 ,802
E01002544 ,557
E01002545 ,493
E01002546 ,456
E01002547 ,509
E01002400 ,636
E01002401 ,763
E01002402 ,512
E01002403 ,732
E01002404 ,679
E01002548 ,733
E01002549 ,715
E01002551 ,686
E01002552 ,568
E01002553 ,626
E01002396 ,576
E01002501 ,513
E01002502 ,565
E01002505 ,660
E01002508 ,707
E01002405 ,644
E01002503 ,550
E01002506 ,651
E01002507 ,548
E01034610 ,566
E01034611 ,430
E01034612 ,620
E01034613 ,447
E01002486 ,690
E01002487 ,628
E01002526 ,999
E01002528 ,579
E01034614 ,759
E01034615 ,698
E01002445 ,626
E01002525 ,687
E01002529 ,908
E01002530 ,616
E01002531 ,651
E01002488 ,522
E01002489 ,555
E01002490 ,675
E01002492 ,499
E01034616 ,697
E01034617 ,732
E01002444 ,665
E01002446 ,630
E01002447 ,717
E01002527 ,629
E01002443 ,685
E01002448 ,763
E01002449 ,734
E01002491 ,525
E01002493 ,611
E01002496 ,775
E01002497 ,990
E01002498 ,525
E01002499 ,680
E01032577 ,609
E01002569 ,963
E01002570 ,667
E01002573 ,638
E01002574 ,684
E01002575 ,665
E01002620 ,898
E01002625 ,488
E01002626 ,484
E01002627 ,607
E01002631 ,558
E01002633 ,744
E01002634 ,541
E01002637 ,614
E01002638 ,618
E01002563 ,746
E01002565 ,"1,054"
E01002567 ,871
E01002686 ,669
E01034032 ,755
E01034033 ,841
E01002571 ,589
E01002572 ,619
E01002577 ,682
E01002578 ,591
E01002689 ,754
E01002690 ,583
E01002576 ,703
E01002579 ,771
E01002580 ,679
E01002581 ,841
E01002582 ,697
E01002675 ,874
E01002678 ,760
E01002679 ,623
E01002680 ,742
E01002619 ,634
E01002622 ,573
E01002632 ,625
E01002635 ,556
E01002636 ,617
E01002618 ,559
E01002621 ,607
E01002623 ,543
E01002628 ,653
E01002629 ,883
E01002630 ,679
E01002639 ,548
E01002640 ,622
E01002674 ,748
E01002676 ,562
E01002583 ,535
E01002584 ,635
E01002585 ,521
E01002586 ,499
E01002589 ,815
E01002668 ,981
E01002669 ,708
E01002681 ,873
E01002682 ,896
E01034034 ,619
E01034035 ,657
E01002643 ,"1,046"
E01002645 ,777
E01002658 ,494
E01002677 ,837
E01034036 ,678
E01034037 ,654
E01002587 ,739
E01002588 ,745
E01002660 ,615
E01002661 ,616
E01002665 ,566
E01002624 ,516
E01002646 ,748
E01002662 ,916
E01002663 ,690
E01034038 ,547
E01034039 ,535
E01002641 ,985
E01002649 ,731
E01002657 ,682
E01033083 ,789
E01033084 ,706
E01034040 ,556
E01034041 ,443
E01002653 ,600
E01002654 ,660
E01002655 ,628
E01002656 ,523
E01002659 ,511
E01002667 ,913
E01002670 ,725
E01002671 ,666
E01002672 ,659
E01002673 ,585
E01002647 ,757
E01002650 ,792
E01002651 ,564
E01002652 ,563
E01002666 ,483
E01002555 ,703
E01002556 ,662
E01002590 ,999
E01002592 ,775
E01002595 ,713
E01002557 ,731
E01002558 ,819
E01002559 ,918
E01002560 ,659
E01002561 ,597
E01002591 ,611
E01002593 ,698
E01002594 ,647
E01002611 ,673
E01002612 ,824
E01002613 ,629
E01002598 ,658
E01002599 ,558
E01002600 ,512
E01002603 ,648
E01033000 ,624
E01033030 ,720
E01002604 ,556
E01002605 ,831
E01002606 ,617
E01002607 ,778
E01002615 ,634
E01002596 ,756
E01002601 ,667
E01002602 ,549
E01002614 ,817
E01002616 ,567
E01002608 ,665
E01002609 ,663
E01002610 ,635
E01002617 ,638
E01002687 ,761
E01002691 ,584
E01002692 ,"1,013"
E01002693 ,885
E01032573 ,902
E01002562 ,522
E01034042 ,595
E01034043 ,641
E01034044 ,574
E01002564 ,723
E01033081 ,777
E01033082 ,654
E01034045 ,839
E01034046 ,733
E01002755 ,610
E01002756 ,585
E01002758 ,756
E01002804 ,710
E01002807 ,806
E01002811 ,733
E01002753 ,627
E01002754 ,631
E01002757 ,598
E01002759 ,615
E01002760 ,689
E01002772 ,873
E01002735 ,"1,131"
E01002805 ,718
E01002806 ,701
E01002808 ,866
E01002809 ,737
E01002810 ,793
E01002768 ,848
E01002770 ,909
E01002771 ,671
E01002773 ,685
E01002774 ,"1,026"
E01002732 ,814
E01002734 ,936
E01002736 ,576
E01002737 ,758
E01002751 ,873
E01002742 ,714
E01002747 ,648
E01002748 ,692
E01002749 ,603
E01033493 ,686
E01033494 ,651
E01002730 ,793
E01002733 ,607
E01002763 ,572
E01035651 ,693
E01035652 ,610
E01002769 ,707
E01002785 ,782
E01002788 ,889
E01002789 ,780
E01002738 ,846
E01002741 ,635
E01002743 ,628
E01002744 ,674
E01002752 ,704
E01002764 ,796
E01002783 ,797
E01002784 ,753
E01002786 ,887
E01002787 ,625
E01002762 ,859
E01002767 ,943
E01033486 ,421
E01033487 ,593
E01033488 ,620
E01033491 ,966
E01035653 ,758
E01035654 ,504
E01002777 ,763
E01002778 ,755
E01002779 ,775
E01002781 ,643
E01002782 ,558
E01002739 ,816
E01002740 ,980
E01002745 ,682
E01002795 ,854
E01002796 ,505
E01002716 ,"1,033"
E01002718 ,749
E01002721 ,799
E01002775 ,661
E01002776 ,889
E01002780 ,764
E01002708 ,"1,001"
E01002712 ,611
E01002713 ,"1,051"
E01002765 ,"1,070"
E01002766 ,933
E01002717 ,535
E01002719 ,690
E01002720 ,934
E01002790 ,693
E01002791 ,850
E01002793 ,900
E01002698 ,"1,037"
E01002699 ,741
E01002700 ,612
E01002714 ,719
E01002792 ,884
E01002722 ,701
E01002797 ,874
E01002798 ,898
E01002799 ,857
E01002800 ,794
E01002694 ,664
E01002697 ,827
E01002709 ,701
E01002710 ,645
E01002715 ,685
E01002696 ,860
E01002794 ,"1,016"
E01002801 ,757
E01002802 ,822
E01035655 ,747
E01035656 ,719
E01002695 ,744
E01002711 ,962
E01002727 ,801
E01002728 ,438
E01002729 ,659
E01002707 ,890
E01002723 ,735
E01002724 ,963
E01002725 ,561
E01002726 ,786
E01033489 ,679
E01033490 ,556
E01002701 ,678
E01002702 ,"1,115"
E01002703 ,"1,126"
E01002704 ,"1,121"
E01002706 ,913
E01002852 ,849
E01002853 ,588
E01002854 ,459
E01002855 ,724
E01002857 ,555
E01002904 ,497
E01002905 ,654
E01002906 ,645
E01002907 ,513
E01002876 ,693
E01002877 ,760
E01002878 ,754
E01002908 ,592
E01002909 ,"1,021"
E01002829 ,721
E01002830 ,824
E01002831 ,886
E01002832 ,787
E01002856 ,770
E01002870 ,690
E01002872 ,653
E01002879 ,702
E01002880 ,454
E01002881 ,511
E01002882 ,559
E01002883 ,650
E01002884 ,594
E01002885 ,803
E01002886 ,665
E01002833 ,651
E01002871 ,645
E01002873 ,659
E01002874 ,587
E01002875 ,578
E01002824 ,551
E01002825 ,729
E01002826 ,635
E01002827 ,792
E01002828 ,624
E01002864 ,532
E01002866 ,766
E01002867 ,810
E01002868 ,529
E01002869 ,749
E01002887 ,551
E01002889 ,565
E01002890 ,565
E01002891 ,559
E01002892 ,640
E01002813 ,682
E01002815 ,631
E01002816 ,545
E01002817 ,607
E01002865 ,562
E01002818 ,719
E01002819 ,571
E01002859 ,660
E01002860 ,572
E01002863 ,555
E01002812 ,734
E01002834 ,612
E01002839 ,858
E01002850 ,631
E01002888 ,823
E01002821 ,537
E01002823 ,606
E01002858 ,639
E01002861 ,553
E01002862 ,714
E01002814 ,"1,020"
E01002847 ,715
E01002848 ,710
E01002851 ,796
E01002835 ,645
E01002836 ,708
E01002837 ,493
E01035713 ,993
E01002846 ,715
E01002849 ,739
E01002893 ,904
E01002894 ,653
E01002898 ,674
E01002899 ,636
E01002900 ,567
E01002901 ,440
E01002902 ,713
E01002903 ,566
E01002844 ,614
E01002845 ,614
E01002910 ,632
E01002911 ,596
E01002914 ,573
E01002896 ,758
E01002897 ,697
E01002912 ,684
E01035714 ,934
E01002840 ,538
E01002841 ,609
E01002842 ,402
E01002843 ,631
E01002913 ,815
E01003006 ,597
E01003007 ,558
E01003008 ,508
E01003009 ,777
E01003010 ,530
E01002952 ,471
E01002953 ,438
E01002955 ,531
E01002956 ,439
E01002959 ,473
E01002935 ,811
E01002938 ,784
E01002951 ,578
E01002954 ,630
E01002957 ,574
E01002933 ,808
E01002934 ,660
E01002937 ,663
E01003011 ,702
E01033569 ,805
E01034576 ,587
E01034577 ,633
E01002964 ,"1,051"
E01002969 ,658
E01002971 ,729
E01002972 ,890
E01002974 ,718
E01002932 ,674
E01002960 ,583
E01002962 ,527
E01002970 ,644
E01002973 ,525
E01002929 ,671
E01002930 ,796
E01002931 ,722
E01002963 ,773
E01002985 ,597
E01002927 ,642
E01002928 ,745
E01002958 ,653
E01002961 ,598
E01002986 ,477
E01002965 ,"1,144"
E01002967 ,953
E01002968 ,"1,147"
E01002990 ,887
E01002991 ,680
E01002922 ,716
E01002926 ,599
E01002966 ,780
E01002992 ,488
E01002921 ,905
E01002987 ,956
E01002988 ,628
E01002989 ,917
E01002975 ,500
E01002977 ,648
E01002980 ,479
E01002981 ,523
E01002984 ,587
E01002923 ,858
E01002925 ,796
E01002993 ,815
E01002995 ,634
E01002999 ,767
E01002915 ,485
E01002916 ,533
E01002917 ,494
E01002920 ,587
E01002924 ,553
E01002976 ,648
E01002978 ,722
E01002979 ,598
E01002982 ,516
E01002983 ,594
E01002994 ,597
E01002996 ,593
E01002997 ,604
E01002998 ,601
E01003002 ,800
E01002918 ,609
E01002919 ,799
E01003000 ,672
E01003001 ,636
E01003003 ,658
E01002939 ,599
E01002941 ,642
E01002942 ,526
E01003004 ,609
E01003005 ,580
E01002944 ,529
E01002945 ,640
E01002946 ,606
E01002947 ,615
E01002940 ,615
E01002943 ,510
E01002948 ,820
E01002949 ,686
E01002950 ,712
E01003015 ,802
E01003108 ,712
E01003110 ,924
E01003111 ,803
E01003112 ,813
E01003101 ,637
E01003105 ,748
E01003106 ,972
E01003107 ,884
E01033862 ,744
E01033863 ,604
E01003102 ,784
E01003104 ,868
E01003122 ,895
E01003129 ,795
E01033208 ,954
E01033864 ,492
E01033865 ,597
E01033866 ,624
E01003098 ,649
E01003099 ,759
E01003100 ,891
E01003180 ,654
E01003183 ,679
E01003097 ,687
E01003121 ,637
E01003123 ,700
E01003124 ,610
E01003125 ,696
E01003181 ,699
E01003184 ,596
E01003185 ,796
E01003186 ,"1,191"
E01003187 ,990
E01003089 ,739
E01003091 ,678
E01003092 ,950
E01003126 ,719
E01003128 ,714
E01003046 ,743
E01003048 ,738
E01003075 ,672
E01003182 ,744
E01003188 ,551
E01003088 ,654
E01003093 ,954
E01003094 ,657
E01003096 ,859
E01003127 ,793
E01003045 ,701
E01003047 ,818
E01003049 ,754
E01003059 ,874
E01003060 ,688
E01003061 ,651
E01003034 ,696
E01003035 ,766
E01003036 ,756
E01003090 ,"1,104"
E01003095 ,693
E01003037 ,598
E01003038 ,771
E01003039 ,961
E01003040 ,594
E01003042 ,506
E01003072 ,704
E01003073 ,661
E01003076 ,963
E01003077 ,790
E01003078 ,621
E01003019 ,888
E01003053 ,743
E01003054 ,"1,004"
E01003056 ,769
E01003058 ,857
E01003020 ,828
E01003050 ,754
E01003052 ,785
E01003055 ,829
E01003176 ,766
E01003029 ,894
E01003032 ,815
E01003041 ,677
E01003057 ,721
E01003043 ,674
E01003044 ,686
E01003051 ,880
E01003071 ,"1,004"
E01003074 ,"1,093"
E01003026 ,624
E01003027 ,521
E01003028 ,599
E01003030 ,746
E01003033 ,589
E01003018 ,933
E01003171 ,783
E01003173 ,669
E01003177 ,668
E01003178 ,652
E01003021 ,635
E01003022 ,734
E01003023 ,"1,104"
E01003024 ,785
E01003025 ,849
E01003136 ,748
E01003137 ,751
E01003159 ,840
E01003160 ,643
E01003162 ,743
E01003031 ,714
E01003156 ,660
E01003157 ,574
E01003158 ,726
E01003161 ,530
E01003163 ,603
E01003132 ,539
E01003172 ,778
E01003174 ,827
E01003175 ,610
E01003179 ,637
E01003164 ,"1,010"
E01003165 ,701
E01003168 ,664
E01003169 ,"1,024"
E01003170 ,772
E01003130 ,783
E01003131 ,947
E01003135 ,755
E01003138 ,648
E01003151 ,815
E01003079 ,732
E01003080 ,674
E01003133 ,709
E01003134 ,622
E01003152 ,760
E01003064 ,624
E01003066 ,807
E01003081 ,820
E01003166 ,"1,115"
E01003167 ,681
E01003116 ,635
E01003117 ,822
E01003118 ,701
E01003153 ,"1,020"
E01003155 ,727
E01003083 ,575
E01003084 ,636
E01003085 ,693
E01003149 ,698
E01003154 ,823
E01003065 ,685
E01003068 ,644
E01003082 ,632
E01003086 ,624
E01003087 ,601
E01003113 ,741
E01003114 ,"1,004"
E01003119 ,850
E01003120 ,"1,112"
E01003148 ,760
E01003150 ,837
E01003062 ,862
E01003063 ,601
E01003067 ,635
E01003069 ,521
E01003070 ,660
E01003115 ,668
E01003141 ,740
E01003144 ,524
E01003145 ,748
E01003147 ,799
E01003139 ,538
E01003140 ,494
E01003142 ,451
E01003143 ,510
E01003146 ,549
E01003013 ,720
E01003014 ,638
E01003016 ,422
E01003017 ,767
E01032582 ,"1,165"
E01003244 ,732
E01003245 ,639
E01003247 ,873
E01003249 ,857
E01034387 ,845
E01034388 ,618
E01034389 ,730
E01003246 ,"1,016"
E01003248 ,682
E01003251 ,640
E01003252 ,606
E01003253 ,652
E01003297 ,786
E01003299 ,701
E01003301 ,933
E01003302 ,802
E01003305 ,785
E01003207 ,998
E01003209 ,721
E01003210 ,806
E01003212 ,827
E01003215 ,638
E01003338 ,843
E01003339 ,678
E01003340 ,763
E01003341 ,564
E01003343 ,610
E01003199 ,902
E01003201 ,690
E01003204 ,736
E01003205 ,578
E01003206 ,635
E01003211 ,702
E01003213 ,790
E01003214 ,765
E01033324 ,627
E01033325 ,718
E01003198 ,644
E01003200 ,690
E01003202 ,743
E01003203 ,967
E01003336 ,579
E01003337 ,566
E01003342 ,700
E01003344 ,677
E01003345 ,781
E01003273 ,579
E01003277 ,756
E01003278 ,881
E01003279 ,603
E01003282 ,"1,021"
E01003283 ,868
E01003284 ,760
E01003286 ,767
E01003272 ,794
E01003274 ,661
E01003275 ,619
E01003276 ,662
E01003225 ,587
E01003231 ,651
E01003232 ,622
E01003233 ,664
E01003280 ,625
E01003281 ,582
E01003285 ,755
E01003287 ,763
E01003292 ,734
E01003293 ,640
E01003295 ,722
E01033320 ,638
E01033322 ,573
E01003319 ,751
E01003320 ,621
E01003323 ,623
E01003325 ,787
E01003226 ,705
E01003227 ,658
E01003228 ,670
E01003229 ,778
E01003230 ,871
E01003318 ,776
E01003321 ,762
E01003322 ,609
E01003324 ,723
E01034390 ,693
E01034391 ,637
E01003254 ,601
E01003255 ,984
E01003260 ,637
E01003261 ,610
E01003262 ,664
E01003217 ,656
E01003218 ,546
E01003220 ,599
E01003222 ,619
E01003224 ,637
E01003263 ,740
E01003268 ,765
E01003269 ,637
E01003270 ,657
E01003271 ,621
E01003307 ,649
E01003308 ,708
E01003314 ,665
E01003315 ,592
E01003316 ,576
E01003216 ,618
E01003219 ,661
E01003221 ,764
E01003223 ,599
E01003346 ,648
E01003349 ,542
E01003351 ,601
E01003354 ,823
E01003309 ,656
E01003310 ,730
E01003311 ,594
E01003312 ,771
E01003313 ,624
E01003256 ,934
E01003257 ,633
E01003258 ,589
E01003259 ,757
E01003193 ,684
E01003194 ,724
E01003195 ,621
E01003196 ,671
E01003197 ,651
E01003347 ,650
E01003348 ,619
E01003350 ,475
E01003352 ,845
E01003353 ,629
E01003264 ,720
E01003265 ,664
E01003266 ,732
E01003267 ,608
E01003329 ,662
E01003330 ,668
E01003331 ,589
E01003332 ,711
E01003334 ,795
E01003189 ,650
E01003190 ,953
E01003191 ,704
E01003192 ,740
E01003326 ,692
E01003327 ,690
E01003328 ,827
E01003333 ,629
E01003335 ,617
E01003236 ,648
E01003237 ,614
E01003238 ,567
E01003239 ,574
E01032564 ,492
E01003235 ,520
E01003240 ,714
E01003241 ,698
E01003243 ,588
E01032565 ,603
E01003298 ,472
E01003300 ,600
E01003303 ,648
E01003304 ,"1,083"
E01032579 ,973
E01034392 ,677
E01034393 ,613
E01034394 ,669
E01034395 ,701
E01003288 ,949
E01003290 ,815
E01003291 ,656
E01033327 ,"1,004"
E01033341 ,564
E01003472 ,473
E01003473 ,564
E01003474 ,470
E01003478 ,667
E01034578 ,444
E01034579 ,894
E01003460 ,644
E01003462 ,576
E01003464 ,540
E01003465 ,466
E01003400 ,630
E01003454 ,577
E01003456 ,667
E01003476 ,490
E01003477 ,593
E01003401 ,624
E01003402 ,678
E01003403 ,676
E01003404 ,914
E01003461 ,676
E01003369 ,746
E01003370 ,879
E01003371 ,629
E01003455 ,746
E01034580 ,598
E01034581 ,684
E01003359 ,794
E01003360 ,745
E01003457 ,613
E01003458 ,721
E01003459 ,958
E01003394 ,673
E01003395 ,535
E01003396 ,528
E01003397 ,548
E01003398 ,657
E01003368 ,584
E01003372 ,640
E01003393 ,690
E01003406 ,569
E01003407 ,787
E01003355 ,821
E01003356 ,701
E01003358 ,793
E01003383 ,672
E01003384 ,679
E01003442 ,672
E01003443 ,636
E01003444 ,672
E01003445 ,651
E01003463 ,551
E01003380 ,669
E01003382 ,726
E01003385 ,585
E01003399 ,630
E01003423 ,652
E01003357 ,723
E01003376 ,590
E01003377 ,549
E01003408 ,868
E01003410 ,625
E01003386 ,763
E01003388 ,618
E01003389 ,642
E01003392 ,516
E01003409 ,577
E01003387 ,782
E01003391 ,482
E01003411 ,739
E01003412 ,626
E01003435 ,739
E01003361 ,616
E01003424 ,572
E01003425 ,517
E01003426 ,601
E01003428 ,631
E01003366 ,647
E01003381 ,711
E01003446 ,901
E01003447 ,680
E01003471 ,634
E01003413 ,729
E01003414 ,566
E01003415 ,785
E01003416 ,535
E01003434 ,501
E01003373 ,545
E01003378 ,770
E01003379 ,742
E01003390 ,640
E01003405 ,839
E01003429 ,527
E01003430 ,579
E01003431 ,569
E01003432 ,528
E01003433 ,575
E01003466 ,626
E01003467 ,667
E01003468 ,635
E01003469 ,577
E01003470 ,750
E01003362 ,503
E01003363 ,595
E01003364 ,663
E01003365 ,498
E01003421 ,611
E01003374 ,667
E01003375 ,723
E01003437 ,771
E01003440 ,630
E01003441 ,647
E01003427 ,729
E01003436 ,607
E01003439 ,574
E01003448 ,884
E01003453 ,664
E01003438 ,656
E01003449 ,657
E01003450 ,612
E01003451 ,663
E01003452 ,817
E01003417 ,604
E01003418 ,528
E01003419 ,664
E01003420 ,507
E01003422 ,528
E01003543 ,838
E01003544 ,624
E01003546 ,576
E01003550 ,608
E01003576 ,635
E01003581 ,473
E01003582 ,453
E01003583 ,530
E01003578 ,593
E01003584 ,607
E01003586 ,530
E01003590 ,572
E01003579 ,494
E01003585 ,410
E01003587 ,808
E01003591 ,683
E01003528 ,409
E01003575 ,471
E01003577 ,756
E01003580 ,612
E01003545 ,634
E01003548 ,812
E01003549 ,779
E01003557 ,650
E01003547 ,675
E01003555 ,480
E01003561 ,464
E01003567 ,507
E01003556 ,652
E01003558 ,543
E01003570 ,542
E01003571 ,581
E01003572 ,446
E01003551 ,618
E01003553 ,732
E01003554 ,687
E01003559 ,898
E01003529 ,626
E01003530 ,483
E01003531 ,559
E01003532 ,564
E01003534 ,630
E01003533 ,568
E01003560 ,446
E01003563 ,585
E01003588 ,426
E01003589 ,509
E01003616 ,682
E01003618 ,829
E01003619 ,"1,064"
E01034199 ,702
E01034200 ,723
E01003562 ,589
E01003564 ,654
E01003565 ,515
E01003566 ,532
E01003625 ,486
E01003626 ,462
E01003627 ,458
E01003628 ,428
E01003629 ,508
E01003552 ,526
E01003596 ,536
E01003597 ,532
E01003635 ,607
E01003568 ,627
E01003569 ,591
E01003573 ,577
E01003574 ,770
E01003520 ,574
E01003521 ,649
E01003522 ,531
E01003525 ,534
E01003526 ,485
E01003488 ,667
E01003489 ,962
E01003490 ,565
E01003524 ,558
E01003631 ,695
E01003632 ,795
E01003633 ,685
E01003634 ,591
E01003636 ,695
E01003598 ,641
E01003600 ,589
E01003630 ,681
E01003637 ,584
E01003491 ,626
E01003592 ,633
E01003599 ,475
E01034201 ,425
E01034202 ,499
E01003535 ,567
E01003536 ,621
E01003621 ,449
E01003622 ,533
E01003623 ,483
E01003523 ,712
E01003527 ,555
E01003537 ,643
E01003542 ,664
E01003624 ,492
E01003492 ,528
E01003494 ,611
E01003495 ,610
E01034203 ,481
E01034204 ,555
E01003594 ,577
E01003595 ,666
E01003602 ,631
E01003607 ,605
E01003496 ,555
E01003498 ,683
E01003500 ,720
E01003593 ,537
E01003601 ,715
E01003603 ,609
E01003605 ,684
E01003608 ,677
E01003538 ,666
E01003539 ,703
E01003540 ,603
E01003541 ,557
E01003499 ,819
E01003501 ,790
E01003502 ,811
E01003503 ,"1,158"
E01003507 ,832
E01003508 ,963
E01003509 ,778
E01003604 ,753
E01003483 ,601
E01003484 ,560
E01003516 ,651
E01003518 ,569
E01003519 ,495
E01003480 ,585
E01003486 ,445
E01003487 ,412
E01034205 ,560
E01034206 ,676
E01034207 ,714
E01003497 ,593
E01003506 ,481
E01033584 ,562
E01034208 ,666
E01034209 ,685
E01034210 ,708
E01034211 ,745
E01034212 ,"1,008"
E01003479 ,610
E01003481 ,483
E01003485 ,570
E01003513 ,546
E01003511 ,669
E01003512 ,687
E01003514 ,526
E01003515 ,812
E01003517 ,632
E01034213 ,649
E01034214 ,647
E01034215 ,642
E01034216 ,634
E01034217 ,665
E01003615 ,618
E01034218 ,616
E01034219 ,669
E01034220 ,616
E01034221 ,639
E01033579 ,897
E01033586 ,903
E01034222 ,718
E01034223 ,711
E01003611 ,713
E01033581 ,744
E01033582 ,600
E01034224 ,611
E01033580 ,587
E01034225 ,642
E01034226 ,610
E01034227 ,633
E01034228 ,632
E01034229 ,616
E01034230 ,677
E01034231 ,653
E01003744 ,616
E01003745 ,477
E01003746 ,677
E01003747 ,483
E01003748 ,624
E01003749 ,684
E01003750 ,877
E01003720 ,788
E01003722 ,821
E01003723 ,719
E01003726 ,938
E01003721 ,659
E01003724 ,505
E01003725 ,671
E01003727 ,639
E01003654 ,597
E01003655 ,637
E01003658 ,687
E01003660 ,669
E01003656 ,652
E01003657 ,898
E01003659 ,636
E01003698 ,522
E01003699 ,592
E01003700 ,866
E01003701 ,685
E01003702 ,921
E01003703 ,979
E01003704 ,693
E01003668 ,804
E01003669 ,623
E01003670 ,582
E01003671 ,557
E01003672 ,752
E01003673 ,795
E01003674 ,"1,066"
E01003707 ,488
E01003708 ,754
E01003709 ,571
E01003710 ,504
E01003759 ,553
E01003760 ,672
E01003761 ,679
E01003762 ,652
E01003763 ,661
E01003764 ,859
E01003765 ,742
E01003705 ,825
E01003706 ,625
E01003711 ,639
E01003712 ,542
E01003646 ,600
E01003648 ,517
E01003649 ,511
E01003651 ,477
E01003639 ,787
E01003640 ,625
E01003641 ,610
E01003642 ,555
E01003774 ,850
E01003775 ,642
E01003776 ,899
E01003777 ,843
E01003778 ,899
E01003779 ,721
E01003780 ,510
E01003647 ,633
E01003650 ,590
E01003652 ,479
E01003653 ,724
E01003638 ,662
E01003643 ,700
E01003644 ,503
E01003645 ,904
E01003789 ,587
E01003794 ,581
E01003795 ,430
E01003796 ,602
E01003751 ,669
E01003753 ,626
E01003754 ,556
E01003757 ,640
E01003769 ,582
E01003770 ,874
E01003771 ,526
E01003773 ,557
E01003752 ,822
E01003755 ,660
E01003756 ,755
E01034480 ,409
E01034481 ,466
E01003766 ,625
E01003767 ,660
E01003768 ,651
E01003772 ,524
E01003781 ,653
E01003782 ,482
E01003786 ,458
E01003787 ,490
E01003790 ,550
E01003791 ,537
E01003792 ,505
E01003793 ,732
E01003783 ,883
E01003784 ,586
E01003785 ,671
E01003788 ,634
E01003737 ,667
E01003738 ,653
E01003739 ,672
E01003740 ,616
E01003741 ,667
E01003742 ,636
E01003743 ,517
E01003729 ,495
E01003730 ,460
E01003732 ,630
E01003733 ,489
E01034482 ,427
E01034483 ,542
E01034484 ,534
E01003731 ,418
E01003734 ,500
E01003735 ,707
E01003736 ,490
E01003713 ,492
E01003714 ,684
E01003715 ,626
E01003716 ,593
E01003718 ,656
E01003719 ,720
E01032581 ,743
E01003690 ,748
E01003691 ,459
E01003692 ,477
E01003693 ,444
E01003694 ,447
E01003695 ,494
E01003696 ,522
E01003697 ,508
E01003675 ,499
E01003676 ,524
E01003677 ,526
E01003678 ,474
E01003679 ,496
E01003680 ,481
E01003681 ,678
E01003682 ,510
E01003663 ,641
E01003664 ,565
E01003665 ,513
E01033590 ,418
E01033592 ,625
E01003661 ,699
E01003662 ,763
E01003666 ,"1,067"
E01003689 ,727
E01033589 ,666
E01033591 ,"1,013"
E01003683 ,570
E01003684 ,503
E01003685 ,548
E01003686 ,578
E01003688 ,524
E01003797 ,515
E01003798 ,652
E01003799 ,634
E01003800 ,604
E01003801 ,540
E01003802 ,624
E01003803 ,606
E01003846 ,614
E01003847 ,830
E01003849 ,642
E01003851 ,655
E01003860 ,779
E01003864 ,642
E01003852 ,657
E01003853 ,595
E01003854 ,635
E01003855 ,899
E01003856 ,740
E01003857 ,752
E01003858 ,666
E01003848 ,817
E01003861 ,895
E01003862 ,806
E01003863 ,623
E01003865 ,589
E01033570 ,835
E01033571 ,608
E01003804 ,753
E01003807 ,840
E01003808 ,782
E01003809 ,640
E01003859 ,607
E01003873 ,797
E01003874 ,769
E01003875 ,647
E01003878 ,629
E01003866 ,672
E01003868 ,653
E01003871 ,697
E01003872 ,682
E01003821 ,765
E01003876 ,943
E01003877 ,684
E01003879 ,577
E01003892 ,891
E01003893 ,751
E01003894 ,739
E01003895 ,722
E01003905 ,530
E01003906 ,655
E01003907 ,646
E01003908 ,667
E01003909 ,637
E01003867 ,596
E01003869 ,687
E01003870 ,819
E01003910 ,659
E01003805 ,600
E01003806 ,510
E01003816 ,617
E01003817 ,861
E01003840 ,582
E01003841 ,820
E01003842 ,609
E01003843 ,798
E01003844 ,549
E01003845 ,623
E01003882 ,850
E01003883 ,876
E01003896 ,878
E01003897 ,875
E01003898 ,737
E01003899 ,622
E01003900 ,618
E01003901 ,610
E01003902 ,500
E01003903 ,583
E01003904 ,654
E01003880 ,581
E01003881 ,476
E01003884 ,739
E01003885 ,644
E01003818 ,663
E01003819 ,733
E01003820 ,761
E01003811 ,718
E01003812 ,749
E01003890 ,693
E01003891 ,859
E01003810 ,621
E01003813 ,625
E01003814 ,796
E01003815 ,934
E01003828 ,619
E01003829 ,696
E01003830 ,748
E01003831 ,686
E01003832 ,681
E01003833 ,666
E01003886 ,673
E01003887 ,804
E01003888 ,938
E01003889 ,751
E01003834 ,783
E01003835 ,595
E01003836 ,579
E01003837 ,888
E01003838 ,752
E01003839 ,"1,036"
E01003822 ,524
E01003823 ,802
E01003824 ,630
E01003825 ,649
E01003826 ,766
E01003827 ,883
E01004029 ,931
E01004032 ,658
E01004053 ,889
E01004054 ,727
E01004055 ,529
E01003929 ,"1,070"
E01003934 ,"1,118"
E01003935 ,422
E01003939 ,880
E01033867 ,605
E01033868 ,601
E01003975 ,737
E01004023 ,711
E01004028 ,"1,096"
E01033869 ,644
E01033870 ,862
E01033871 ,686
E01033872 ,659
E01003938 ,751
E01003940 ,632
E01003941 ,964
E01003942 ,636
E01003979 ,888
E01003981 ,662
E01004030 ,743
E01004031 ,"1,082"
E01004033 ,"1,143"
E01004034 ,654
E01004036 ,861
E01004056 ,"1,024"
E01004057 ,951
E01004058 ,846
E01004059 ,897
E01004060 ,871
E01003936 ,581
E01003937 ,766
E01003943 ,586
E01033873 ,675
E01033874 ,625
E01003977 ,828
E01004037 ,877
E01004038 ,"1,033"
E01004042 ,824
E01004043 ,584
E01003986 ,697
E01003987 ,821
E01004024 ,814
E01004035 ,593
E01003960 ,765
E01003961 ,885
E01003994 ,866
E01033875 ,638
E01033876 ,653
E01033877 ,682
E01003980 ,887
E01004039 ,636
E01004040 ,779
E01004041 ,691
E01004044 ,562
E01003992 ,647
E01003995 ,738
E01003998 ,659
E01003999 ,599
E01032639 ,782
E01032719 ,803
E01003966 ,823
E01003971 ,511
E01033878 ,421
E01033879 ,844
E01033880 ,534
E01003963 ,688
E01003972 ,617
E01003973 ,754
E01033881 ,714
E01003923 ,729
E01003969 ,"1,016"
E01003991 ,585
E01003993 ,797
E01003997 ,507
E01003983 ,673
E01003988 ,874
E01003989 ,878
E01003990 ,823
E01004007 ,543
E01003912 ,669
E01004011 ,827
E01004012 ,922
E01004013 ,656
E01004014 ,816
E01003911 ,752
E01003916 ,910
E01003917 ,873
E01003918 ,648
E01003925 ,840
E01003919 ,682
E01003920 ,909
E01003921 ,990
E01003922 ,966
E01003924 ,903
E01003926 ,568
E01004008 ,800
E01004010 ,633
E01004067 ,932
E01033882 ,583
E01033883 ,647
E01003984 ,"1,005"
E01004003 ,794
E01004004 ,"1,143"
E01004005 ,"1,005"
E01004006 ,790
E01003913 ,841
E01003914 ,719
E01003915 ,798
E01004050 ,629
E01004052 ,774
E01004061 ,734
E01004062 ,982
E01004063 ,856
E01004065 ,630
E01004066 ,850
E01004000 ,875
E01004001 ,753
E01004019 ,841
E01004064 ,817
E01004068 ,814
E01004045 ,640
E01004047 ,616
E01004048 ,689
E01004049 ,516
E01004051 ,585
E01003953 ,946
E01003955 ,809
E01004015 ,706
E01004021 ,999
E01004046 ,643
E01004002 ,655
E01004016 ,989
E01004017 ,649
E01004020 ,737
E01003952 ,687
E01003954 ,658
E01003956 ,730
E01004071 ,637
E01004072 ,625
E01004069 ,481
E01004070 ,730
E01004073 ,699
E01004074 ,616
E01004075 ,624
E01003949 ,863
E01003950 ,808
E01003957 ,700
E01003958 ,773
E01004018 ,779
E01003945 ,727
E01003946 ,754
E01003947 ,602
E01003948 ,795
E01003951 ,550
E01003930 ,749
E01003932 ,689
E01003933 ,"1,017"
E01032583 ,917
E01032584 ,566
E01032637 ,565
E01032638 ,597
E01032640 ,610
E01032834 ,620
E01033884 ,593
E01003976 ,"1,143"
E01032646 ,806
E01032803 ,788
E01033885 ,627
E01004125 ,617
E01004183 ,679
E01004184 ,605
E01004185 ,806
E01004189 ,768
E01004123 ,814
E01004124 ,668
E01004126 ,565
E01004128 ,525
E01004129 ,728
E01004130 ,656
E01004131 ,677
E01004134 ,560
E01004135 ,510
E01004136 ,555
E01004164 ,618
E01004166 ,676
E01004169 ,701
E01004186 ,766
E01034153 ,584
E01034154 ,636
E01004127 ,652
E01004163 ,632
E01004165 ,710
E01004167 ,581
E01004187 ,642
E01004117 ,515
E01004121 ,626
E01004192 ,728
E01004193 ,"1,055"
E01004195 ,685
E01004144 ,651
E01004145 ,808
E01004146 ,732
E01004147 ,594
E01004116 ,632
E01004122 ,533
E01004190 ,504
E01004191 ,713
E01004194 ,693
E01004196 ,608
E01004115 ,675
E01004118 ,692
E01004119 ,500
E01004132 ,511
E01004133 ,539
E01004171 ,574
E01004172 ,844
E01004173 ,524
E01004175 ,694
E01004176 ,615
E01004076 ,620
E01004077 ,637
E01004078 ,698
E01004079 ,493
E01004080 ,511
E01004081 ,634
E01004082 ,497
E01004137 ,"1,160"
E01004140 ,789
E01004141 ,753
E01004149 ,788
E01034155 ,866
E01034156 ,683
E01004101 ,536
E01004103 ,747
E01004138 ,751
E01004139 ,635
E01004168 ,581
E01004143 ,628
E01004148 ,677
E01004159 ,616
E01004160 ,679
E01004161 ,602
E01004097 ,624
E01004098 ,514
E01004099 ,773
E01004100 ,574
E01004102 ,600
E01004110 ,861
E01004111 ,683
E01004112 ,673
E01004120 ,546
E01004157 ,449
E01004087 ,538
E01004170 ,913
E01004174 ,682
E01004178 ,"1,061"
E01004179 ,606
E01004152 ,840
E01004155 ,840
E01004156 ,944
E01004158 ,720
E01004162 ,742
E01004083 ,610
E01004086 ,726
E01004088 ,748
E01004089 ,554
E01004182 ,671
E01004104 ,555
E01004107 ,622
E01004177 ,907
E01004180 ,625
E01004181 ,782
E01004090 ,571
E01004096 ,756
E01004150 ,"1,056"
E01004151 ,847
E01004153 ,890
E01004091 ,480
E01004092 ,582
E01004105 ,683
E01004106 ,552
E01004154 ,565
E01004084 ,512
E01004085 ,580
E01004108 ,696
E01004109 ,635
E01004093 ,614
E01004094 ,777
E01004095 ,626
E01004114 ,590
E01032623 ,605
E01004222 ,"1,120"
E01004223 ,938
E01004226 ,911
E01035657 ,508
E01035658 ,592
E01035659 ,593
E01004198 ,577
E01004199 ,559
E01004201 ,677
E01035660 ,583
E01035661 ,498
E01004228 ,816
E01004230 ,833
E01004232 ,634
E01004233 ,932
E01004234 ,937
E01004229 ,538
E01004231 ,589
E01032764 ,"1,058"
E01032765 ,740
E01032784 ,745
E01035662 ,642
E01035663 ,560
E01004200 ,575
E01004202 ,824
E01004203 ,676
E01004204 ,710
E01004311 ,757
E01004315 ,662
E01035664 ,"1,107"
E01004259 ,782
E01004260 ,602
E01004263 ,484
E01004266 ,552
E01004235 ,485
E01004236 ,494
E01004237 ,621
E01004239 ,539
E01035665 ,673
E01035666 ,734
E01035667 ,682
E01004312 ,485
E01004313 ,804
E01004316 ,440
E01035668 ,824
E01035669 ,642
E01004264 ,441
E01032785 ,"1,023"
E01032786 ,621
E01035670 ,836
E01004207 ,511
E01004209 ,454
E01004212 ,784
E01032787 ,776
E01004240 ,544
E01004241 ,544
E01004267 ,905
E01004268 ,731
E01035671 ,891
E01035672 ,"1,013"
E01035673 ,454
E01004205 ,765
E01004206 ,548
E01004208 ,722
E01004211 ,743
E01004270 ,844
E01004271 ,906
E01004272 ,872
E01035674 ,567
E01035675 ,652
E01035676 ,479
E01035677 ,595
E01004306 ,688
E01004307 ,"1,029"
E01004308 ,508
E01004309 ,943
E01004310 ,844
E01004283 ,734
E01004287 ,879
E01004289 ,660
E01004290 ,774
E01004322 ,524
E01004323 ,474
E01004324 ,517
E01004326 ,766
E01004245 ,"1,068"
E01004248 ,617
E01004249 ,775
E01035678 ,755
E01035679 ,638
E01004286 ,853
E01004288 ,610
E01035680 ,733
E01035681 ,626
E01035682 ,497
E01035683 ,489
E01004243 ,458
E01004244 ,707
E01004247 ,865
E01035684 ,506
E01035685 ,494
E01004319 ,842
E01004321 ,843
E01032767 ,795
E01035686 ,572
E01035687 ,676
E01035688 ,694
E01035689 ,693
E01004298 ,571
E01004300 ,535
E01004304 ,621
E01004305 ,667
E01004251 ,933
E01004255 ,619
E01004258 ,689
E01035690 ,824
E01035691 ,758
E01004256 ,598
E01004257 ,750
E01035692 ,573
E01035693 ,619
E01035694 ,818
E01035695 ,589
E01004301 ,475
E01004302 ,554
E01004303 ,"1,007"
E01032768 ,685
E01032769 ,632
E01004292 ,767
E01004295 ,667
E01004296 ,"1,099"
E01035696 ,603
E01035697 ,672
E01004291 ,"1,006"
E01004293 ,"1,004"
E01004297 ,881
E01004214 ,635
E01004216 ,733
E01004217 ,833
E01004218 ,787
E01004274 ,665
E01004275 ,887
E01004276 ,957
E01004281 ,810
E01032775 ,563
E01032783 ,581
E01004280 ,748
E01032770 ,"1,083"
E01032772 ,"1,179"
E01032774 ,728
E01035698 ,476
E01035699 ,826
E01004277 ,854
E01032771 ,779
E01032781 ,761
E01032782 ,"1,134"
E01032776 ,"1,051"
E01035700 ,625
E01035701 ,664
E01035702 ,577
E01004219 ,"1,028"
E01032777 ,576
E01032779 ,654
E01032780 ,"1,009"
E01004221 ,817
E01035703 ,501
E01035704 ,593
E01035705 ,560
E01035706 ,562
E01004349 ,552
E01004350 ,920
E01004351 ,637
E01004356 ,592
E01004357 ,576
E01004352 ,791
E01004353 ,791
E01004354 ,775
E01004358 ,881
E01004359 ,598
E01004384 ,745
E01004385 ,655
E01004386 ,648
E01004389 ,692
E01004390 ,630
E01004355 ,681
E01004360 ,476
E01004413 ,704
E01004415 ,622
E01004416 ,718
E01004361 ,496
E01004414 ,636
E01004417 ,699
E01004451 ,630
E01004452 ,765
E01004450 ,606
E01004453 ,658
E01004454 ,689
E01004455 ,604
E01004456 ,562
E01004379 ,728
E01004380 ,620
E01004381 ,742
E01004383 ,581
E01004387 ,520
E01004388 ,659
E01004343 ,652
E01004344 ,664
E01004382 ,627
E01004418 ,649
E01004419 ,927
E01004398 ,664
E01004399 ,598
E01004400 ,653
E01004402 ,654
E01004403 ,898
E01004345 ,617
E01004348 ,"1,198"
E01004377 ,617
E01004378 ,676
E01004342 ,723
E01004346 ,567
E01004347 ,804
E01004460 ,703
E01004462 ,833
E01004396 ,698
E01004457 ,755
E01004458 ,758
E01004459 ,523
E01004463 ,893
E01004407 ,664
E01004410 ,822
E01004464 ,681
E01004469 ,645
E01004470 ,599
E01004471 ,656
E01004391 ,977
E01004393 ,767
E01004401 ,888
E01004404 ,"1,105"
E01034485 ,766
E01034486 ,735
E01004412 ,751
E01004465 ,567
E01004466 ,672
E01004467 ,911
E01004468 ,666
E01004406 ,738
E01004408 ,711
E01004409 ,753
E01004411 ,767
E01004443 ,783
E01004447 ,654
E01004392 ,982
E01004394 ,788
E01004397 ,"1,129"
E01004444 ,"1,150"
E01004446 ,797
E01004395 ,595
E01004421 ,595
E01004445 ,679
E01004448 ,763
E01004449 ,638
E01004363 ,519
E01004364 ,620
E01004366 ,666
E01004367 ,530
E01004368 ,780
E01004365 ,795
E01004405 ,611
E01004420 ,736
E01004423 ,712
E01034487 ,453
E01034488 ,665
E01004362 ,676
E01004436 ,576
E01004437 ,750
E01004439 ,662
E01004442 ,619
E01004422 ,981
E01004424 ,735
E01004425 ,836
E01004426 ,602
E01004427 ,828
E01004369 ,635
E01004370 ,805
E01004372 ,689
E01004432 ,703
E01004435 ,818
E01004333 ,583
E01004334 ,616
E01004438 ,794
E01004440 ,808
E01004441 ,609
E01004371 ,608
E01004373 ,680
E01004374 ,705
E01004375 ,708
E01004376 ,656
E01004336 ,583
E01004428 ,707
E01004429 ,699
E01004430 ,"1,076"
E01004434 ,750
E01004335 ,615
E01004337 ,647
E01004338 ,647
E01004339 ,695
E01004340 ,714
E01004341 ,740
E01004327 ,472
E01004328 ,658
E01004329 ,641
E01004330 ,609
E01004331 ,604
E01004332 ,651
E01004560 ,883
E01004566 ,787
E01004582 ,985
E01004583 ,814
E01004539 ,781
E01004540 ,"1,046"
E01004577 ,820
E01004584 ,716
E01004579 ,827
E01004580 ,893
E01004581 ,837
E01033099 ,911
E01033133 ,646
E01035488 ,744
E01035489 ,694
E01004565 ,779
E01004590 ,815
E01004591 ,861
E01004592 ,778
E01004604 ,593
E01004605 ,804
E01004606 ,750
E01004607 ,685
E01004608 ,784
E01004535 ,707
E01004537 ,931
E01004538 ,"1,086"
E01004541 ,771
E01004534 ,792
E01004536 ,879
E01004552 ,886
E01004585 ,823
E01004588 ,881
E01004554 ,622
E01004556 ,584
E01004586 ,851
E01004587 ,697
E01004589 ,732
E01004511 ,652
E01004602 ,712
E01004609 ,"1,013"
E01033135 ,466
E01035490 ,780
E01035491 ,622
E01035492 ,852
E01035493 ,831
E01004506 ,"1,104"
E01004638 ,503
E01004639 ,767
E01004640 ,770
E01004641 ,785
E01004508 ,979
E01004510 ,863
E01004514 ,801
E01004515 ,766
E01004551 ,787
E01004568 ,458
E01004574 ,703
E01004575 ,682
E01004576 ,593
E01004500 ,984
E01004501 ,665
E01004503 ,717
E01004505 ,781
E01004507 ,"1,237"
E01004553 ,777
E01004557 ,661
E01004558 ,670
E01004559 ,517
E01004619 ,502
E01004572 ,667
E01004642 ,828
E01004643 ,968
E01004644 ,"1,066"
E01004645 ,816
E01004477 ,609
E01004478 ,520
E01004479 ,609
E01004550 ,521
E01004555 ,577
E01004494 ,803
E01004513 ,847
E01004601 ,"1,095"
E01035494 ,959
E01035495 ,510
E01004493 ,845
E01004512 ,607
E01004620 ,680
E01004621 ,696
E01004623 ,704
E01004627 ,607
E01004499 ,704
E01004502 ,685
E01004504 ,554
E01004594 ,628
E01004596 ,643
E01004629 ,602
E01004472 ,756
E01004474 ,984
E01004476 ,885
E01004542 ,597
E01004544 ,589
E01004628 ,890
E01004630 ,658
E01004631 ,741
E01004633 ,601
E01004569 ,725
E01004570 ,719
E01004571 ,688
E01004573 ,632
E01004495 ,522
E01004496 ,934
E01004497 ,523
E01004622 ,519
E01004624 ,610
E01004593 ,836
E01004595 ,792
E01004597 ,768
E01004598 ,956
E01004599 ,567
E01004473 ,753
E01004475 ,635
E01004480 ,671
E01004483 ,961
E01004484 ,626
E01004486 ,737
E01004543 ,716
E01004545 ,"1,019"
E01004546 ,614
E01004549 ,665
E01004625 ,473
E01004626 ,767
E01004632 ,574
E01004634 ,681
E01004635 ,668
E01004636 ,619
E01004637 ,568
E01004481 ,688
E01004488 ,557
E01004547 ,555
E01004548 ,"1,022"
E01004482 ,610
E01004485 ,748
E01004487 ,701
E01004489 ,600
E01004490 ,601
E01004491 ,"1,124"
E01004492 ,741
E01004498 ,745
E01004532 ,621
E01004611 ,554
E01004612 ,542
E01004618 ,530
E01004531 ,652
E01004533 ,612
E01004610 ,714
E01004613 ,698
E01004614 ,835
E01004615 ,706
E01004616 ,765
E01004617 ,726
E01004525 ,726
E01004526 ,753
E01004527 ,603
E01004528 ,715
E01004529 ,887
E01004530 ,736
E01004516 ,504
E01004518 ,653
E01004519 ,613
E01004520 ,439
E01004523 ,709
E01004517 ,885
E01004521 ,763
E01004522 ,639
E01004524 ,817
E01033098 ,949
E01033132 ,"1,146"
E01035496 ,705
E01035497 ,655
E01035498 ,651
E01004563 ,868
E01004564 ,828
E01004567 ,982
E01033100 ,850
E01035499 ,610
E01004647 ,621
E01004649 ,594
E01004724 ,870
E01004730 ,697
E01004646 ,642
E01004648 ,"1,032"
E01004650 ,855
E01004710 ,721
E01004711 ,817
E01004651 ,"1,012"
E01004725 ,586
E01004726 ,793
E01004728 ,729
E01004729 ,738
E01004718 ,792
E01004719 ,780
E01004720 ,857
E01004721 ,838
E01004722 ,870
E01004674 ,770
E01004675 ,"1,074"
E01004677 ,801
E01004678 ,835
E01004679 ,918
E01004723 ,962
E01004676 ,711
E01004706 ,682
E01004707 ,754
E01004708 ,725
E01004756 ,751
E01004701 ,771
E01004703 ,865
E01004705 ,586
E01004709 ,716
E01035715 ,"1,172"
E01004659 ,846
E01004660 ,667
E01004712 ,736
E01004727 ,765
E01004670 ,926
E01004702 ,"1,071"
E01033598 ,546
E01033601 ,608
E01033602 ,633
E01033603 ,592
E01033604 ,542
E01033605 ,699
E01004754 ,679
E01004755 ,994
E01004757 ,623
E01032512 ,893
E01032513 ,532
E01004713 ,695
E01004714 ,821
E01004716 ,531
E01004717 ,746
E01004762 ,762
E01004657 ,600
E01004658 ,773
E01004661 ,849
E01004662 ,782
E01004663 ,719
E01004715 ,830
E01004763 ,"1,117"
E01004765 ,"1,046"
E01035716 ,"1,262"
E01004653 ,798
E01004654 ,"1,199"
E01004656 ,"1,106"
E01004760 ,697
E01035717 ,997
E01004680 ,566
E01004683 ,623
E01004684 ,472
E01004686 ,748
E01033593 ,870
E01033594 ,701
E01004681 ,918
E01004682 ,672
E01004694 ,773
E01004697 ,667
E01004700 ,772
E01004652 ,850
E01004693 ,589
E01004695 ,547
E01004696 ,694
E01004698 ,634
E01004699 ,898
E01004734 ,"1,004"
E01004735 ,"1,154"
E01004736 ,580
E01004761 ,697
E01004687 ,674
E01004690 ,434
E01004691 ,476
E01004692 ,447
E01035718 ,732
E01004731 ,"1,037"
E01004732 ,691
E01004733 ,946
E01004744 ,734
E01004748 ,519
E01004740 ,659
E01004743 ,723
E01004746 ,673
E01004747 ,"1,048"
E01035719 ,633
E01035720 ,588
E01004742 ,708
E01004749 ,"1,052"
E01004751 ,770
E01004752 ,705
E01004753 ,922
E01004668 ,588
E01004750 ,840
E01033597 ,584
E01033599 ,525
E01035721 ,"1,307"
E01004665 ,579
E01004669 ,729
E01004737 ,601
E01004741 ,666
E01035722 ,"1,180"
