Lower layer Super Output Areas Code,Workday Population Density (per square kilometre)
E01000011,14623.8
E01000046,9311.9
E01000051,13318.3
E01000077,8475.3
E01000083,8176.8
E01032580,11344.8
E01034472,30021.1
E01000006,9420.2
E01000009,13573.1
E01000022,8760.7
E01000074,8855.1
E01000084,7780
E01000089,9319.6
E01000097,8973.2
E01000113,10545.8
E01034470,9342.5
E01034473,16749.5
E01034477,11068.1
E01000012,13689.5
E01000017,8301.8
E01000024,8771.4
E01000038,5941.1
E01000040,9953.1
E01000041,8899.1
E01000043,5427.9
E01000050,11692.1
E01000058,8699.2
E01000076,9580.5
E01000081,8084
E01000082,9147.5
E01000085,8885.1
E01000086,8237
E01000025,9491.5
E01000028,10312.9
E01000033,8086.7
E01000042,6388.4
E01000052,9544.3
E01000055,8774
E01000063,7847.7
E01000078,9112.6
E01034474,12891.6
E01000016,7469.8
E01000018,8539.4
E01000044,9296.6
E01000049,7828.5
E01000066,9501.8
E01000067,8851.9
E01000101,8169.6
E01000108,6208.2
E01000110,6685.5
E01000021,8553.8
E01000037,5942.6
E01000054,8966.1
E01000059,6695.4
E01034471,13873.6
E01000007,13855
E01000008,10563
E01000057,8578.2
E01000062,7523.7
E01000064,9066.1
E01000065,9058.2
E01000099,8057.4
E01000104,6762
E01000106,8354.6
E01000114,8579.2
E01000019,7822.1
E01000053,7866.2
E01000100,7763.6
E01033587,9777
E01034469,5882.6
E01034479,10111.8
E01000020,9562
E01000069,8344.1
E01000075,3181.3
E01000088,8427.6
E01000091,7104
E01000102,5858.4
E01000013,8517.8
E01000015,6721.3
E01000068,4983.8
E01000045,5246.4
E01000056,6309.5
E01000071,8640.1
E01000079,4492.9
E01000105,9547.3
E01000035,5696.3
E01000073,5414.6
E01000087,3896.9
E01000098,9053.6
E01000032,5320.9
E01000072,3366
E01000080,6990.9
E01000093,6215.1
E01000111,7296
E01000112,7073.9
E01000014,3842.3
E01000029,5539.1
E01000070,4895.4
E01000061,3207.2
E01000103,1997.7
E01000036,3491.8
E01000107,2977.6
E01000096,3389.8
E01000030,7304.5
E01034475,3889.2
E01034476,4166.2
E01000031,2021.6
E01000094,3750.2
E01000060,4280.8
E01000034,3282.7
E01000027,1322.5
E01000039,922.4
E01000090,1912.1
E01034478,1135.2
E01000095,2284.7
E01033917,59571.9
E01033918,18753.5
E01033919,17993.1
E01033921,33500
E01000133,8586.1
E01000181,12325.4
E01000185,9684.5
E01000189,13370.4
E01000226,7543.4
E01000306,9938.6
E01000312,9904.5
E01033916,10272.8
E01033922,22847.4
E01033923,14685.2
E01000126,10953.6
E01000134,10075.3
E01000137,12187
E01000145,7276.7
E01000151,12341.8
E01000154,13986.6
E01000165,7683.6
E01000217,7022.4
E01000219,9173.6
E01000236,7406.3
E01033913,14486
E01000140,12181.1
E01000143,8086
E01000147,7899.2
E01000182,7696.2
E01000216,9323.1
E01000224,9021.8
E01000238,8550.5
E01000242,5222.4
E01000277,7832.4
E01000295,7257.6
E01000297,5687.8
E01000299,15054.5
E01000300,8703.2
E01000304,6965.1
E01000317,8370.5
E01000319,7673
E01033915,7587.7
E01000130,8901.9
E01000163,7471.3
E01000179,11429.6
E01000215,8656.3
E01000220,13059.4
E01000269,4572.9
E01000293,5632.3
E01033920,7078.9
E01000120,5259.1
E01000127,5977.1
E01000157,10071.5
E01000180,8172.2
E01000225,5112.7
E01000245,11849.8
E01000286,5401.2
E01000309,5935.2
E01000311,4593.1
E01000314,7768
E01000321,11319.2
E01000117,4622.6
E01000132,7856.7
E01000144,9187.3
E01000153,9084.8
E01000174,10865.2
E01000202,6584.1
E01000265,8012.3
E01000320,6832.4
E01000324,6249.1
E01033912,6666.7
E01033914,9375
E01000124,7430.6
E01000142,10370.9
E01000150,6126.5
E01000156,10083.3
E01000162,9275.9
E01000169,5543
E01000176,6660.6
E01000190,5817.9
E01000197,5639
E01000205,3709.3
E01000227,6047.7
E01000251,9771.3
E01000291,5328.5
E01000292,5776.3
E01000191,5371.6
E01000218,11924.9
E01000252,6032.4
E01000267,4644
E01000289,4687.1
E01033924,11866.1
E01000115,4478.1
E01000122,5252
E01000128,6722
E01000131,4763.5
E01000152,11238.5
E01000158,5240.4
E01000170,5915.7
E01000177,9680.5
E01000263,3382.5
E01000281,9067.6
E01000287,4786.1
E01000294,16058.6
E01000313,8061.4
E01000138,5334.6
E01000146,10953.5
E01000168,3998.1
E01000171,7048
E01000183,6696.9
E01000187,7158.1
E01000192,8193.7
E01000195,5685.3
E01000196,12172.5
E01000285,6105.9
E01000298,6985
E01000315,3186.9
E01000323,11610.6
E01000116,6325.4
E01000214,4687.6
E01000231,3906.8
E01000235,5353.5
E01000243,11595
E01000270,5146.8
E01000302,10525.6
E01000322,7986.3
E01000200,6093.5
E01000203,5758.3
E01000229,4692.6
E01000232,5244.6
E01000247,5380
E01000271,4378.8
E01000303,5944.6
E01000318,6790.3
E01000136,2793.5
E01000141,5588.2
E01000159,3087.4
E01000160,6681
E01000173,4049.8
E01000201,3644
E01000204,5225.9
E01000237,7201.8
E01000278,4780.2
E01000296,9141.7
E01000316,5976.9
E01000161,8074.2
E01000166,3676
E01000194,6711.8
E01000199,4182.2
E01000208,3784.7
E01000209,3557.5
E01000248,7367.1
E01000284,6822.5
E01000301,4802.1
E01000139,3632.5
E01000167,2404.5
E01000186,5994.5
E01000198,5894.3
E01000222,3968.8
E01000223,3955.9
E01000234,5827
E01000274,6021.7
E01000121,3448.5
E01000123,3375.7
E01000164,3496.6
E01000178,3981.3
E01000184,2260.9
E01000193,7259
E01000210,2994.2
E01000213,3010.8
E01000239,5040.9
E01000240,3207.6
E01000288,3997
E01000119,4222.4
E01000212,3533.6
E01000230,6314.4
E01000233,7015.5
E01000241,4630.6
E01000268,7630.7
E01000273,5564.7
E01000283,3691.4
E01000307,7047.7
E01000129,9319
E01000135,5195
E01000175,3286.7
E01000211,10251.6
E01000221,4327.7
E01000244,6632.4
E01000272,2781.1
E01000275,4696.5
E01000172,3030.5
E01000207,4816.8
E01000257,3442.1
E01000308,3098.9
E01033925,5930.4
E01000118,6033
E01000264,5775
E01000266,1944.6
E01000310,6948.8
E01000250,6029.9
E01000276,2591.7
E01000280,1154.4
E01000249,2070.4
E01000282,2941.2
E01000256,3123.3
E01000260,2522.4
E01000261,1882.4
E01000305,2430.7
E01000259,1846.4
E01000206,1407.8
E01000255,1588
E01000228,557.2
E01000258,2482.1
E01000188,505.5
E01000246,1202.2
E01000254,1000.1
E01000253,556.2
E01000290,664.7
E01033911,894.2
E01000279,281.6
E01000373,10775.3
E01000411,6014.6
E01000438,7629.7
E01000452,6635.3
E01000456,6516.6
E01000464,8273.7
E01033789,6418.5
E01000426,5976.6
E01033790,5115.1
E01000368,5660.2
E01000396,5057.1
E01000401,6383.8
E01000431,6785
E01000347,6687
E01000357,5580.4
E01000370,4550.2
E01000419,4607.5
E01000423,4654
E01000453,5554
E01000463,4175.5
E01000326,3962.7
E01000366,6526.7
E01000409,5854.3
E01000410,5475.2
E01000415,5063.4
E01000416,7537.9
E01000435,6672.4
E01000454,7043.4
E01000455,5308
E01000337,4819.8
E01000341,5432.1
E01000422,9740.9
E01000446,4576.9
E01000342,5123.4
E01000355,3010
E01000371,5239.7
E01000393,6028.2
E01000395,3813.8
E01000436,5330.2
E01000437,3889.5
E01000439,5888.2
E01000441,8123.1
E01000450,6064.6
E01000459,5482.1
E01000467,8013.9
E01000325,3485.8
E01000345,4997.6
E01000348,4117.2
E01000364,3015.2
E01000369,5753.5
E01000413,5329.4
E01000440,4633.8
E01000443,4006.6
E01000451,6548.2
E01000333,6355.8
E01000354,5623.2
E01000372,5669.4
E01000384,4839.9
E01000392,9986.4
E01000404,11232.5
E01000424,4149.4
E01000465,5534.8
E01000469,3458.9
E01000336,8915.9
E01000380,6175.4
E01000394,6742.6
E01000425,4652.5
E01000458,4160.8
E01000470,3331.5
E01000327,3477.9
E01000332,4766.4
E01000340,5374
E01000343,4726.1
E01000349,4155.4
E01000356,4935.4
E01000379,4050
E01000398,5164.7
E01000402,4059
E01000414,7517.8
E01000427,4407.1
E01032566,2601.2
E01000334,4807.5
E01000358,5246.2
E01000365,5607
E01000367,6805.5
E01000391,2882
E01000412,5613.3
E01000420,4699.5
E01000449,2947.9
E01000330,8922
E01000353,3996.4
E01000362,7030.9
E01000421,4246.1
E01000442,4209.5
E01000461,2720.4
E01000339,5288.1
E01000360,7045.7
E01000387,4071.5
E01000388,2986.8
E01000399,4471.5
E01000429,4644.5
E01000433,5372.8
E01033791,6454.2
E01000338,7944.6
E01000351,4120.3
E01000375,4566.6
E01000406,4191.7
E01000407,4351.4
E01000418,2826.4
E01000460,2396.8
E01000329,3955.5
E01000344,6032.7
E01000382,2491
E01000457,9677.5
E01000346,3735.6
E01000352,4931.7
E01000359,5152.3
E01000389,3494.7
E01000390,2019.5
E01000400,4861.7
E01000350,4708.7
E01000361,4626.7
E01000385,5425.2
E01000331,2529
E01000363,3788.8
E01000448,2700.3
E01000468,7768.1
E01000417,1913.1
E01000328,2876.9
E01000386,3266.3
E01000428,3778.7
E01000374,3295.7
E01000377,2980.3
E01000405,6920.3
E01000444,1003.1
E01000462,7274.3
E01000403,4774.5
E01000445,2474.6
E01000376,2634.1
E01000408,3288.8
E01000434,907.8
E01000335,2511
E01000430,1443.7
E01000447,2384.3
E01033792,2350.7
E01000381,775.1
E01000466,1438.4
E01000383,486.7
E01000471,7936.7
E01000509,8781.8
E01000522,11487.1
E01000532,12229.8
E01000546,15642.1
E01000547,17519.8
E01000549,13204
E01000552,14775.6
E01000556,18364
E01000559,10140.2
E01000561,13271.2
E01000584,10493.2
E01000585,12430.3
E01000599,16974.9
E01000603,9470.7
E01000611,11015.4
E01000616,7955.5
E01000637,16300.4
E01033485,9972.3
E01033936,21242.1
E01033939,11695.4
E01033940,24390.5
E01033941,33644.6
E01000505,9226.8
E01000508,11328.7
E01000523,14164.3
E01000531,14526
E01000544,20235.8
E01000545,15461.6
E01000548,18001.8
E01000551,16956.8
E01000553,11997.2
E01000570,8695.7
E01000572,5406.4
E01000579,11578
E01000593,9120.6
E01000629,8296
E01033455,19001.6
E01033929,12858.9
E01033933,12067.6
E01033937,10474
E01000483,6805.5
E01000513,8421.7
E01000517,6769.8
E01000526,14196.1
E01000550,13120.2
E01000557,12992.3
E01000558,7313
E01000560,6190.9
E01000567,5521.6
E01000574,5748.6
E01000581,9132
E01000592,7419.2
E01000602,8926.2
E01000606,5762.2
E01000607,9449.5
E01000619,6708.9
E01000639,13509.3
E01000642,13978.6
E01000644,12914
E01033457,8484.2
E01033934,9865
E01033935,10201.8
E01000490,11226.3
E01000493,7377.1
E01000504,9869.1
E01000514,8330.1
E01000520,5916.8
E01000521,13120.6
E01000530,8657.6
E01000555,6099.6
E01000594,6927.5
E01000595,8145.8
E01000612,5916.4
E01000613,6153.5
E01000617,6395.9
E01000632,7366.6
E01000640,18021.1
E01033930,7966.5
E01000488,8153.8
E01000492,6586.6
E01000512,9389
E01000528,12545
E01000541,5331.7
E01000569,3211.3
E01000573,5804
E01000583,12022.5
E01000636,9718.4
E01000641,15139.1
E01000485,8198.2
E01000494,7062
E01000507,5532
E01000510,9568.2
E01000525,10474.1
E01000527,12863.9
E01000534,8905.5
E01000554,7711.1
E01000604,8016.6
E01000605,8455.7
E01000634,11860.2
E01000511,9329
E01000533,11402.6
E01000566,5838.1
E01000580,5895.8
E01000582,9100.8
E01000621,7025.8
E01000623,7794
E01000627,8033.5
E01000474,7566.2
E01000495,7911.6
E01000501,10018.7
E01000516,9800.8
E01000524,13568.3
E01000535,9021.3
E01000565,6580.5
E01000571,4350.3
E01000626,6297
E01000476,7619.9
E01000497,8824.1
E01000498,5418.1
E01000506,6668.9
E01000577,7471.8
E01000609,5834
E01000618,6695.9
E01000628,4431.2
E01000633,13719.7
E01033931,10674.5
E01033932,8690
E01000478,10609.1
E01000479,4597.3
E01000480,4508.2
E01000503,4208.2
E01000515,4445.3
E01000631,9782.4
E01033942,11305.4
E01000472,6321.6
E01000484,5797.2
E01000502,4742.3
E01000536,5327.6
E01000562,3786.8
E01000578,7572
E01000587,7963.6
E01033456,8379.9
E01000564,7479
E01000568,12293.6
E01000590,7276.1
E01000625,5254.1
E01000630,8127.2
E01000473,13120.3
E01000543,7437.6
E01000596,8703.9
E01000610,5822.3
E01000620,3471.5
E01000624,5665.5
E01000491,5065.9
E01000638,6119.8
E01000475,6976.3
E01000477,7987.5
E01000489,5320.8
E01000540,3203.7
E01000586,16238.3
E01000589,8101.8
E01000591,6970.5
E01000538,3770.7
E01000539,4595.6
E01000575,7090.4
E01000576,5140
E01000615,7529.3
E01000481,5644.7
E01000519,2441
E01000563,3433.8
E01000601,4913.8
E01000608,3996.8
E01000622,2514
E01000643,4179.2
E01000487,5718.5
E01000486,1825.6
E01000499,5232.1
E01033463,6457.9
E01000518,3688.5
E01033938,6996
E01000701,9088.2
E01000702,8482.7
E01000705,7253.6
E01000746,9679.2
E01000796,11885.1
E01034386,19735
E01000669,8441.1
E01000699,8775.7
E01000741,10830.3
E01000744,5848.9
E01034384,12931.9
E01000781,7443.3
E01000798,9556.2
E01000805,8886.1
E01032562,5662.8
E01000707,9064.3
E01000795,4086.8
E01000801,7311
E01000806,9422.1
E01000674,8207.5
E01000700,6282.4
E01000778,6448.6
E01000784,5620.5
E01000785,6295.8
E01000789,10146.5
E01000709,5976.2
E01000780,6011.4
E01000825,9080.1
E01000834,5332.1
E01000672,4455.7
E01000679,6234.3
E01000682,4915.6
E01000691,5200.7
E01000703,7501
E01000726,3824.9
E01000768,2869
E01000802,8514.3
E01000822,6624.6
E01000824,8195
E01000833,3346.3
E01032568,5186.3
E01000762,4639.2
E01000803,5268.2
E01000708,6204.7
E01000739,6013.4
E01000774,3892.3
E01000783,6569.6
E01000811,3948.4
E01000721,5015
E01000782,4797.2
E01000827,4194.5
E01000829,6756.4
E01000836,5260.7
E01032563,3292.4
E01000673,2944.5
E01000677,6105.9
E01000729,6607.8
E01000742,6401.8
E01000773,4207
E01000777,5759
E01000810,3644.9
E01000816,4079.2
E01000823,6079.3
E01000647,5986.5
E01000690,3794.3
E01000704,3912.8
E01000712,4468.2
E01000799,9518.7
E01000808,4027.6
E01000812,3725.6
E01000651,5591.9
E01000683,7488.5
E01000706,3823.4
E01000718,4742.5
E01000733,3869.4
E01000764,3162.8
E01000787,3540.4
E01000657,4483.1
E01000678,5929.1
E01000724,3111.5
E01000835,6948
E01000648,5071.2
E01000687,2919.6
E01000692,5296.5
E01000711,5978
E01000715,5386.9
E01000719,6381.1
E01000727,4312.1
E01000734,3452.7
E01000750,3972.3
E01000758,4135.1
E01000767,4470.4
E01000794,3225.6
E01000839,4210.9
E01000663,4397.1
E01000670,4128.1
E01000716,3994
E01000722,4464.7
E01000766,4099.6
E01000792,4420.5
E01000797,2825.8
E01000841,4743.8
E01032570,3936.3
E01000681,4504.9
E01000717,4751.1
E01000735,2728.5
E01000736,3178.8
E01000737,3126
E01000771,5388.6
E01000793,2839.4
E01000655,2716.8
E01000713,4234.1
E01000714,8890.9
E01000754,4076.4
E01000755,4065.9
E01000760,3298.4
E01000814,2824.2
E01000819,4385.2
E01034383,1902.6
E01034385,5353.1
E01000662,3048.1
E01000686,3610.6
E01000723,2340.9
E01000730,4967.8
E01000731,4544.3
E01000732,3387
E01000743,5925.8
E01000800,6858.5
E01000838,2683.3
E01000653,3156.6
E01000659,2134.7
E01000671,6611.3
E01000725,4305.9
E01000745,4015.8
E01000772,4340.6
E01000828,4229.6
E01000831,3914.2
E01000646,5085.3
E01000649,2109.8
E01000676,13741.7
E01000694,2134.3
E01000698,920.8
E01000738,3644.5
E01000769,2045.9
E01000804,3137.3
E01000809,2457.6
E01000815,2645.1
E01000820,2887.7
E01000830,2415.4
E01000684,4362.1
E01000757,2929.8
E01000791,3193.8
E01000837,3078.5
E01000840,1680.7
E01000652,3019.9
E01000688,1267.5
E01000756,2178
E01000761,2150.5
E01000788,3762.2
E01000790,8269
E01000813,2807
E01000826,2708.7
E01000661,3153.5
E01000697,3070.4
E01000710,3916.7
E01000763,1521
E01000779,1407.8
E01000832,1642.6
E01000645,2001.5
E01000667,1346.3
E01000668,3195.1
E01000689,1090.8
E01000752,1116.6
E01000770,2450.1
E01000775,2332.4
E01000650,1764.3
E01000654,951
E01000665,2225
E01000695,1844.6
E01000786,1408.1
E01000664,1875.8
E01000685,1310.6
E01000753,1876.4
E01000818,1022.8
E01000728,856.7
E01000751,3400.9
E01000807,2681.7
E01000658,876.2
E01000693,803.7
E01000656,405.9
E01000666,619
E01000696,967.1
E01000765,1059.6
E01000749,176.2
E01000759,298.2
E01000680,233.4
E01000720,217
E01000747,198.1
E01000748,182.2
E01000843,12869.1
E01000846,15707.4
E01000847,14660.6
E01000849,18159.6
E01000853,29025.6
E01000857,15985.2
E01000867,19196.5
E01000868,16992.8
E01000869,15257.6
E01000882,14315
E01000886,12054.3
E01000887,15475.5
E01000890,14927.9
E01000891,18750
E01000901,16540.6
E01000904,17613.7
E01000905,18885
E01000906,9767.4
E01000919,26112.6
E01000923,15035.1
E01000926,15302.4
E01000927,15228.6
E01000929,18167.9
E01000932,22798.8
E01000934,15465
E01000935,21127.2
E01000939,22407.6
E01000941,25806.5
E01000942,37547.9
E01000943,28214.3
E01000944,23636.4
E01000949,20192.9
E01000951,26597.5
E01000954,28630.6
E01000955,21502.3
E01000957,10548.4
E01000959,20601.1
E01000961,13361.2
E01000964,11687.8
E01000968,15503.7
E01000969,12356.1
E01000970,19404.1
E01000971,14844.3
E01000842,12264.5
E01000848,14895.9
E01000859,17871.9
E01000870,11862.7
E01000873,12270.5
E01000874,16479.5
E01000875,10657.6
E01000876,14041.1
E01000877,13411.8
E01000888,14488.3
E01000892,12893.2
E01000900,15839.2
E01000902,16920.3
E01000903,12639.8
E01000907,12033.6
E01000911,14222.5
E01000915,95830
E01000920,25598.2
E01000924,14028.5
E01000930,19698.8
E01000938,21477.4
E01000952,18517.2
E01000966,10947.6
E01000974,12987.8
E01035712,20392.7
E01000844,14820
E01000845,13830.5
E01000861,17649.1
E01000862,15076.5
E01000866,13477.7
E01000880,6686.3
E01000895,21794.1
E01000898,52662.8
E01000910,10783.4
E01000916,34053
E01000917,28894.8
E01000925,17596.6
E01000933,16119.3
E01000937,11409.2
E01000956,23885.4
E01000960,17718.1
E01000962,15751.6
E01000965,14641.9
E01000972,16174.2
E01000863,20545.6
E01000872,10176.9
E01000889,13640.2
E01000918,27861
E01000931,15166.6
E01035709,8488.1
E01000860,5296.1
E01000878,8329
E01000896,10469.9
E01000851,24824
E01000879,9960.5
E01000883,14484
E01000884,5650.8
E01000947,19083.3
E01000856,16891.3
E01000881,11082.5
E01000897,9429.3
E01000908,8051.4
E01000963,15194.6
E01000921,17170.4
E01035707,11837.1
E01000948,7544.5
E01000958,19038
E01000967,4087.6
E01000850,24518.4
E01000858,9550
E01000885,4326.5
E01000909,6378
E01000922,16787
E01000973,12370.4
E01000893,2447.9
E01000928,9706.9
E01035708,15941
E01035710,15153.4
E01000894,6561.5
E01000871,5692.4
E01000855,14020.6
E01000914,21035.5
E01000912,2104.9
E01035711,46314.6
E01000946,9697.6
E01000899,1630.6
E01000913,1785.3
E01000996,9724.3
E01000997,11607.1
E01000999,10112.8
E01001000,9726
E01001001,9201.6
E01001002,11102.8
E01001004,10873.5
E01001012,13538.9
E01001144,11921.8
E01001151,8322.3
E01001179,11039.3
E01034140,22265.1
E01034141,15827.8
E01034145,13666.7
E01034147,94020.6
E01034151,29188.6
E01000982,9802.8
E01000984,10185.6
E01000987,6845.4
E01000995,10843.8
E01000998,8530.3
E01001005,14345
E01001052,6854.1
E01001116,8638.4
E01001131,7333.7
E01001141,6603.4
E01001182,9246.7
E01034142,10538.7
E01034148,27577.3
E01000978,8524.2
E01000980,8936.5
E01000983,9430.2
E01000990,7238.1
E01000993,9002.4
E01000994,7158.3
E01001007,9758.1
E01001066,6957.1
E01001111,8365.9
E01001130,10065.2
E01001136,7039.4
E01001139,7424.1
E01001148,9345.5
E01001153,8856.3
E01001158,5798
E01001161,4912.6
E01001164,11694.9
E01001185,6941.8
E01001187,9128.1
E01001193,7196.4
E01034143,15086.7
E01000977,9277.9
E01000981,8426.9
E01001040,8600.1
E01001088,8157.9
E01001146,8801.2
E01001149,9000
E01001155,13613.6
E01001163,5970.9
E01001175,8872
E01034139,12549
E01034152,13050
E01000976,11412
E01001003,7477.6
E01001011,15625.5
E01001025,4809.3
E01001035,7549.2
E01001037,9424.9
E01001046,8076.5
E01001047,8558.9
E01001054,6149.6
E01001056,9109.7
E01001147,7730.2
E01001152,10232.4
E01001181,13123.3
E01001189,8100.1
E01000989,5267.2
E01001057,9673.7
E01001059,5913.3
E01001086,6039.9
E01001090,10391.9
E01001100,5152
E01001154,9426.8
E01001160,5099.7
E01001165,8283.5
E01001183,11954.1
E01001184,5060.9
E01001191,11833.2
E01001192,6575.1
E01034150,17587.8
E01001034,5546.6
E01001042,10618.4
E01001077,5530.5
E01001110,11467.5
E01001126,4863.5
E01000986,4726.3
E01001006,5926.1
E01001009,13374
E01001026,5470.9
E01001127,3915.7
E01001145,12104.5
E01001170,7047.4
E01001177,5156.3
E01000979,11054.2
E01001050,9167.2
E01001051,5103.6
E01001089,9961.8
E01001091,3983.7
E01001114,7938.4
E01001118,10758.5
E01001133,3335.8
E01001140,4033.6
E01001166,10148
E01001168,6775.2
E01001174,5967.7
E01001178,33795
E01001180,10072
E01001190,4849.3
E01001041,7285.9
E01001053,5484.8
E01001085,8515.7
E01001128,5752.1
E01001143,6723.3
E01001188,8420.2
E01032569,4693.3
E01001013,11971.8
E01001030,2912.7
E01001033,4988.3
E01001099,6226.4
E01001113,9051.7
E01001142,5441.4
E01000975,12353.6
E01001024,4283.2
E01001044,4916.2
E01001058,5185.6
E01001063,4339.1
E01001109,6045
E01001112,5230.5
E01001162,5326.3
E01001186,8711.8
E01034144,5415.4
E01001125,5302.6
E01001150,4739.1
E01034146,10157.8
E01001029,3282.7
E01001055,4120.7
E01001073,3859.7
E01001083,4264.9
E01001084,2948.8
E01001115,6911.5
E01001120,3526
E01001124,2299
E01001129,3856.7
E01001138,5390.5
E01001156,5291.6
E01001169,6583.2
E01001008,7072.9
E01001078,3206.7
E01001080,5860
E01001096,3205
E01034149,11645
E01000985,3396.3
E01001039,2887.8
E01001095,5537.5
E01001106,2895.6
E01001134,4079.2
E01001176,6492.3
E01001032,2198.3
E01001079,5293.9
E01001119,1703.9
E01001172,5716.5
E01001031,2952.5
E01001038,7649.4
E01001076,4927.2
E01001087,6841.4
E01001171,6869.1
E01000992,3502.2
E01001023,5201.1
E01001132,3214.4
E01001135,3724.5
E01001137,5301.4
E01000991,3106.2
E01001020,4297.2
E01001069,3092.1
E01001074,4288.5
E01001098,2609.7
E01001101,2138.9
E01001157,4775.7
E01001194,2600.9
E01001075,3506.4
E01001092,3534.4
E01001108,2801.5
E01001036,1945.7
E01001071,2258.9
E01001082,2349.3
E01001093,4069.6
E01001159,4073.9
E01001167,4031.6
E01001019,2154.4
E01001022,1368.4
E01001028,1989.9
E01001081,3025.2
E01001097,7326.5
E01001015,3198.6
E01001016,2366.6
E01001049,891.3
E01001061,3088.6
E01001062,1610.9
E01001070,2875
E01001102,2443.9
E01001105,1389.4
E01001123,1921.2
E01001173,2522.1
E01001010,5153.7
E01001018,1559.5
E01001067,2237.6
E01001068,2013.8
E01001094,1271.6
E01001107,2102.3
E01001122,1225
E01001017,1012.6
E01001103,2142.9
E01001021,530.7
E01001027,1747.5
E01001065,1086.1
E01001104,966.7
E01001060,846.2
E01001072,627.6
E01001121,493.7
E01001064,470.6
E01001199,12483.5
E01001203,15950.1
E01001245,16775.1
E01001287,14240.8
E01001319,7898.5
E01001332,8935.9
E01001383,12169.4
E01032743,18463.9
E01034026,19922.3
E01034029,17905.2
E01034031,38927.4
E01001200,9903.9
E01001207,9780.6
E01001216,9675.4
E01001219,10289.7
E01001223,6034
E01001230,8652
E01001249,16709.5
E01001288,8617.7
E01001292,6550.4
E01001293,9574.8
E01001303,10161.8
E01001304,11434.7
E01001315,6741.6
E01001340,17789.6
E01001346,7133.5
E01001352,9044.3
E01001355,12276.1
E01001356,15746.7
E01001363,11367.3
E01001364,11727
E01001366,10005.9
E01001369,11612.3
E01001372,15388.8
E01001373,12086
E01001379,11584.1
E01001380,11361
E01001198,11316.3
E01001206,9893.2
E01001211,8256.5
E01001215,11822.9
E01001233,8804.9
E01001236,9151.2
E01001251,9320.1
E01001255,7700.1
E01001305,9747.8
E01001334,8622.6
E01001374,12642.5
E01001376,8977.5
E01001385,9856.4
E01001331,9824.4
E01001295,8056.3
E01034028,10964.5
E01001201,10212.1
E01001202,16107.7
E01001204,8171
E01001217,7037
E01001224,6597
E01001229,5871.4
E01001232,5880.4
E01001242,6155.3
E01001243,9053.2
E01001257,10503.6
E01001279,5106.8
E01001296,6852.1
E01001298,9794.8
E01001299,7189.8
E01001306,9765.6
E01001345,7360.6
E01001357,19371.1
E01001360,10989.3
E01001368,10295.3
E01001384,13764.9
E01001389,13713.3
E01001253,11457.4
E01001254,7401
E01001260,5893.3
E01001282,8602.8
E01001300,10821.2
E01001342,8130.6
E01001316,7574.6
E01001312,7423.1
E01001310,6733.8
E01001212,5735.8
E01001213,9894.1
E01001269,6270.6
E01001274,5475.6
E01001286,6555.9
E01001289,8636.4
E01001297,6014.4
E01001313,7377.2
E01001358,11114.1
E01001359,17088
E01001388,7849.5
E01001210,6959.8
E01001227,7501.4
E01001237,5728.8
E01001240,7891
E01001252,12626.4
E01001270,8039.1
E01001317,5263.5
E01001333,8178.2
E01001362,9877
E01001367,12763
E01001382,6352.9
E01032744,8913.5
E01001214,5678
E01001226,7350.5
E01001228,8003
E01001259,4936.8
E01001265,5213.5
E01001276,9145.4
E01001291,7773.1
E01001311,5572.5
E01001318,5925.3
E01001336,5649.4
E01001343,6070.1
E01001353,7009.2
E01001231,4385.3
E01001235,6432.2
E01001244,10831.8
E01001281,5290.2
E01001350,4190.4
E01001371,9446.9
E01001195,3591.6
E01001205,6965.9
E01001323,5438.7
E01001375,11314.1
E01001377,8210.9
E01001381,9243.2
E01001209,5951.6
E01001218,5883
E01001225,9188.4
E01001234,3905.2
E01001250,7271.6
E01001258,7083.7
E01001264,4619.4
E01001283,6669.2
E01001285,7101.3
E01001324,3919.1
E01001354,7622.9
E01001387,8731.1
E01001262,5391.4
E01001302,4603.7
E01001361,8344.1
E01001386,6573.7
E01034030,14153.4
E01001196,6339.4
E01001263,4859.8
E01001268,5324.3
E01001307,3152.8
E01001314,3991.8
E01001320,2633.2
E01001335,3219.2
E01001271,7186.7
E01001275,4399.9
E01001294,5710.4
E01001321,5677.2
E01001261,7016.5
E01001278,4209.4
E01001301,7798.6
E01001328,3817.5
E01001329,5230.2
E01001341,8516.6
E01001351,13139.2
E01001197,4434.2
E01001290,3365.6
E01001327,5512.4
E01001330,4846.7
E01001365,4158.2
E01001370,5499.6
E01001248,2869.1
E01001280,4463
E01034027,8649.7
E01001273,4353.3
E01001309,4732.1
E01032572,6775.1
E01001239,5573.2
E01001246,4116.8
E01001266,4294.3
E01001272,5464.7
E01001348,3468.6
E01001208,2525
E01001241,4324.6
E01001267,5095.1
E01001284,2968.9
E01001322,4154.1
E01001349,1768.1
E01001344,4765.1
E01001277,4638.6
E01001308,1382.9
E01001347,4189.5
E01001325,1705.7
E01001326,2672.6
E01001338,6336.4
E01001339,4692.2
E01001247,5088.5
E01001220,1527.7
E01001337,3828.5
E01001424,13760.4
E01001442,12927.9
E01001460,15277.3
E01001462,11384.1
E01001562,12449.1
E01001557,10209.8
E01001554,13123.4
E01001515,14061.8
E01001495,10356.7
E01001467,14354.8
E01001466,15769.2
E01033146,8367.1
E01001391,11290.6
E01001430,14554.8
E01001448,10858.2
E01001459,6685.1
E01001464,5706.5
E01001476,7004.4
E01001482,9218.1
E01001487,12895.8
E01001503,8990.6
E01001517,9807.2
E01001522,8635.5
E01001555,12916.4
E01001497,5610.2
E01001566,8131.9
E01001541,8358.1
E01001514,10445.9
E01001509,9457.8
E01001508,11002.4
E01001492,9902.3
E01001491,10776
E01001488,11674.3
E01001479,6975.9
E01001447,8478
E01001446,8301.1
E01001435,7307.9
E01001396,8656.3
E01001401,7722
E01001428,8607.8
E01001431,10279.8
E01001432,10339
E01001458,9435.2
E01001485,11893.8
E01001486,9595.6
E01001512,12067.2
E01001530,6759.3
E01001537,6975.3
E01001542,7943.6
E01001547,7314
E01001558,15627.1
E01001408,9704.7
E01001480,7151.5
E01001489,9786.8
E01001493,6668.1
E01001494,7157.8
E01001529,8587.7
E01001567,4632.3
E01001565,6140.7
E01001550,6452.5
E01001540,7558.9
E01001505,9023.1
E01001504,10357.9
E01001502,6783
E01001475,4238.7
E01001461,5257.5
E01001455,4962.2
E01001441,5162.3
E01001436,7836.3
E01001423,8106.4
E01001392,9207.7
E01001409,8675.1
E01001410,11131.4
E01001434,6730.9
E01001438,4907.8
E01001444,7065.1
E01001449,5541.4
E01001456,4682.7
E01001472,5702.3
E01001539,7007.3
E01001546,5901.1
E01001393,8763.2
E01001398,6247.1
E01001411,9913.9
E01001481,8086.1
E01001528,7080.5
E01001551,5566.8
E01001564,7518.4
E01032574,20024.7
E01001390,9967.4
E01001394,9918.8
E01001426,4790.8
E01001457,6812.4
E01001469,6239.4
E01001525,7195.9
E01001552,6481.3
E01001570,4805.7
E01001402,5018.5
E01001405,6018.1
E01001414,3275.9
E01001416,4354
E01001429,13907.1
E01001498,11453.3
E01001524,5618.9
E01001526,4616.5
E01001538,4994.1
E01001556,6147.5
E01001560,5270.5
E01001563,8365
E01033150,8752.3
E01033928,8332.2
E01001395,5237.7
E01001397,5757.8
E01001421,7634.3
E01001440,4949.1
E01001465,6640.4
E01001500,7119.3
E01001544,7605.5
E01001406,7937.3
E01001425,4676.8
E01001463,5053.5
E01001499,5743.8
E01001501,7417.5
E01001516,6632.1
E01001543,6061.5
E01001399,5191.6
E01001420,4584
E01001433,5660.9
E01001496,5852.4
E01001507,10418.1
E01001531,5188.6
E01001548,4998.3
E01001553,7137.2
E01001478,4567.2
E01001484,5306.6
E01001511,6870.8
E01001533,4433.6
E01001534,3904.3
E01001549,6122.7
E01001418,2824.6
E01001439,9895.2
E01001536,5935.8
E01001545,4259.6
E01001400,5644
E01001404,2453.1
E01001403,3887.1
E01001468,4493.9
E01001569,6735.7
E01033927,14635.8
E01001520,5394.2
E01001450,8674.5
E01001471,4558.9
E01001413,2768.2
E01001454,4032
E01001474,4050.3
E01001532,5504
E01001535,3188.1
E01033148,3940.1
E01001452,1858.8
E01001559,3459.1
E01001523,3287.9
E01001521,3444.2
E01001527,4362
E01001568,1726.1
E01001419,2852.9
E01001451,2654.9
E01001453,2693.7
E01001483,2047.6
E01001518,2879.9
E01001422,1014.1
E01001473,2047.2
E01001513,3891.6
E01033151,2414.8
E01001415,2189.5
E01001445,2675.2
E01001427,2778.2
E01001477,2588.5
E01033926,1791.2
E01001407,1477
E01001470,728.7
E01001437,2348.1
E01001417,309.4
E01001412,204
E01001704,10300.4
E01001695,10919.1
E01001692,15006.7
E01001636,12538
E01001573,8769.9
E01034178,62995.8
E01034180,23538.8
E01034181,26895.6
E01034184,32786.5
E01034186,27843.6
E01034191,28263.5
E01034194,42442.7
E01034195,55906.7
E01001590,8990.4
E01001631,11223.4
E01001632,14136.2
E01001638,13963.1
E01001683,10579.9
E01001690,9002.9
E01001696,23787.2
E01001698,12571.9
E01001702,13596.7
E01001710,14976.7
E01033727,16117.1
E01033728,20381.6
E01033732,8958.3
E01033744,9625.1
E01034179,23071.4
E01034187,12888
E01001693,9024.9
E01001664,12721.4
E01001624,6145.3
E01033734,13753.8
E01033735,16685.9
E01034177,8188.6
E01034183,16982.4
E01034189,5813.4
E01034193,12119
E01001703,19400
E01001697,13353.1
E01001671,6954.5
E01001650,7271.9
E01001634,12377.3
E01001633,14244.8
E01001629,8204.4
E01001620,5209.1
E01001603,7138.8
E01001583,4823
E01001579,6045.1
E01001576,7310.4
E01001575,6992.7
E01033742,7798.2
E01033746,10960.6
E01001572,7963.2
E01001705,10767
E01001700,14047.5
E01001677,9551.1
E01001676,10334.9
E01001675,12749.5
E01001600,4514.9
E01001593,9013.5
E01001589,7853.8
E01001594,12325.1
E01001623,5283.7
E01001635,5915.6
E01001637,7485.2
E01001649,4208.8
E01001654,4392
E01001665,8605.2
E01001694,3537.5
E01033736,14488.5
E01034182,14790.4
E01034185,13866.7
E01001582,3899.4
E01001591,9241.8
E01001674,7914.1
E01001708,7521.2
E01033739,11329.8
E01034173,7729
E01034174,4606
E01001578,7075.1
E01001606,6717.3
E01001610,6622.9
E01001653,4757.6
E01001686,8063.6
E01033738,8307.4
E01001571,9020.9
E01001584,5233
E01001597,4269
E01001619,5387.7
E01001646,10596.6
E01001652,5803.9
E01001656,4275.4
E01001658,3304.2
E01001679,5774.6
E01001687,5250.2
E01001712,9691.8
E01033740,7352.2
E01034175,4837.5
E01034176,7049.2
E01001621,3955.8
E01001678,6256.7
E01001681,7577.5
E01001581,7040.2
E01001587,6915.8
E01001607,6641.4
E01001666,7221.1
E01001577,7404.1
E01001585,7661.8
E01001598,2893.4
E01001611,7165.6
E01001644,12596.9
E01001647,3520.9
E01001657,3538.6
E01001660,3723.5
E01001661,3657.1
E01032567,2967.5
E01034190,6173.7
E01034192,12770.9
E01001586,6147.7
E01001592,7110
E01001595,5439.3
E01001596,4870.2
E01001601,5856.1
E01001608,2927.7
E01001645,5351.7
E01001648,3175.7
E01001672,4236.5
E01001580,5860
E01001625,5468.8
E01001651,4832.3
E01001680,2028.6
E01001685,6868.8
E01034196,7204.8
E01001602,6566.8
E01001609,6692.4
E01033741,7350.1
E01001614,1726.3
E01001618,4524
E01001673,13106
E01001699,2586.2
E01033745,4133
E01001604,6521.9
E01033737,9961.8
E01001641,8484.1
E01033729,3422.6
E01001588,2897.2
E01001599,3436.8
E01001655,3483.7
E01001659,4654.3
E01001669,3997.2
E01001605,1847.9
E01001701,6585.6
E01001615,3011.1
E01001617,2213.3
E01001642,1516
E01001688,7502.8
E01001574,1903.9
E01033743,1830.4
E01001613,2159.9
E01034198,4206.2
E01001682,1851.9
E01001684,947.4
E01034188,3948.5
E01001845,11648.6
E01001844,11009
E01001843,13670.7
E01001842,19024.8
E01001838,21625.5
E01001836,14279.2
E01001835,16366.1
E01001834,18170.3
E01001832,14362.7
E01001823,9821
E01001822,19642.9
E01001821,15473.1
E01001820,12959.9
E01001813,16963.2
E01001811,17641.5
E01001800,18962.3
E01001798,19124.6
E01001796,13932.5
E01001794,15043.1
E01001790,21960.1
E01001789,15118.9
E01001785,14668.9
E01001784,20421.1
E01001783,20390.2
E01001776,15246.1
E01001775,11678.5
E01001772,22420.1
E01001768,15752.2
E01001759,13860.3
E01001757,23306.6
E01001755,19852.7
E01001753,18032.1
E01001749,11718.3
E01001746,27393.1
E01001740,14543.4
E01001738,16937.4
E01001737,17407.8
E01001732,24374
E01001728,19541
E01001727,16710.4
E01001726,21581
E01001724,25704.5
E01001723,15406.1
E01001722,18656.6
E01001719,21713.8
E01001718,15351.3
E01001717,9989.8
E01001715,13542.5
E01033702,15614.4
E01033703,18562.7
E01033710,20945.6
E01035641,23379.7
E01035642,34247.8
E01035644,33431.4
E01035645,17488.6
E01035646,15704.2
E01035647,31566.6
E01035648,23308.1
E01035649,21897
E01001716,19078.5
E01001733,21527.9
E01001735,12226.4
E01001736,15139.4
E01001739,15069.5
E01001741,17399.3
E01001756,11972.9
E01001763,15506.4
E01001767,12502.4
E01001769,10323.9
E01001770,12957.5
E01001780,16043.8
E01001781,8572.4
E01001788,11222.7
E01001791,12324.7
E01001792,9292.2
E01001795,11428.6
E01001804,13637.2
E01001805,8358.2
E01001814,17605.3
E01001815,14069.7
E01001816,10440.2
E01001819,10323.3
E01001827,8973.8
E01001828,15917.3
E01001829,16595
E01001830,23129.8
E01001831,17190.6
E01001833,15460.8
E01001837,13904.8
E01001839,21096.7
E01001850,21012.7
E01033711,27756.2
E01035638,20627.6
E01035639,11476.4
E01035640,11836.3
E01035650,12023.2
E01001729,38518.8
E01001840,13407
E01001826,13182.6
E01001825,12881.4
E01001809,19710.8
E01001808,15968.5
E01001807,16629.7
E01001802,11087.8
E01001793,8719.6
E01001764,13764.3
E01001762,15952.2
E01001761,15942.2
E01001760,15440.7
E01001751,8764.6
E01001747,16706.5
E01001742,13464
E01001731,16989.6
E01001725,17293.9
E01001720,14632.2
E01033700,24309.1
E01033705,7153.6
E01035643,16608.4
E01001734,13936
E01001750,13854.6
E01001847,13159.9
E01001841,8824.8
E01001824,6292.9
E01001803,9405.6
E01001773,20303
E01001765,11670.6
E01001745,18841.4
E01001744,12546.3
E01001730,18602
E01001714,13470.7
E01033699,20605.1
E01033712,13832.4
E01001799,13594.3
E01001787,5843.5
E01033709,18918
E01033713,4520.4
E01001758,19558.9
E01001774,10783.8
E01001801,10812.5
E01001777,20188.2
E01033704,13379
E01001812,6825.9
E01001848,13911.6
E01033706,18763
E01001806,4658.7
E01001846,2326.3
E01033708,22462.9
E01001849,5848.3
E01001786,1687.5
E01001851,15469.2
E01001853,14610.7
E01001854,23227.3
E01001855,19609.4
E01001861,15472.7
E01001862,15426.7
E01001863,14108.4
E01001864,18384.9
E01001867,15307.5
E01001872,15686
E01001873,20776.7
E01001878,9243.9
E01001879,15621.9
E01001882,19213.2
E01001884,21301.1
E01001885,17808
E01001888,14816.3
E01001896,16178.6
E01001901,17005.9
E01001903,13164.1
E01001905,17386.2
E01001906,19760
E01001907,16018
E01001908,26319.4
E01001910,15274.3
E01001914,19865.5
E01001918,12356.3
E01001926,14646.8
E01001929,14876.9
E01001931,15897.1
E01001938,13717.2
E01001940,16593.1
E01001942,17696.4
E01001944,23256.2
E01001945,12734.4
E01001948,18772.8
E01001949,17599.5
E01001952,18329.9
E01001957,18969.8
E01001958,28527.5
E01001960,17208.4
E01001961,19687.9
E01032789,37133.3
E01001852,18370.9
E01001857,25099.2
E01001859,19654.5
E01001868,16739.1
E01001881,17338.6
E01001892,14866.4
E01001893,17153.7
E01001895,14936.7
E01001897,14214.4
E01001902,20234.2
E01001909,18202.5
E01001912,14056.9
E01001924,15162.6
E01001947,20671.5
E01001951,15618.3
E01001956,11126
E01032788,15038.8
E01001856,19963.7
E01001875,9182.9
E01001883,14931.9
E01001889,9164.3
E01001890,48666.7
E01001904,10411.1
E01001946,18058.3
E01001953,20920.9
E01032790,14391.8
E01001865,13122.3
E01001894,12308.7
E01001900,14805.6
E01001913,10825.7
E01001917,12186.3
E01001922,10419.3
E01001927,6097.8
E01001928,10005.3
E01001934,12178.2
E01001935,16839.7
E01001937,8748.7
E01001941,14913.3
E01001950,15593.7
E01001858,14334.9
E01001870,14980.2
E01001871,14794.2
E01001886,13668
E01001887,10753.7
E01001899,17020.1
E01001920,13276.7
E01001921,14613
E01001923,13259.7
E01001959,8869.4
E01035487,12797.5
E01001880,11900.6
E01001911,16831
E01001916,3940.8
E01001954,14891.4
E01001860,17488.4
E01001866,13039.4
E01001891,15086.2
E01001925,12494.7
E01001955,8987.7
E01035485,7820.7
E01035486,10757.9
E01001919,9691.7
E01001933,9989
E01001898,18694.6
E01001869,8704.8
E01001943,15470.3
E01001930,7061.4
E01001932,13153.5
E01001915,4568.5
E01001876,8099.9
E01001877,1962.8
E01035484,3629.4
E01001975,12668.9
E01001977,13348.1
E01001983,13296.6
E01002001,12231.6
E01002004,12535.8
E01002097,11098.8
E01002089,22435.3
E01002087,14012.2
E01002085,14222.2
E01002081,12904.4
E01002074,14441.9
E01002050,15215.8
E01002049,12145.7
E01002047,13788
E01002044,16378.9
E01002043,15096.4
E01002040,12160.7
E01002039,17655.6
E01002031,12533.9
E01002028,11658.3
E01002027,9745.5
E01033086,15804.3
E01033945,14815.8
E01033946,16271.8
E01001971,14609.9
E01001981,15940.4
E01001982,13881.8
E01001986,10258.7
E01002005,14010.6
E01002016,10710.1
E01002021,7239.9
E01002026,22395.9
E01002032,14093.1
E01002045,13225.6
E01002048,12224
E01002051,13444.9
E01002054,16948.1
E01002055,18244.5
E01002058,9372.2
E01002060,11775.5
E01002065,10872.5
E01002079,13257.1
E01002098,11858.1
E01002105,13371.5
E01033944,16644
E01002093,6856.6
E01002096,7211.1
E01002100,11075
E01002099,11005.1
E01002083,7907.7
E01002082,7272.7
E01002077,15499.6
E01002067,10698
E01002064,12915.3
E01002061,7787.7
E01002057,12194.2
E01002053,11041.2
E01002046,8866.6
E01002041,12421.4
E01002023,7512.3
E01002015,10024.8
E01002013,10314.3
E01002006,11833
E01001976,13870.7
E01001969,11506.9
E01001965,11627.5
E01002000,8584.7
E01002076,13539.2
E01002088,6821.9
E01002103,8777.6
E01002092,6637.6
E01002073,11711.7
E01002071,14322.8
E01002062,7691.5
E01002059,6219.1
E01002036,10816.3
E01002024,8077.4
E01002017,11146.8
E01001991,13086.1
E01001974,10902.9
E01001972,7573.3
E01002018,10123.5
E01002052,9555.9
E01002090,6669.6
E01002091,7147.7
E01002104,7990.6
E01002063,8757.1
E01002007,8033.4
E01001980,12563.2
E01001978,11921.3
E01032575,13342.5
E01001967,7495.7
E01001979,11915.2
E01002033,11343.6
E01002072,10038.5
E01002034,11305.7
E01002025,3287.4
E01001988,8811.6
E01001985,7789.6
E01002066,13395.9
E01002094,4327
E01001998,9832.6
E01001997,10718.4
E01001984,8142.2
E01001993,6349.4
E01002014,10247.3
E01002030,5576.3
E01002069,11972.4
E01002070,12526.3
E01002078,7008.8
E01001987,4887.2
E01001995,5498.7
E01001999,15607.9
E01002038,12319.9
E01001968,10042.5
E01001970,7701
E01001973,6590.1
E01001994,4667.8
E01002056,12594.3
E01002086,5502.5
E01002101,7501.2
E01001990,17328.9
E01002022,13428
E01002029,13286.6
E01002042,9030.7
E01001996,6477.1
E01002020,5041
E01001989,6209.9
E01001992,4068.9
E01002009,7158.5
E01002019,5742.7
E01002095,4816.6
E01002084,5646.5
E01001963,4049.3
E01002068,10659
E01002075,5599
E01002102,6027
E01001964,2272
E01002003,10725.6
E01033943,5762.9
E01001966,2883.5
E01002002,2423.6
E01002010,2998.7
E01001962,3234.7
E01002011,2508.5
E01002037,3656.6
E01002008,2903.3
E01002206,6053.7
E01034590,10945.3
E01034596,28595
E01034598,19111.6
E01034600,15172.7
E01002120,7120.3
E01002124,8815.5
E01002138,8427.5
E01002169,6303
E01002214,8172.3
E01002217,11376.6
E01002224,6632
E01002231,7871.4
E01002237,10993.7
E01034595,8945
E01034597,10531.6
E01002207,7276.7
E01002235,8627.1
E01002211,6668.6
E01002185,8407.9
E01002182,9336.7
E01002177,6591.6
E01002170,6054.9
E01002106,6253.7
E01034592,9600.3
E01034599,7812.7
E01002108,7208.7
E01002171,7418.8
E01002197,6019.4
E01002215,9132.2
E01002234,9561.5
E01002222,5667.1
E01002220,6689.5
E01002219,6554.1
E01002165,7184.5
E01002160,7733
E01002131,8254.3
E01002123,9068.7
E01002125,9929.2
E01002127,5794.6
E01002198,7686.1
E01002241,6757.3
E01002143,6875
E01034594,6383.4
E01002167,7979.3
E01002173,7229.4
E01002178,6129.7
E01002183,9409.2
E01002204,9663.1
E01002209,6794.1
E01002210,5989.3
E01002216,5537.8
E01002240,9608.1
E01002242,5787.9
E01002238,4895.2
E01002153,5842.8
E01002121,5497.3
E01002168,7235.3
E01002201,5145.1
E01002232,9472.7
E01002236,10600
E01002239,4683.7
E01034589,5932.6
E01034591,7275.3
E01002122,7463.3
E01002161,8184.1
E01002163,5361.1
E01002199,7198.1
E01002208,3794
E01032576,5910.7
E01002119,9722
E01002128,10453.8
E01002151,5533.7
E01002159,7074.7
E01002162,8442.6
E01002107,6024
E01002109,3716.6
E01002116,4221.1
E01002164,5882.1
E01002166,7708.3
E01002175,6207.6
E01002193,5616.8
E01002195,5156.1
E01002202,10507.1
E01002218,4156.2
E01002221,8489.5
E01002223,6782.7
E01002233,11000
E01002136,5405.6
E01002141,5636.6
E01002111,6508.8
E01002139,5544.6
E01002149,3641
E01002156,3270.4
E01002157,6233.9
E01002158,4016.1
E01002172,6575.2
E01002179,10094.3
E01002188,3072.4
E01002191,3562.2
E01002196,4420.3
E01002200,5551.7
E01002227,6280.2
E01002118,6962.6
E01002129,10762.7
E01002147,1837.9
E01002148,3534
E01002203,5941.9
E01002145,5138.6
E01002184,7422
E01002192,3640.4
E01002212,6328.2
E01002110,5872.7
E01002115,3453.4
E01002130,10656.2
E01002140,6175.1
E01002146,1557.4
E01002135,4666.2
E01002150,6463.5
E01002152,3040.1
E01002174,6177.9
E01002176,3863.1
E01002189,5592.8
E01002194,3637.4
E01002142,4745.2
E01002181,5246.9
E01002228,4240.4
E01002132,4727.5
E01002186,5727.4
E01002137,3517.7
E01002133,5073.5
E01002230,3469.8
E01002113,2752.2
E01002112,2249.5
E01002226,4906.5
E01034593,1278.9
E01002155,2427.7
E01002187,3702.4
E01002190,1073.7
E01002229,2758.1
E01002134,1515.9
E01002225,891.4
E01002114,1244.5
E01002144,545.6
E01002287,6253.9
E01002297,7030.4
E01033786,6657.1
E01033787,12506.9
E01002378,5458.7
E01002365,5171.2
E01002355,5277.7
E01002272,5365.9
E01002264,6464.2
E01033785,7764.8
E01002351,8517.4
E01002359,5357.9
E01002318,4824.2
E01002267,6944.4
E01033788,4784.3
E01002280,9217.1
E01002346,5707.4
E01002364,5106
E01002335,5793.3
E01002332,4874.6
E01002261,7570
E01002251,3970.5
E01002316,8571.4
E01002333,4412.1
E01002340,6331.5
E01002341,4767.4
E01002358,8173.4
E01002366,4980.5
E01002258,5153.1
E01002262,6182.8
E01002283,5731.9
E01002295,5864.8
E01002336,5176.2
E01002338,5260.6
E01002352,6521.4
E01002303,5888.9
E01002274,4610.9
E01002291,4080.6
E01002322,3403.6
E01002347,2599.3
E01002362,4690.9
E01002381,3558.7
E01002382,4988.9
E01002243,9068.6
E01002256,4282.6
E01002278,6029.9
E01002315,6839
E01002317,3178.7
E01002327,4201.4
E01002367,4309.5
E01002245,6077.6
E01002286,5331.1
E01002309,4962.3
E01002320,5724.8
E01002323,4480.3
E01002343,3085.4
E01002363,4838.7
E01002372,6185.7
E01032741,13587.3
E01002290,4456.8
E01002307,6038.6
E01002310,7444.9
E01002314,7508
E01002331,4179.9
E01002350,6839.5
E01002375,5942
E01002292,3896.4
E01002306,8078.2
E01002326,6402.2
E01002354,4192.2
E01002356,9923.3
E01002288,3794.1
E01002302,5705.8
E01002328,5090.8
E01002342,7389.4
E01002380,6125
E01002383,5049.6
E01002373,4927.8
E01002284,6434.8
E01002298,3947.1
E01002300,5169.1
E01002301,4693.7
E01002324,2848.4
E01002371,4985.8
E01002386,5303.1
E01002247,6601.4
E01002281,5179
E01002289,5662.7
E01002376,3622.7
E01032742,8951.3
E01002266,3813.5
E01002271,2400.7
E01002308,3287.7
E01002361,7789.1
E01002244,4224.7
E01002246,3561.7
E01002255,2066.4
E01002299,5561.1
E01002339,3661
E01002384,3546.2
E01002390,4011.8
E01002275,2520.3
E01002279,4208.6
E01002282,6867.6
E01002319,5448.8
E01002325,2474.6
E01002360,3470.9
E01002313,4326
E01002330,3029.1
E01002369,3400.2
E01002379,4443.5
E01002388,3930.7
E01033784,6035.6
E01002248,17097.8
E01002269,1901.7
E01002353,6477.5
E01002265,2438.4
E01002270,2107
E01002321,3876.3
E01002345,4858.7
E01002349,2110.5
E01002377,4694.3
E01002329,3898.8
E01002337,1237.5
E01002374,1504.5
E01002257,2147.3
E01002263,1635.9
E01002312,1596.2
E01002254,3154.3
E01002294,1135.7
E01002334,1450.4
E01002252,1123.8
E01002253,1429
E01002285,3176
E01002250,1595.7
E01002273,1674.1
E01002368,2596.8
E01002389,1775.1
E01002260,1338.2
E01002268,1988.4
E01002277,982.5
E01002311,1692
E01002387,1055
E01002259,772.8
E01002305,485.7
E01002348,449
E01002370,1346.3
E01002276,397.9
E01002296,391.9
E01002304,358.4
E01002391,203.6
E01002344,362.6
E01002385,179.4
E01034614,12671
E01002395,5930.6
E01002445,6969.4
E01002546,6738.1
E01034616,12627.3
E01002398,8511.3
E01002466,5995.7
E01002493,8672.3
E01002542,9796.7
E01034606,10638.4
E01034611,6375.2
E01002394,4458.4
E01002409,6611.6
E01002450,5116.3
E01002468,6451.8
E01002469,5495
E01002523,7777.8
E01002550,5363.6
E01002484,5178.6
E01002413,5406.2
E01002416,6626.3
E01002420,4444.1
E01002492,5140.5
E01002501,6941.6
E01002529,8836.6
E01002553,6847.9
E01002393,5749.8
E01002429,3159.5
E01002457,5978.9
E01002487,7579.8
E01002491,7548.5
E01002518,4670.1
E01002528,4148.1
E01002547,7340
E01002471,5228.7
E01002417,5165.2
E01034602,9186.7
E01034609,12550.5
E01002399,6949.6
E01002421,4797.1
E01002427,5995.1
E01002431,3925.1
E01002483,5467.5
E01002415,4799.1
E01002418,4945.7
E01002422,7187.2
E01002456,5874.6
E01002465,4939.4
E01002514,8927.1
E01002530,4927.3
E01002396,4631.4
E01002511,5694.4
E01002531,4223.5
E01034604,9551.8
E01002403,9202.2
E01002404,7586.5
E01002410,4768.9
E01002424,3529.1
E01002452,4805.4
E01002489,7085
E01002503,8401
E01002551,6067.9
E01034605,4682.8
E01002397,11519.8
E01002402,6700
E01002408,6630.2
E01002506,8988.8
E01002508,5450.9
E01002539,4023.6
E01002552,5572.2
E01002425,4263.5
E01002451,5930.8
E01002453,4940.7
E01002467,3854.3
E01002490,5220.6
E01002526,7784.5
E01002534,3110.2
E01034610,5192.3
E01034612,6974
E01002401,6417.4
E01002419,5153.9
E01002426,7851.2
E01002437,2879.9
E01002482,2400.9
E01002513,2195.4
E01002537,4941.4
E01002498,3864.6
E01002502,8322
E01002543,5499.1
E01034617,5108.1
E01002423,2564.6
E01002449,5139.3
E01002488,5200.3
E01002545,4354.3
E01002549,2830.4
E01034601,5187.4
E01002411,3493.2
E01002435,4073.2
E01002459,2940.8
E01002463,2047.3
E01002464,1804
E01002478,5149.2
E01002428,1965.4
E01002432,5188.4
E01002436,3488.8
E01002448,2540.1
E01002455,4266.2
E01002470,5411.8
E01002472,3823.9
E01002496,4926.8
E01002519,2420.2
E01032577,3778.8
E01034615,4166.8
E01002481,3773.5
E01002535,7217.7
E01002536,2853.9
E01002540,8047.7
E01002509,2518.7
E01002525,3139.8
E01034603,2687.2
E01002412,8142
E01002414,3571.7
E01002460,4290.2
E01002462,2767.1
E01002477,4012.6
E01002479,2343.8
E01002480,2574
E01002548,2678.6
E01034607,4530.2
E01002392,2894.1
E01002485,5790.7
E01002541,3889.9
E01002544,2394.2
E01002433,4555.9
E01002486,2302.7
E01002495,3459.2
E01002516,2449.8
E01002520,5917.8
E01002521,6588.5
E01034608,2233.3
E01002430,1298.9
E01002439,4247.7
E01002512,1789.7
E01002434,1413.8
E01002476,2487.1
E01002497,4629.7
E01002505,4919.6
E01002507,2299.8
E01002527,1560.9
E01002538,1725.8
E01002400,2648.8
E01002440,692.7
E01002474,1720.5
E01034613,3215.7
E01002405,2218.2
E01002442,683.8
E01002475,3604.8
E01002446,965.8
E01002454,970.1
E01002458,1241.8
E01002494,691.9
E01002533,923
E01002447,1760.7
E01002461,595.2
E01002443,926.5
E01002499,1189.7
E01002438,374.1
E01002473,391.4
E01002441,219.7
E01002444,2077.9
E01002580,10575.8
E01002627,11324.2
E01002673,24043.3
E01002689,10616.9
E01033030,25603.3
E01033081,14243.4
E01034034,14284.3
E01034043,18617
E01034044,17625.4
E01034045,23396.2
E01002567,7713.8
E01002602,5384.2
E01002690,7009.4
E01033000,15836.3
E01033083,24639.2
E01034035,8738.5
E01034038,16087.8
E01034041,10274.5
E01034046,12647.1
E01002556,6448.9
E01002561,5153.5
E01002588,12040.8
E01002600,7426.1
E01002613,6283.5
E01002646,12892.7
E01002656,5306.1
E01002665,9229.7
E01034032,7495.1
E01034033,10457.4
E01034040,11329.5
E01002574,9631
E01002616,5483.7
E01002624,5979.3
E01002630,7827.4
E01002631,7229.7
E01002636,7739.6
E01002639,7042.3
E01002651,11549.6
E01002658,6306.5
E01034036,19032.5
E01002570,14748.4
E01002573,9395.4
E01002582,8307
E01002584,5236.2
E01002599,6164.4
E01002603,7265.4
E01002606,7383.4
E01002619,7278.9
E01002641,12191.2
E01002647,9816.6
E01002649,8247.1
E01002659,4546.7
E01002669,5486.1
E01034039,12859.8
E01002564,7524
E01002609,6357.6
E01002632,4318.8
E01002652,7729.4
E01002661,6939
E01002666,7601.3
E01002671,6484.2
E01002681,18406.3
E01002558,7456.4
E01002587,8168.9
E01002591,4259.8
E01002605,6197.4
E01002612,7339
E01002643,7441.2
E01002653,6610.6
E01002657,6324.6
E01002578,3334
E01002590,6522.1
E01002617,2766.6
E01002625,6446.8
E01002660,6372.1
E01002662,8268
E01002674,5730.8
E01002687,8421.9
E01034037,9495
E01002622,6944
E01002623,8361.6
E01002640,8194.4
E01002645,7291.3
E01002663,9745.8
E01002693,12528
E01002575,7972.7
E01002576,8179.4
E01002581,9835.5
E01002585,6103.1
E01002595,6003
E01002672,7551.2
E01002577,4099.6
E01002579,3859.1
E01002604,4247.7
E01002655,6141.7
E01002675,6783.1
E01032573,11263
E01033082,6344
E01033084,13449.3
E01002560,4676.1
E01002618,7067.2
E01002557,4803.2
E01002569,9389.2
E01002586,3930
E01002594,6621.8
E01002620,7917.1
E01002626,3845.9
E01002596,4781.1
E01002621,5509
E01002628,6095.9
E01002654,3334.1
E01002670,3630.6
E01002682,5110.8
E01002607,6669.6
E01002667,6641.1
E01002668,7527
E01034042,3998.7
E01002571,5707.9
E01002635,2960.6
E01002563,3406.7
E01002572,1642.1
E01002598,7224.9
E01002677,8565.9
E01002691,7619.5
E01002692,8243.2
E01002555,2542.5
E01002593,4288
E01002680,5911
E01002565,6638.6
E01002629,3891.2
E01002634,7793.4
E01002562,1448.1
E01002583,3497.5
E01002637,4127.7
E01002589,3888
E01002608,4931.8
E01002614,3773.1
E01002676,1390.8
E01002679,4877.9
E01002601,1268.2
E01002611,2307.2
E01002638,2264.8
E01002615,2244.9
E01002650,2032.9
E01002686,1797.5
E01002592,2933
E01002633,3199.5
E01002610,1072.7
E01002559,1253.7
E01002678,1274.5
E01002810,18063
E01002809,15883
E01002799,19952.7
E01002796,15525.6
E01002789,11974.6
E01002785,12153.4
E01002783,15233.7
E01002781,16951.8
E01002780,17265.8
E01002778,16085.7
E01002777,12567.8
E01002772,17425.3
E01002768,13085.8
E01002767,14676.2
E01002763,12218.8
E01002760,16185.2
E01002757,14868.1
E01002755,11814.5
E01002753,16157.6
E01002752,15543.2
E01002751,19689.5
E01002749,17367.8
E01002747,16650.4
E01002741,12105.3
E01002736,20409.8
E01002733,15084.4
E01002725,22196.7
E01002723,19414.6
E01002722,14852.4
E01002721,11419.1
E01002720,17655.2
E01002715,25570.9
E01002714,13068.2
E01002711,23249.7
E01002709,17553.1
E01002703,26127.9
E01002702,22953.4
E01002701,49457.2
E01002698,17084.5
E01002694,19643.4
E01033486,15270.3
E01033487,46147.5
E01033493,31049.7
E01035651,19552.8
E01035654,26783.8
E01035656,25282.7
E01002697,17295.6
E01002699,14863.4
E01002707,19444.4
E01002717,8391
E01002718,14435.5
E01002719,9732.7
E01002727,13100.2
E01002728,17538.5
E01002729,11489.4
E01002730,13390.1
E01002735,25156.8
E01002737,23355
E01002742,17427.5
E01002743,14393
E01002744,12131.3
E01002745,13092.8
E01002756,9418.9
E01002759,12941.7
E01002764,12526.4
E01002766,14308.7
E01002771,11570.6
E01002773,15844.6
E01002775,10320.9
E01002776,13822.3
E01002782,14460.8
E01002786,15671
E01002791,14455.3
E01002792,18804.6
E01002797,17092.9
E01002798,13826.7
E01002804,13851
E01002811,14466.2
E01033489,23724.9
E01035652,19872.3
E01035653,10859.2
E01002807,16171.4
E01002806,13034.9
E01002801,14439.3
E01002800,20518.1
E01002795,15731.3
E01002793,16894.9
E01002790,19100.1
E01002787,10423.8
E01002765,17366.9
E01002754,10422.4
E01002748,9773.5
E01002739,15882.4
E01002716,16273.9
E01002713,22534.9
E01002710,13982.7
E01002706,18237.9
E01033490,25029.1
E01035655,18074.8
E01002784,12720.2
E01002779,15045.2
E01002769,8512.3
E01002734,19762.3
E01002726,25702.4
E01002712,11000.9
E01002696,16968.3
E01002695,21106.4
E01033488,15586.5
E01002808,12530.5
E01002802,16614.4
E01002794,20083.1
E01002770,26267.2
E01002762,10968.8
E01002732,12485.3
E01002700,7486.1
E01002758,12707.5
E01002740,10770.3
E01033494,12429.6
E01002788,12234.9
E01002738,8424.8
E01002724,17181.8
E01002708,8639.2
E01002774,11788.1
E01002805,13890.6
E01002704,24547.9
E01033491,12141
E01002812,27031.8
E01002815,16218.8
E01002816,20218.9
E01002823,15709
E01002828,13569.2
E01002829,22906.6
E01002832,23306.9
E01002833,20607.7
E01002834,18972.7
E01002836,18990.3
E01002837,16718
E01002841,15071.8
E01002842,47417.6
E01002843,20549.8
E01002845,16221.6
E01002846,11393.4
E01002848,13012.2
E01002849,23235.7
E01002850,23753.4
E01002851,22740.9
E01002853,19606.3
E01002857,18333.3
E01002858,27500
E01002865,13728
E01002867,15741.3
E01002869,18195.3
E01002874,12424.6
E01002876,14254.8
E01002879,20505.9
E01002880,19426.4
E01002881,20665.5
E01002882,9645
E01002885,23907.4
E01002891,14170
E01002897,9629.9
E01002904,10623.7
E01002907,21017.3
E01002909,18429
E01002910,13469.1
E01002914,33919.1
E01002902,17460.2
E01002899,20791.9
E01002862,28068.2
E01002861,18271.5
E01002830,20617.4
E01002831,19800.5
E01002835,16467.1
E01002839,23634.9
E01002844,10686.6
E01002855,16383.4
E01002856,17381.3
E01002860,13642.1
E01002863,12423.5
E01002866,10538.7
E01002873,10392.3
E01002878,12399.7
E01002883,16119.3
E01002886,13845.5
E01002888,24057.8
E01002889,27718.1
E01002892,21036.8
E01002893,14193.9
E01002894,13881.8
E01002896,15321
E01002898,13904.9
E01002903,14529.8
E01002908,12790.5
E01002813,15618.8
E01002818,22205.2
E01002847,19736.8
E01002854,8926.1
E01002872,12745.1
E01002875,7927.4
E01002884,20051.9
E01002887,14980.5
E01002859,23325.5
E01002814,18604.7
E01002840,12224.7
E01002870,14485.8
E01002905,11465.9
E01002906,15147.1
E01002913,15627.9
E01002868,5866.1
E01002871,13537.5
E01002890,11069.4
E01002911,13841.1
E01035714,12626
E01002817,13274
E01002827,9687.4
E01002877,12340.7
E01002825,14012.5
E01002864,5227.8
E01002912,61595.4
E01002819,30998.1
E01002826,11936.4
E01002900,12542.8
E01002821,11219.3
E01002824,8131.2
E01002901,4132.3
E01035713,15596.4
E01002852,6025.3
E01002969,21901.3
E01034576,12826.9
E01034577,25376.1
E01002923,12378.1
E01002980,4943.6
E01002985,8913.4
E01002993,7603.9
E01002963,8466.1
E01002967,9411.5
E01002974,9092.2
E01003008,6917
E01002998,9352.4
E01002934,8474.6
E01002935,9543
E01003011,6406.5
E01002975,4935.9
E01002942,5214.9
E01002921,8476.7
E01002915,3919.4
E01002960,4890.2
E01002997,6352.3
E01002999,8189
E01003007,6923.1
E01002996,7117.6
E01002990,9336.9
E01002989,10990.1
E01002943,4028.9
E01033569,12998.8
E01002940,5838.6
E01002954,24748.3
E01002973,4425.1
E01002991,5661
E01002944,5823.1
E01002931,6182.7
E01002947,4289.1
E01002951,5606.8
E01002958,8271.2
E01002970,5026.2
E01003002,5536.5
E01002927,6837.3
E01002932,8455.5
E01002937,11509.3
E01002938,8095.4
E01002957,5260.2
E01003009,5637
E01002924,4276.1
E01002945,4858.8
E01002962,5028.7
E01002987,13905.9
E01002988,5944.6
E01003005,6152.2
E01003006,4660.4
E01002925,7016.9
E01002959,3129.5
E01002972,11188.8
E01002984,5538
E01002986,2878.3
E01002992,4100
E01002994,4788.6
E01002926,4738.7
E01002939,5622.6
E01002961,5331.2
E01002976,4843.4
E01002917,4562.9
E01002982,4781.1
E01002928,7681.2
E01002933,10778.6
E01002979,3749.3
E01003003,7974.3
E01002916,3040
E01002918,2964.7
E01002965,8138.8
E01002983,2498.1
E01003010,5023.1
E01002920,2901.4
E01002930,9041.2
E01002941,2380
E01002949,5181.1
E01002981,3479.2
E01002922,4473.2
E01002977,4571.9
E01002978,4530
E01003004,5147.3
E01002966,3893
E01002971,5952.8
E01002946,2493
E01002955,2705
E01002995,4181.3
E01003001,4288
E01002919,2482.7
E01002956,2147.1
E01002929,2772.4
E01002950,1608.3
E01002968,15187.2
E01002964,8346.6
E01002953,1473
E01002952,1164.5
E01003000,2542.5
E01002948,531
E01003174,11602.9
E01003175,10074.2
E01003176,11487
E01003177,14650.2
E01003178,12258.4
E01003179,17291.4
E01003181,15602
E01003184,19120.3
E01003185,17602.3
E01003188,11938.3
E01003161,9949.6
E01003136,10773.2
E01003135,15339.1
E01003129,16666.7
E01003128,17139.6
E01003127,12583.8
E01003126,17402.9
E01003125,18065.8
E01003124,13099.6
E01003122,15315.2
E01003121,18485.3
E01003115,12557.5
E01003111,22312.9
E01003100,16811
E01003094,15461.3
E01003093,25817.4
E01003091,16442.8
E01003088,13569.9
E01003070,9750.8
E01003064,9416.4
E01003063,8896.1
E01003061,18010.1
E01003060,17018.8
E01003059,23806.5
E01003058,18057.1
E01003056,16401.9
E01003055,14174
E01003046,13692
E01003045,14645
E01003044,18006
E01003042,9696.7
E01003034,12205.8
E01003031,13989
E01003025,10414.8
E01003022,11224.1
E01003017,18447.3
E01003015,17319.4
E01033208,32075.1
E01033864,14480.5
E01033866,36155.7
E01003019,12480.1
E01003023,17631.4
E01003027,9774.2
E01003029,10564.9
E01003030,9623
E01003037,12325.2
E01003039,14294.2
E01003041,17781.3
E01003052,14765.7
E01003054,23424.7
E01003062,13252.2
E01003075,16632.5
E01003082,9322.7
E01003086,9169
E01003095,9302.8
E01003097,13506.6
E01003098,14981.4
E01003104,17693.3
E01003108,16292.1
E01003113,9604.9
E01003118,9919.6
E01003120,14619.1
E01003131,10655.7
E01003132,9160.3
E01003133,8009.2
E01003142,8821
E01003143,7689
E01003146,10751
E01003150,10055.5
E01003157,11571.1
E01003159,10234.8
E01003160,10326.7
E01003172,12863
E01003180,10462
E01003182,8908.6
E01033863,11167.2
E01003092,14083.7
E01003112,12270
E01003171,12665.4
E01003173,11691.9
E01003183,11416.3
E01003165,8755.5
E01003162,12239.5
E01003158,11313.5
E01003151,12044.6
E01003149,6464.6
E01003138,9697.7
E01003134,7990.1
E01003130,11461.6
E01003119,11434.4
E01003105,15313.2
E01003102,18024.1
E01003089,14511
E01003057,14569.1
E01003053,13019.8
E01003048,12084
E01003038,11151.2
E01003035,16941.4
E01003033,10296.3
E01003032,10877.8
E01003020,14881.8
E01003016,12792.8
E01003036,12389.4
E01003069,4825.5
E01003187,13526.1
E01003156,11823.6
E01003154,8853.3
E01003114,11621.3
E01003110,13974.8
E01003087,11215.1
E01003077,13617
E01003050,14271.2
E01003047,19767.6
E01003043,12959.4
E01003040,8196.3
E01003024,12014.5
E01003021,14639.3
E01003065,11420.4
E01003140,8909
E01003167,7794
E01003153,16631.2
E01003145,8558.5
E01003123,8964.8
E01003101,13330.5
E01003090,14950.4
E01003084,9596
E01003049,12127.8
E01003067,10273.3
E01003072,7301.2
E01003139,10235.1
E01003186,10340
E01003163,7024.5
E01003137,12298.1
E01003106,15352.9
E01003083,9359.8
E01003080,10650.5
E01003018,12986
E01003014,10674.9
E01033862,14119
E01003117,10250.6
E01003155,9442.4
E01003148,7940.3
E01003028,10051.2
E01003066,4994.2
E01003085,6708.2
E01003096,16407.6
E01003107,15258.7
E01003116,6072.4
E01003141,9068.1
E01003169,10594.4
E01033865,13878.9
E01003078,6741.7
E01003147,9322
E01003068,7664.2
E01003071,11452.7
E01003051,10654.3
E01003076,32555.2
E01003079,6558.4
E01003152,8896
E01003164,10683.2
E01003168,6337.3
E01003073,9893.4
E01003166,11188.9
E01003026,4628.9
E01003074,3073.1
E01003081,10637.5
E01032582,20241.3
E01003099,6138.7
E01003170,5824.8
E01003013,49342.4
E01003144,3359.7
E01003205,12855.6
E01003299,12129.6
E01003305,16387.7
E01003321,9135.1
E01003322,12770.3
E01003337,9372.6
E01003338,12716.9
E01003349,9425
E01003252,17681.6
E01003244,21272.5
E01003238,9005.4
E01003218,8762.3
E01003209,12389.2
E01033322,15600
E01033325,18585.5
E01034387,34827.6
E01034388,19107.1
E01034389,15730.1
E01034393,15274.4
E01034395,16743.4
E01003195,5984.7
E01003203,11295.5
E01003214,10402.3
E01003220,8424.3
E01003224,9257.1
E01003228,9613.2
E01003245,14405.1
E01003249,13369.2
E01003253,9986.5
E01003258,9866.9
E01003262,7782.6
E01003266,8251.5
E01003290,10555.2
E01003300,11208.8
E01003302,11977.8
E01003312,8094.8
E01003315,7837.3
E01003324,17556.3
E01003326,11710.3
E01003328,8006.3
E01003329,8081.7
E01003339,9157.2
E01003340,10685.7
E01003341,6701.4
E01003344,7342.9
E01003347,10566.8
E01033341,9890.3
E01003231,8825.9
E01003272,11621.8
E01003278,12061.2
E01003279,7370.5
E01003288,10779.6
E01003293,12331.2
E01003304,13497.9
E01003308,9942.9
E01003309,8298.7
E01003311,7211.5
E01003314,9361.7
E01003316,8139.7
E01003319,11164.4
E01003333,10692.1
E01003335,10375.4
E01003343,9329.1
E01003261,6875
E01003259,9057.5
E01003207,17022.3
E01003206,5749.8
E01032564,6504.9
E01033320,9024.6
E01034394,15077.4
E01003189,7445
E01003197,6162.9
E01003215,10211.4
E01003216,7079.4
E01003273,6291.9
E01003283,8416.8
E01003298,7428.8
E01003307,8963.4
E01003313,6096.4
E01003323,6949.9
E01003327,8187.6
E01003336,9500
E01003345,11241.4
E01003353,6041.7
E01003257,6539.7
E01003222,6982
E01003211,7905.7
E01003210,9002.7
E01032579,12350.6
E01034392,13358.1
E01003204,6112.8
E01003239,6436
E01003241,4690.8
E01003274,9482.3
E01003280,6762.2
E01003286,10436.4
E01003287,7844.5
E01003310,9312.5
E01003330,4946
E01003350,4134.7
E01003352,8271.4
E01003251,6082.8
E01003230,7865.3
E01003229,8848.3
E01032565,5506.2
E01034390,7880.5
E01034391,6687.8
E01003194,4278.4
E01003201,9438.4
E01003223,5951.3
E01003232,7246.8
E01003236,7807.9
E01003268,5315.4
E01003269,6111.6
E01003275,7551.4
E01003282,8894
E01003320,6573.9
E01003325,11248.1
E01003255,11676.8
E01003198,7785
E01003202,6958.4
E01003225,7256.9
E01003227,5958.7
E01003277,9678.1
E01003284,10218.3
E01003342,9761.6
E01003256,8737.1
E01003243,5662.8
E01003190,6608.4
E01003191,6395.3
E01003221,7207.1
E01003233,11215.6
E01003247,8078.9
E01003265,5570
E01003270,4705.5
E01003331,8220
E01003332,7102.3
E01003348,5032.5
E01033324,7465.1
E01003217,9570.6
E01003246,9295.5
E01003260,6364.5
E01003263,4835.6
E01003267,4076.3
E01003271,4486.4
E01003281,4482.6
E01003291,21168.1
E01003295,9382.9
E01003301,10009.3
E01003334,9446.7
E01003351,7391.1
E01003219,7174.2
E01003226,9430.9
E01003264,5897.9
E01003285,7756.6
E01003354,4508.5
E01003212,7352.3
E01003303,8746.6
E01003196,5913.2
E01003213,7481.3
E01003235,2750.7
E01003297,5197.2
E01003193,7307.7
E01003292,12571.4
E01003318,8722.7
E01033327,10030.7
E01003237,7048.6
E01003254,4206.4
E01003276,3926
E01003248,5450.6
E01003199,10173.6
E01003200,2777.6
E01003240,7647.1
E01003346,3923.7
E01003192,1625.7
E01003360,11798.4
E01003369,12799.1
E01003379,12019.2
E01003390,17242.1
E01003391,11877.9
E01003393,17328.1
E01003399,8804.6
E01003472,13281.9
E01003359,11763
E01003371,9933.9
E01003372,10682.4
E01003377,11085.8
E01003381,9663.2
E01003397,9523.8
E01003408,9342.2
E01003410,9968.4
E01003415,8447.4
E01003430,10344.8
E01003457,10803.1
E01003355,12457.6
E01003358,11721
E01003368,8747.5
E01003373,7960.3
E01003394,10149.7
E01003396,12447.5
E01003407,9177.2
E01003420,6431.2
E01003423,9141.8
E01003361,6592.2
E01003382,9086
E01003384,10111
E01003385,7707.8
E01003388,9399.7
E01003400,9132.3
E01003409,6208.9
E01003411,7902.3
E01003436,6312.4
E01003438,7955.6
E01003441,6904.1
E01003456,11971.5
E01003386,10472.6
E01003395,7094.5
E01003416,3759.7
E01003429,8006.5
E01003431,10031.7
E01003450,6464.3
E01003458,11103
E01003477,7704.6
E01003357,7571.6
E01003401,11615.6
E01003403,7591.6
E01003404,8601.5
E01003406,6759.7
E01003424,4583.9
E01003443,7322.8
E01003448,8610
E01003454,8140.1
E01003455,6237.6
E01003459,10385.6
E01003461,6829.4
E01003466,6016.9
E01034580,7287.7
E01003376,6547.7
E01003387,7320.4
E01003402,9823.9
E01003418,7112.6
E01003380,7123.5
E01003414,6343.3
E01003417,4110.6
E01003433,5668.3
E01003434,7021.4
E01003442,7271.3
E01003389,9115.1
E01003378,8563.1
E01003421,4812
E01003422,5229.5
E01003447,4319.1
E01003476,7065.8
E01003364,6671.2
E01003366,2731.9
E01003383,8836.7
E01003392,4942.1
E01003405,7419.4
E01003412,6551.6
E01003425,5084.9
E01003428,4541.5
E01003473,6728.3
E01003478,7295.5
E01003374,5633.8
E01003398,6999.5
E01003444,5330
E01003463,2714
E01003419,2883.6
E01003440,3369.9
E01003467,4005.1
E01003469,6042.7
E01003470,7526.5
E01034579,5982.1
E01034581,9867.7
E01003413,5768.3
E01003426,4009.1
E01003453,8366.6
E01003471,6759.5
E01003356,5952.1
E01003365,3645.3
E01003370,11014.4
E01003449,5056.7
E01034578,3640.4
E01003362,2690.9
E01003439,4220.8
E01003446,9284.8
E01003451,2724.4
E01003462,2958.4
E01003468,3643.4
E01003427,8292.3
E01003363,3208.1
E01003437,4389.6
E01003474,2195.1
E01003435,2002.9
E01003445,3315.1
E01003432,2686.3
E01003452,5994.1
E01003465,2546.7
E01003464,2739.6
E01003375,1763.8
E01003460,598.4
E01003489,20806.2
E01003491,16840.6
E01003495,13757.4
E01003496,5638.9
E01003506,10244.8
E01003509,15982.7
E01003511,15528.9
E01003519,18022.5
E01003522,18158.6
E01003524,17267.6
E01003527,8606.2
E01003530,13123.4
E01003532,15165.3
E01003534,14570
E01003551,16425.6
E01003553,16311.2
E01003554,15654.4
E01003560,15924.5
E01003563,24033
E01003565,20465.6
E01003566,21665
E01003567,20010.2
E01003568,18661.2
E01003569,22500
E01003570,20204.7
E01003572,15874.2
E01003581,16240.2
E01003582,15005.8
E01003583,18940.9
E01003585,17119.3
E01003588,18026.8
E01003589,10989.1
E01003593,10735.3
E01003597,20044.6
E01003598,20849.6
E01003607,11710.4
E01003608,16774.2
E01003621,18447.8
E01003626,12312.2
E01003627,14993.4
E01003629,22473.1
E01003633,15353.4
E01003634,10385.4
E01034200,22785.2
E01034201,15962.9
E01034203,21712.5
E01034204,18716.6
E01034214,36090.7
E01034215,39492
E01034216,21908.5
E01034223,18250.8
E01034226,27680.4
E01034227,27133.5
E01034228,18330.7
E01034230,24703.1
E01003484,12961.5
E01003490,16282.3
E01003492,17063.8
E01003494,15316.9
E01003521,20969.2
E01003526,17516.3
E01003528,12952.3
E01003529,18293.7
E01003533,19013.1
E01003552,11832.7
E01003555,9181.5
E01003556,13594.2
E01003561,17261.3
E01003562,17700.9
E01003564,18226.1
E01003571,20647.6
E01003573,20732.9
E01003579,18901.3
E01003580,7090.4
E01003586,10060.3
E01003595,18410.8
E01003599,10791
E01003602,15578.9
E01003605,16654.1
E01003611,10813.9
E01003615,12381.8
E01003628,14940.8
E01003632,12688.1
E01003637,15026.6
E01034199,15397.7
E01034202,13616.1
E01034210,12752.6
E01003487,10907.6
E01003488,11846.2
E01003507,13926.8
E01003520,15303.1
E01003525,14856.7
E01003531,10889.9
E01003543,12880.4
E01003547,9444.8
E01003549,13787
E01003558,12714.6
E01003575,11344.2
E01003592,12339.3
E01003594,12948.3
E01003618,17630.9
E01003624,10377.9
E01003631,9535
E01034207,9635.1
E01034208,11254.2
E01034221,12066.8
E01003499,12511.7
E01003516,11045.2
E01003536,9582.4
E01003538,10557.5
E01003542,14366.6
E01003550,12478.4
E01003559,13053.6
E01003577,10606.4
E01003623,6306.5
E01003630,14549.8
E01003636,10443.7
E01033584,9960.2
E01034212,7106.2
E01034219,10870.9
E01003501,12279
E01003508,15493.5
E01003518,7264.7
E01003537,9860.8
E01003541,9906.8
E01003545,8213.4
E01003546,11850.3
E01003574,12727.3
E01003591,14684.1
E01003596,12148.6
E01003600,12001.8
E01003603,21997
E01003616,11318.7
E01034231,16599.1
E01003514,8487.9
E01003523,10501.2
E01003540,7621.6
E01003557,9983
E01033580,14154.8
E01003480,6064.4
E01034213,5107
E01003485,8378.6
E01003539,8884.4
E01003548,8100.8
E01003576,10888.4
E01003604,7921.4
E01003479,4647.9
E01003498,6350.8
E01034209,12130.5
E01003587,13352
E01003619,14700.8
E01034217,11293.2
E01003483,5046.9
E01003512,11604.7
E01003502,17173.2
E01003503,17600.3
E01003544,11127.2
E01003625,4325.6
E01034222,3819.8
E01003486,7354.7
E01003517,6695.8
E01003601,9937.8
E01003635,3614.1
E01003513,5090.9
E01003584,4564.6
E01003590,5149.4
E01033579,3599
E01033586,3408.4
E01034211,4752.4
E01003535,3797.5
E01003622,6539.7
E01034218,9516
E01033582,6626
E01034220,23349.1
E01034225,3256.7
E01034229,3726.6
E01003481,3576.9
E01003578,2251.2
E01003497,4671.9
E01003500,4882.8
E01003515,3332.4
E01034224,4825.7
E01034206,2642.7
E01033581,2009.9
E01034205,1990.7
E01003684,12904.1
E01003714,11906.6
E01003729,14962
E01003730,16152.1
E01003733,15372.8
E01003736,16248.7
E01003761,14325.4
E01003786,9938.5
E01033590,12077.8
E01034482,32338.1
E01034483,16098.2
E01003644,8355.6
E01003652,7706.9
E01003683,14713.2
E01003688,12177.5
E01003695,9873.9
E01003696,8427.9
E01003712,7161.5
E01003713,10115.1
E01003718,11239.5
E01003731,7975.6
E01003734,12937
E01003742,14303.6
E01003766,11307.2
E01003772,9304.5
E01003779,9749
E01003781,12817.2
E01034480,9650.5
E01003647,9698.7
E01003649,7247.2
E01003651,6104.8
E01003662,11131.8
E01003668,7940.9
E01003685,13485.1
E01003715,11733
E01003732,14799
E01003738,8062.8
E01003743,9528.5
E01003754,8815.4
E01003782,10304.7
E01003787,9992.6
E01034481,10966.6
E01003646,8750.6
E01003669,7439.5
E01003672,9410.2
E01003676,8007.4
E01003691,5989.5
E01003692,8575.2
E01003701,7019.3
E01003727,6499.1
E01003741,7419.4
E01003753,8734.2
E01003767,10188.8
E01003771,7052.4
E01003784,11114.3
E01003788,10923.4
E01033589,24159.1
E01033592,10013.3
E01003653,11954.7
E01003654,5749.7
E01003661,8790.2
E01003665,8150.5
E01003673,7589.9
E01003689,16890.9
E01003698,6752.8
E01003706,7012.9
E01003721,8528.4
E01003735,8915.7
E01003762,6372
E01003768,10870.1
E01003769,8940.4
E01003780,4281.9
E01033591,11393.2
E01003643,9160.4
E01003645,11604
E01003648,5525.3
E01003650,7971.1
E01003670,5785.8
E01003680,6816
E01003686,10211.6
E01003725,9041.6
E01003749,7067.4
E01003752,9880.1
E01003759,5949.6
E01003765,7468.7
E01034484,10648.3
E01003638,7262.5
E01003664,8874.3
E01003671,6374.9
E01003705,7465.5
E01003724,5529.5
E01003773,7963.7
E01003704,6038.4
E01003755,10545.9
E01003757,8651.1
E01032581,6501.9
E01003659,3713.3
E01003675,6190.9
E01003697,4968.8
E01003716,4205.5
E01003737,7031.3
E01003756,8741.6
E01003783,13989.8
E01003789,4027.8
E01003682,5711.7
E01003694,5461.8
E01003710,5508.9
E01003722,7181.2
E01003760,5938.2
E01003679,6146.3
E01003707,5720.6
E01003709,6139.5
E01003723,5463.3
E01003763,2294.5
E01003641,6524.5
E01003663,6261.1
E01003739,8029.9
E01003745,2354.6
E01003656,2742.5
E01003666,11541.3
E01003674,11357
E01003777,6938.4
E01003655,5951
E01003711,5481.5
E01003720,3625.5
E01003747,3932.3
E01003750,5068.3
E01003657,4604.9
E01003658,6325.7
E01003678,4852.6
E01003699,1847.7
E01003775,4090.6
E01003793,2232.3
E01003796,5316.6
E01003702,5958.1
E01003660,2671.7
E01003690,3217.9
E01003748,4492.7
E01003778,6840.9
E01003708,3742.1
E01003740,3923.6
E01003751,3287.6
E01003774,6968.4
E01003785,4850.3
E01003794,3939.3
E01003719,6247.4
E01003790,1569.8
E01003792,1514.3
E01003677,4397.6
E01003776,4854.2
E01003642,5369.8
E01003693,3360.3
E01003700,3791
E01003744,1800.1
E01003764,3404.8
E01003770,8892.1
E01003681,4594.7
E01003703,2131.5
E01003746,3474.3
E01003795,1600.2
E01003791,1021.2
E01003639,2116.9
E01003726,804.8
E01003640,302.7
E01003808,12795
E01003865,9751.6
E01003868,12951.8
E01003871,8252.7
E01003854,10605
E01003856,12884.1
E01003863,6768.6
E01003866,10734.2
E01003902,7135.8
E01003807,13872.5
E01003811,9231.6
E01003844,5085.6
E01003858,10299.3
E01003859,7759.2
E01003874,10828.4
E01003879,8084.3
E01003898,9767.8
E01003906,7247.8
E01003798,6698.2
E01003804,10077.5
E01003832,5271.9
E01003840,7263.6
E01003857,11000
E01003897,13650.2
E01003861,9298.3
E01003882,10894.7
E01003883,9624.2
E01003890,7357.4
E01003803,6348.4
E01003842,4126
E01003862,9474.7
E01003892,5008.5
E01003909,7633.8
E01003802,3223.8
E01003810,7871.1
E01003846,6875.8
E01003855,6104.5
E01003864,5304.2
E01003899,7474.6
E01003800,5461.3
E01003813,4683.1
E01003833,6558.5
E01003843,5402.5
E01003848,8751.3
E01003877,8757.1
E01003886,9497.3
E01003887,10049.5
E01003894,9331.3
E01003901,5296
E01003907,5632.9
E01003873,9133.1
E01003881,5553.5
E01003893,7937.9
E01003904,6098.5
E01003829,5632.5
E01003837,3926.3
E01003839,8880.2
E01003851,6638.2
E01003891,5915.6
E01003910,4546.1
E01003812,8190.9
E01003849,7859.3
E01003872,4700.3
E01003876,9485.4
E01003801,5380
E01003820,5805.4
E01003821,6481.9
E01003841,5971.1
E01003845,3575.3
E01003869,4570.2
E01003870,4888.8
E01003880,6549.8
E01003900,2238.8
E01003903,2391.1
E01003835,4559.3
E01003838,5719.9
E01003905,3386.2
E01003824,4954
E01003825,4398.6
E01003836,4975.8
E01003908,5710.4
E01003809,4674.1
E01003853,4704.5
E01003875,3366
E01003815,3968.7
E01003822,3596
E01003895,4213.8
E01003814,3801.8
E01003828,4264.5
E01003852,1718
E01003797,3873.4
E01003799,2080.7
E01003830,3828.7
E01003831,4570.4
E01033570,4337.8
E01003827,4659.6
E01003867,4962.9
E01003896,9730.7
E01033571,4075.7
E01003805,2171.7
E01003818,2898.9
E01003826,1797.8
E01003885,3640.5
E01003878,1529.6
E01003884,6019.2
E01003860,1303.7
E01003888,4490
E01003847,1525
E01003819,1525.6
E01003834,1653.7
E01003889,622.6
E01003806,341.6
E01003816,641.8
E01003817,533.4
E01003823,462.7
E01003912,19448.5
E01003923,12274.6
E01003924,21308.2
E01003925,17984.1
E01003926,12644.9
E01003936,16137.6
E01003937,19593.3
E01003938,19375.8
E01003940,22568.8
E01003941,20426.4
E01003943,18618.4
E01003954,13214.6
E01003958,10999.4
E01003963,22154.9
E01003971,17940.3
E01003972,18214.3
E01003973,16354.4
E01003975,17677.3
E01003991,12670.9
E01003992,16866.5
E01003993,17497.1
E01003995,18395.6
E01003997,14782.6
E01003998,13365.4
E01004003,11353.9
E01004007,13416.8
E01004008,17300.8
E01004019,12836.3
E01004024,14809
E01004036,18204.3
E01004044,15021.3
E01004045,19551.3
E01004065,12840.6
E01004071,10151.3
E01032637,26517.4
E01032638,29579.2
E01032639,25544.3
E01032640,27538.5
E01032719,30072.3
E01032803,25016.5
E01032834,28338
E01033870,26042
E01033872,15024.6
E01033874,21252.2
E01033875,17438.7
E01033876,23173.4
E01033882,14664.9
E01033883,16761.4
E01033885,15170.5
E01003911,15378.5
E01003914,11929.9
E01003915,13922
E01003917,13390.1
E01003922,16421.4
E01003930,21132.8
E01003942,15728.7
E01003952,15568.2
E01003955,11951.2
E01003956,14484.8
E01003960,11444.4
E01003976,18483.3
E01003977,13271.5
E01003979,14170.6
E01003980,10273.3
E01003999,13193.7
E01004010,11732.7
E01004013,12858.5
E01004014,17743.7
E01004021,11938
E01004023,13090.4
E01004030,13112.3
E01004032,9363.1
E01004034,9810.3
E01004037,11874.6
E01004042,11779.4
E01004043,10368.5
E01004047,32648.2
E01004051,7412.3
E01004060,17167.7
E01004066,12468.4
E01032584,19101.4
E01032646,16908.1
E01033871,12238.5
E01033877,18051.9
E01033878,14906.2
E01033879,18515.1
E01003916,12687
E01003918,15161.3
E01003920,19378.6
E01003932,17857.7
E01003947,9706.5
E01003957,9609
E01003961,14141.1
E01003990,12547.2
E01003994,13131.2
E01004001,8260.9
E01004011,14134.6
E01004012,13442.4
E01004028,17700
E01004039,13271
E01004040,16297.6
E01004049,9422.7
E01004054,9382.6
E01004055,5556.1
E01033873,14453.3
E01003913,13768.1
E01003939,36555.8
E01003966,16542.2
E01003981,55010.5
E01003983,13222.5
E01004035,5786.9
E01004041,15429.7
E01004046,9444.8
E01004050,6468
E01004058,9603.2
E01033868,21751.3
E01033884,32485.8
E01003921,15393.6
E01003935,17012.7
E01003986,8032.2
E01003987,10830.3
E01004002,4604.2
E01004005,14069
E01004006,9914.1
E01004020,7548.5
E01004029,14735.9
E01004038,10721.6
E01032583,21197.4
E01033869,16406.8
E01003984,10766.9
E01004053,11508.7
E01004067,12006.9
E01033880,6140.9
E01003919,11602.1
E01003933,11194
E01003953,11731.6
E01004004,12086.7
E01004068,9888
E01004059,5719.3
E01004056,10960
E01033867,20583.9
E01004033,15448.9
E01003934,19465.7
E01004063,10688.3
E01004064,9890.1
E01003949,6987.7
E01003950,6259.2
E01004000,10283.4
E01004018,6309.7
E01004074,5538.3
E01004017,3907.8
E01004072,6986.2
E01003969,7476.2
E01004073,8600.8
E01033881,6323.5
E01003989,9347.5
E01004057,7982
E01004048,4740.2
E01004016,3957.6
E01004061,7860.2
E01003929,21239.4
E01003948,5973.8
E01003988,6847.3
E01004015,2987.2
E01004052,9310.9
E01004062,14335.5
E01004031,7534
E01004070,6404.4
E01004075,2941.1
E01004069,1586.9
E01003946,4633.2
E01003945,1783
E01003951,1895.4
E01004089,10303.3
E01004126,8702.4
E01004124,8144.7
E01004128,31591.6
E01004140,11845.7
E01004143,10219.8
E01004082,5964.7
E01004133,6391.6
E01004155,8918.5
E01004182,10346
E01004174,7339.6
E01004169,9240.9
E01034154,7681.4
E01004098,4847.9
E01004117,4335
E01004151,8555.8
E01004172,8801.1
E01004173,5212.2
E01004187,7393.8
E01004190,4280.8
E01004196,6226
E01004090,6136
E01004096,7628.7
E01004125,8449.9
E01004132,6386
E01004183,6538.5
E01004191,7170.8
E01004149,5392.5
E01004141,11070.5
E01034153,6898.9
E01034155,15370.7
E01034156,18292.5
E01004080,4962.8
E01004107,5452.3
E01004121,7298.6
E01004127,7504.9
E01004139,8020.7
E01004148,7373.4
E01004150,10917
E01004162,9235.1
E01004163,6252.3
E01004170,8826.1
E01004122,4832.2
E01004135,4223.3
E01004194,7628.1
E01004175,5057.6
E01004167,8218.4
E01004164,5615.2
E01004157,4132.3
E01004081,7926
E01004138,8963.9
E01004154,3828.1
E01004158,5872.5
E01004166,5725.3
E01004103,8752.8
E01004115,7107.1
E01004134,7287.7
E01004136,5387.2
E01004160,5983.2
E01004168,5476
E01004177,8277.9
E01004189,4937.5
E01004195,6821.4
E01004077,5276.5
E01004079,3322.9
E01004083,4924.7
E01004101,5000
E01004104,4000.5
E01004129,5935
E01004131,7142.9
E01004146,7342.4
E01004159,4078
E01004165,6340.4
E01004102,3865.2
E01004119,4749.8
E01004145,3960.3
E01004176,7653.6
E01004179,6357.7
E01004184,4627.1
E01004118,8165.1
E01004178,11965.2
E01004099,4176.5
E01004100,4944.5
E01004120,4094.5
E01004161,3606.9
E01004156,8696.5
E01004094,6115.1
E01004137,11001.3
E01004153,9623.8
E01004186,4680.9
E01004078,4874.5
E01004087,3465.4
E01004116,4115.5
E01004123,4860
E01004147,5259.9
E01004091,9219.5
E01004097,4763
E01004088,3542.3
E01004105,4447.3
E01004109,2030.1
E01004111,3133.4
E01004144,3577.4
E01004192,4059.5
E01004193,6334.5
E01004093,4124.1
E01004095,4532.9
E01004110,7372
E01004130,3954.1
E01004152,8422.9
E01004171,4041.3
E01004181,5562.7
E01004185,4230.5
E01004112,3066.4
E01004180,3130.7
E01004092,2851.4
E01004106,1952.6
E01004084,2497.5
E01004086,3927.7
E01004114,1024.2
E01004085,1774.2
E01032623,2046.7
E01004076,1430.1
E01004108,443.2
E01004198,16073.7
E01004199,20101.4
E01004200,23240.4
E01004202,19563.3
E01004204,19739.6
E01004207,19081.6
E01004209,14701.5
E01004212,25353.1
E01004214,19896.3
E01032767,25800.4
E01004326,23436.8
E01004324,18713.9
E01004323,21824.6
E01004316,28119.7
E01004311,19304.2
E01004310,26699.3
E01004308,17407
E01004305,21030.7
E01004304,22412.5
E01004302,29818.9
E01004300,22222.2
E01004298,17704
E01004295,20061.5
E01004287,21868.4
E01004275,16460
E01004272,26276.4
E01004268,36885.9
E01004266,16041.4
E01004264,19013.2
E01004263,14576.7
E01004260,16880.7
E01004258,13618.4
E01004255,16304.6
E01004251,17690.5
E01004247,19714.3
E01004244,16480
E01004243,13113.2
E01004240,15824.7
E01004237,20061.3
E01004236,13957.1
E01004235,25793.5
E01004233,21612.5
E01004231,17162.5
E01004230,11880.9
E01004229,14725.7
E01004226,24967.7
E01032768,16351.9
E01032770,42151
E01032772,26474.2
E01032776,23005.1
E01032779,40339
E01032784,21298.3
E01032785,28544
E01032786,23344.8
E01035658,11970.2
E01035660,16499.1
E01035661,25528.1
E01035662,30138.4
E01035663,13640.1
E01035666,28126.1
E01035669,18707
E01035671,31642
E01035672,21300.7
E01035673,40807.2
E01035674,14358.7
E01035675,23298.5
E01035677,21542.9
E01035680,20035.5
E01035682,22504.3
E01035683,23988.1
E01035684,25876.3
E01035685,25155.6
E01035686,31377.7
E01035687,29262.9
E01035688,65370.4
E01035689,31657.4
E01035690,27207.9
E01035692,20949.2
E01035693,16793.2
E01035695,17069.6
E01035698,76451.6
E01035699,68972
E01035700,74172.2
E01035701,47500
E01035703,24124
E01035704,76029.4
E01035706,15956.7
E01004201,11286.6
E01004206,15812.7
E01004232,9037.8
E01004239,16413.9
E01004257,15743.8
E01004271,21501.6
E01004274,19705.5
E01004276,21430.3
E01004283,12288.4
E01004288,17801.6
E01004289,16285.7
E01004296,16940.7
E01004301,15268.9
E01004312,19784.2
E01004313,25060.8
E01004319,25300.7
E01032769,13205.1
E01032775,28550.7
E01032777,25505.6
E01032782,29674.5
E01032787,19274.3
E01035667,14033.4
E01035678,20339.8
E01035681,17215.4
E01035697,15481.1
E01004205,16291.6
E01004245,11769.4
E01004315,16977
E01004306,19786.5
E01004292,10373.1
E01004291,16337.4
E01004290,21414.6
E01004281,12464.2
E01004256,14284.7
E01004241,12611.3
E01004222,17496.4
E01004216,16183
E01004211,11184
E01032765,17975.3
E01032781,29758.8
E01035664,18198.6
E01035665,10900.4
E01035676,13203.2
E01035679,13028.1
E01035694,20225.3
E01035696,14711.3
E01004259,20450.1
E01004267,9900.4
E01004297,15153.3
E01004322,75966.1
E01032774,9451.2
E01035659,10823.6
E01035668,11443.3
E01004248,16355.9
E01004286,14634.6
E01004228,13317.6
E01004219,13413.5
E01004203,19638.8
E01032783,13154.7
E01035657,5526.8
E01004321,27476
E01035691,16103.6
E01004280,13798.1
E01004307,26301.8
E01035670,18939
E01035705,12425.1
E01004249,11391.6
E01004208,17954.3
E01004221,14842.3
E01004309,26506.3
E01004218,11586.5
E01004270,7672.1
E01032771,41975.5
E01032780,9580
E01004217,5329.5
E01004293,9811.7
E01004303,12283.4
E01035702,6734.9
E01004234,3973.1
E01004223,3126.3
E01004277,19469.2
E01032764,8347.2
E01004460,12316.5
E01004449,9254.8
E01004447,11876.9
E01004446,17037.9
E01004443,14898.9
E01004442,10469.6
E01004411,14596.8
E01004396,14573.2
E01004376,13005.5
E01004373,15400.2
E01004372,13458.4
E01004371,12341.6
E01004365,20042
E01004339,13794.4
E01004338,16622.8
E01004337,12355.5
E01004334,15056
E01004333,14128.3
E01004331,12372.9
E01004330,13546.7
E01034486,16392.1
E01034487,17852.9
E01034488,17077.6
E01004327,12256.4
E01004328,15736.4
E01004329,13083.5
E01004332,13249.3
E01004346,8265.8
E01004368,14282.7
E01004369,14602
E01004374,11679.6
E01004375,13387.5
E01004382,12415.5
E01004407,15422.6
E01004408,12378.9
E01004428,10372.9
E01004459,12054.1
E01004463,12207.5
E01004465,12156.5
E01004466,11320.2
E01034485,13315.5
E01004370,14514
E01004462,15472.1
E01004471,11855.1
E01004470,13965.4
E01004464,13972
E01004441,10053.5
E01004439,9832.9
E01004435,12070.5
E01004432,9312
E01004425,13368.4
E01004423,13794.2
E01004421,13663.8
E01004420,13276.3
E01004405,12062.4
E01004397,14247.6
E01004394,13737.5
E01004378,7720.4
E01004367,11348.8
E01004335,12268.6
E01004393,11396.2
E01004404,15262.1
E01004406,12256.6
E01004414,5978
E01004426,11763.8
E01004437,9498.3
E01004458,13636.4
E01004345,9739.3
E01004347,8439.1
E01004454,8026.5
E01004456,6966.4
E01004388,6781.8
E01004383,5923.3
E01004359,6560.4
E01004355,5549.2
E01004336,5850.3
E01004341,12082.5
E01004363,16316.5
E01004418,7738.6
E01004419,8410.7
E01004451,7293.5
E01004457,13643.8
E01004343,5698.1
E01004357,4527.4
E01004400,9090.9
E01004402,8210.1
E01004415,5149.8
E01004444,12785.1
E01004445,10799.5
E01004452,8537.3
E01004358,6586.2
E01004360,4725.7
E01004413,4557.1
E01004340,6067.6
E01004348,11618.4
E01004379,11300.2
E01004384,7225.7
E01004412,10564.7
E01004436,6635.2
E01004361,5329.8
E01004430,6310.3
E01004438,9802.2
E01004440,9179.7
E01004387,4499.8
E01004424,10004.6
E01004453,5123
E01004469,7390.5
E01004342,7289.9
E01004389,3898.7
E01004392,12329.7
E01004450,4255
E01004350,5726.1
E01004354,7402.6
E01004364,11197.2
E01004366,5895.1
E01004390,4006.8
E01004398,3925.1
E01004403,6217.6
E01004417,6502.5
E01004434,6182
E01004427,4390.8
E01004409,11150.2
E01004386,3600.3
E01004410,9546.4
E01004455,5257.1
E01004344,4372.4
E01004448,3531.9
E01004351,3347.1
E01004353,2593.1
E01004385,2545.9
E01004467,10684.9
E01004429,4507.1
E01004399,2055
E01004377,1736
E01004380,3499.3
E01004381,8169.4
E01004356,3154.8
E01004416,3623.8
E01004468,2451.6
E01004349,2093
E01004395,931.3
E01004362,1741.5
E01004401,2722.2
E01004422,2937.1
E01004352,1359.3
E01004391,2694.2
E01004490,11323.9
E01004512,12031.3
E01004513,13608.9
E01004531,16693.6
E01004532,13580.9
E01004535,19647.5
E01004538,17080
E01004541,15574.3
E01004542,10932.5
E01004580,17610.7
E01004596,13375.7
E01004599,12779.8
E01004611,12559.1
E01004627,13108.7
E01004633,15253.6
E01004637,7949.3
E01004587,17043.6
E01004586,17729.4
E01004584,26124
E01004577,13939.7
E01004566,14994.7
E01004565,15771.4
E01004557,17403
E01004546,13842.8
E01004544,13651.4
E01004539,13720.6
E01004527,14711.2
E01004521,13497.9
E01004518,12452.5
E01004488,10732.8
E01004487,11863.1
E01004481,14888
E01004480,18187.6
E01004478,15031.8
E01004475,12316.5
E01033100,16777.6
E01033135,11192.8
E01035488,19686.3
E01035489,25289.1
E01035492,29422.4
E01035494,26454.7
E01035495,27980.1
E01035497,21452.4
E01004473,14319.9
E01004482,10886.1
E01004485,13101
E01004491,10302
E01004494,14416.9
E01004495,12792.9
E01004498,13828.5
E01004508,14861.7
E01004516,8381.7
E01004520,10580
E01004522,12527.8
E01004530,10978.7
E01004540,14278.5
E01004549,12380.2
E01004550,11694.4
E01004555,12112.8
E01004556,16556.2
E01004567,15647.2
E01004570,13650.3
E01004579,15732.5
E01004588,15113.5
E01004589,16945.3
E01004591,15814.5
E01004598,13426.8
E01004608,15873.2
E01004612,12433.6
E01004614,12039.4
E01004616,13960.3
E01004618,11604.1
E01004620,13787.3
E01004631,10253.6
E01004634,10170.5
E01004640,8935
E01004643,10262
E01004645,11654
E01035499,11911.9
E01004497,9059.9
E01004515,13511.5
E01004536,12929.1
E01004592,14530.3
E01004594,10327.1
E01004597,11725.1
E01004606,15661.6
E01004607,10142.9
E01004628,11976.3
E01004630,11723.8
E01004585,13724.9
E01004582,16448.7
E01004563,12619.7
E01004559,7598.9
E01004524,11247.2
E01004472,11945.1
E01033133,18039.9
E01035493,12595.2
E01004479,10048.5
E01004489,6479
E01004501,7639.6
E01004502,10056.3
E01004505,6782.1
E01004525,18681
E01004528,11947.8
E01004529,14351
E01004533,13942.9
E01004545,15265.7
E01004551,11309.2
E01004571,11933.1
E01004602,12046.3
E01004623,9664.7
E01004635,10735.3
E01004641,7461.5
E01004613,17547.2
E01004590,11042.7
E01004547,10534.9
E01035491,7191.6
E01004504,6075.1
E01004511,10774.5
E01004514,12149
E01004581,14872.9
E01004622,10884.4
E01004632,4253.2
E01004553,7764.4
E01004526,16486.5
E01004503,7277.8
E01004506,11737.6
E01004537,13998.3
E01004548,11977.1
E01004552,24146.3
E01004583,12453.6
E01004636,7932.2
E01033099,15794
E01004493,13921.1
E01004500,11388
E01004519,10412.4
E01004574,7829
E01004593,9483
E01004615,7997.8
E01004629,6489.1
E01004543,8196.6
E01004477,7689.7
E01035498,7003.8
E01004474,19871.4
E01004476,10400.6
E01004496,12302
E01004517,12519.8
E01004610,5707.3
E01004625,4670.4
E01004642,7804.5
E01004644,6381.7
E01004486,4339.8
E01004499,10929.9
E01004510,10481.9
E01004534,7112.8
E01004568,7550.9
E01004601,7157.4
E01004639,7175.2
E01033098,5794
E01004484,4097.8
E01004523,4524.9
E01004605,8447.7
E01035496,12140.4
E01004492,7803.9
E01033132,13994.7
E01004507,12573.2
E01004558,8409.9
E01004595,8652.7
E01004609,17151.2
E01004626,6227.9
E01004638,4800.7
E01004564,8091.6
E01004569,7639.9
E01004554,3513.2
E01004624,3734.8
E01004575,3443.7
E01004576,4753.3
E01004617,27582.9
E01004572,1896
E01004604,3826.3
E01004621,3847.5
E01004483,3934.4
E01004619,2326.2
E01035490,9953.7
E01004560,2631.8
E01004573,961.5
E01004651,18360
E01004652,34680.9
E01004653,20726.9
E01004674,19043.3
E01004676,19756.7
E01004677,21603.4
E01004693,15422.3
E01004694,16552.7
E01004695,24039.1
E01004696,17811.1
E01004698,14235.3
E01004699,19794.2
E01004700,23721.7
E01004701,17891.4
E01004705,18272.3
E01004710,15089.2
E01004711,22848.1
E01004719,16157
E01004722,27267.1
E01004728,16915.9
E01004729,21867.8
E01004754,21879.5
E01004756,20942.8
E01004757,12330.1
E01004760,19636.9
E01032513,19137
E01004753,25439.2
E01004752,30529.2
E01004748,24833.9
E01004746,25308.6
E01004743,30571.4
E01004742,25781.6
E01004741,22522.2
E01004740,24877
E01004737,14306.9
E01004732,32106
E01004724,26096.7
E01004686,23990.5
E01004684,18551.8
E01004680,14029.9
E01004670,29265.9
E01004668,21672.7
E01004665,26359.8
E01004660,27738.6
E01004659,28028
E01033593,22413.4
E01033597,22658.7
E01033599,18115.5
E01033601,31727.9
E01033602,25955.2
E01033603,30241
E01033605,21696.1
E01035715,21189.7
E01004654,23113.4
E01004656,11731.7
E01004675,22175.4
E01004678,19044.9
E01004679,24300.7
E01004682,23394
E01004683,11039.3
E01004697,21588.4
E01004707,13754.8
E01004708,18029.6
E01004709,18412.2
E01004715,33794.4
E01004718,20730.7
E01004723,19615.4
E01004744,21497.2
E01004747,22465.4
E01004749,22897.6
E01004751,20803.8
E01033598,27777.8
E01033604,20984.7
E01035717,15634.1
E01004702,17772.4
E01004706,9390.7
E01004712,23755
E01004657,17334.9
E01035719,21980.6
E01004647,8053.3
E01004681,17286.7
E01004703,9884.5
E01004720,16105
E01004721,14813.2
E01004755,25056.5
E01004663,19417.5
E01035720,13276.8
E01035722,17242.2
E01004692,9741.9
E01004717,30933.1
E01004726,13787.7
E01004662,16104.9
E01004661,25282.6
E01004658,27994.1
E01035721,15168.3
E01004649,13071.8
E01004650,9920.5
E01004669,21013.9
E01004716,18286.7
E01004750,18863.7
E01004646,7819.4
E01033594,43569.7
E01032512,14824.5
E01004648,10243.1
E01004713,35411.2
E01004714,36962.9
E01004765,43938.8
E01004725,6621.5
E01004687,9433
E01004690,9792.6
E01004691,9613.1
E01004730,3713.9
E01004762,19358.8
E01004734,33334.4
E01004763,35745.9
E01004735,23567.1
E01004733,27379.3
E01004761,24796.2
E01004727,2155.7
E01035716,37822.5
E01004731,14911.9
E01004736,14806.8
E01035718,2372.2
